# Blender 4.0.2
# www.blender.org
mtllib perspective room.mtl
o Cube.002
v 3.736763 0.080989 1.007549
v 3.783002 0.126502 0.961310
v 3.736763 0.080989 -0.992451
v 3.783002 0.126502 -0.946212
v 5.736763 0.080989 1.007549
v 5.690524 0.126502 0.961310
v 5.736763 0.080989 -0.992451
v 5.690524 0.126502 -0.946212
v 3.736763 0.126502 1.007549
v 3.736763 0.126502 -0.992451
v 5.736763 0.126502 -0.992451
v 5.736763 0.126502 1.007549
v 3.783002 0.509013 0.961310
v 3.783002 0.509013 -0.946212
v 5.690524 0.509013 -0.946212
v 5.690524 0.509013 0.961310
v 9.666306 0.066689 1.000000
v 9.712544 0.112202 0.953761
v 9.666306 0.066689 -1.000000
v 9.712544 0.112202 -0.953761
v 11.666306 0.066689 1.000000
v 11.620067 0.112202 0.953761
v 11.666306 0.066689 -1.000000
v 11.620067 0.112202 -0.953761
v 9.666306 0.112202 1.000000
v 9.666306 0.112202 -1.000000
v 11.666306 0.112202 -1.000000
v 11.666306 0.112202 1.000000
v 9.712544 0.494713 0.953761
v 9.712544 0.494713 -0.953761
v 11.620067 0.494713 -0.953761
v 11.620067 0.494713 0.953761
v 9.666306 0.066689 -0.999696
v 9.712544 0.112202 -1.045935
v 9.666306 0.066689 -2.999696
v 9.712544 0.112202 -2.953457
v 11.666306 0.066689 -0.999696
v 11.620067 0.112202 -1.045935
v 11.666306 0.066689 -2.999696
v 11.620067 0.112202 -2.953457
v 9.666306 0.112202 -0.999696
v 9.666306 0.112202 -2.999696
v 11.666306 0.112202 -2.999696
v 11.666306 0.112202 -0.999696
v 9.712544 0.494713 -1.045935
v 9.712544 0.494713 -2.953457
v 11.620067 0.494713 -2.953457
v 11.620067 0.494713 -1.045935
v 7.690480 0.080989 1.007549
v 7.736719 0.126502 0.961310
v 7.690480 0.080989 -0.992451
v 7.736719 0.126502 -0.946212
v 9.690479 0.080989 1.007549
v 9.644241 0.126502 0.961310
v 9.690479 0.080989 -0.992451
v 9.644241 0.126502 -0.946212
v 7.690480 0.126502 1.007549
v 7.690480 0.126502 -0.992451
v 9.690479 0.126502 -0.992451
v 9.690479 0.126502 1.007549
v 7.736719 0.509013 0.961310
v 7.736719 0.509013 -0.946212
v 9.644241 0.509013 -0.946212
v 9.644241 0.509013 0.961310
v 7.690480 0.080989 -0.992147
v 7.736719 0.126502 -1.038386
v 7.690480 0.080989 -2.992147
v 7.736719 0.126502 -2.945908
v 9.690479 0.080989 -0.992147
v 9.644241 0.126502 -1.038386
v 9.690479 0.080989 -2.992147
v 9.644241 0.126502 -2.945908
v 7.690480 0.126502 -0.992147
v 7.690480 0.126502 -2.992147
v 9.690479 0.126502 -2.992147
v 9.690479 0.126502 -0.992147
v 7.736719 0.509013 -1.038386
v 7.736719 0.509013 -2.945908
v 9.644241 0.509013 -2.945908
v 9.644241 0.509013 -1.038386
v 9.666306 0.066689 -2.992617
v 9.712544 0.112202 -3.038856
v 9.666306 0.066689 -4.992617
v 9.712544 0.112202 -4.946378
v 11.666306 0.066689 -2.992617
v 11.620067 0.112202 -3.038856
v 11.666306 0.066689 -4.992617
v 11.620067 0.112202 -4.946378
v 9.666306 0.112202 -2.992617
v 9.666306 0.112202 -4.992617
v 11.666306 0.112202 -4.992617
v 11.666306 0.112202 -2.992617
v 9.712544 0.494713 -3.038856
v 9.712544 0.494713 -4.946378
v 11.620067 0.494713 -4.946378
v 11.620067 0.494713 -3.038856
v 9.666306 0.066689 -4.992313
v 9.712544 0.112202 -5.038552
v 9.666306 0.066689 -6.992313
v 9.712544 0.112202 -6.946074
v 11.666306 0.066689 -4.992313
v 11.620067 0.112202 -5.038552
v 11.666306 0.066689 -6.992313
v 11.620067 0.112202 -6.946074
v 9.666306 0.112202 -4.992313
v 9.666306 0.112202 -6.992313
v 11.666306 0.112202 -6.992313
v 11.666306 0.112202 -4.992313
v 9.712544 0.494713 -5.038552
v 9.712544 0.494713 -6.946074
v 11.620067 0.494713 -6.946074
v 11.620067 0.494713 -5.038552
v 7.690480 0.080989 -2.985068
v 7.736719 0.126502 -3.031307
v 7.690480 0.080989 -4.985068
v 7.736719 0.126502 -4.938829
v 9.690479 0.080989 -2.985068
v 9.644241 0.126502 -3.031307
v 9.690479 0.080989 -4.985068
v 9.644241 0.126502 -4.938829
v 7.690480 0.126502 -2.985068
v 7.690480 0.126502 -4.985068
v 9.690479 0.126502 -4.985068
v 9.690479 0.126502 -2.985068
v 7.736719 0.509013 -3.031307
v 7.736719 0.509013 -4.938829
v 9.644241 0.509013 -4.938829
v 9.644241 0.509013 -3.031307
v 7.690480 0.080989 -4.984764
v 7.736719 0.126502 -5.031003
v 7.690480 0.080989 -6.984764
v 7.736719 0.126502 -6.938525
v 9.690479 0.080989 -4.984764
v 9.644241 0.126502 -5.031003
v 9.690479 0.080989 -6.984764
v 9.644241 0.126502 -6.938525
v 7.690480 0.126502 -4.984764
v 7.690480 0.126502 -6.984764
v 9.690479 0.126502 -6.984764
v 9.690479 0.126502 -4.984764
v 7.736719 0.509013 -5.031003
v 7.736719 0.509013 -6.938525
v 9.644241 0.509013 -6.938525
v 9.644241 0.509013 -5.031003
v 5.712589 0.066689 1.000000
v 5.758828 0.112202 0.953761
v 5.712589 0.066689 -1.000000
v 5.758828 0.112202 -0.953761
v 7.712589 0.066689 1.000000
v 7.666350 0.112202 0.953761
v 7.712589 0.066689 -1.000000
v 7.666350 0.112202 -0.953761
v 5.712589 0.112202 1.000000
v 5.712589 0.112202 -1.000000
v 7.712589 0.112202 -1.000000
v 7.712589 0.112202 1.000000
v 5.758828 0.494713 0.953761
v 5.758828 0.494713 -0.953761
v 7.666350 0.494713 -0.953761
v 7.666350 0.494713 0.953761
v 5.712589 0.066689 -0.999696
v 5.758828 0.112202 -1.045935
v 5.712589 0.066689 -2.999696
v 5.758828 0.112202 -2.953457
v 7.712589 0.066689 -0.999696
v 7.666350 0.112202 -1.045935
v 7.712589 0.066689 -2.999696
v 7.666350 0.112202 -2.953457
v 5.712589 0.112202 -0.999696
v 5.712589 0.112202 -2.999696
v 7.712589 0.112202 -2.999696
v 7.712589 0.112202 -0.999696
v 5.758828 0.494713 -1.045935
v 5.758828 0.494713 -2.953457
v 7.666350 0.494713 -2.953457
v 7.666350 0.494713 -1.045935
v 3.736763 0.080989 -0.992147
v 3.783002 0.126502 -1.038386
v 3.736763 0.080989 -2.992147
v 3.783002 0.126502 -2.945908
v 5.736763 0.080989 -0.992147
v 5.690524 0.126502 -1.038386
v 5.736763 0.080989 -2.992147
v 5.690524 0.126502 -2.945908
v 3.736763 0.126502 -0.992147
v 3.736763 0.126502 -2.992147
v 5.736763 0.126502 -2.992147
v 5.736763 0.126502 -0.992147
v 3.783002 0.509013 -1.038386
v 3.783002 0.509013 -2.945908
v 5.690524 0.509013 -2.945908
v 5.690524 0.509013 -1.038386
v 5.712589 0.066689 -2.992617
v 5.758828 0.112202 -3.038856
v 5.712589 0.066689 -4.992617
v 5.758828 0.112202 -4.946378
v 7.712589 0.066689 -2.992617
v 7.666350 0.112202 -3.038856
v 7.712589 0.066689 -4.992617
v 7.666350 0.112202 -4.946378
v 5.712589 0.112202 -2.992617
v 5.712589 0.112202 -4.992617
v 7.712589 0.112202 -4.992617
v 7.712589 0.112202 -2.992617
v 5.758828 0.494713 -3.038856
v 5.758828 0.494713 -4.946378
v 7.666350 0.494713 -4.946378
v 7.666350 0.494713 -3.038856
v 5.712589 0.066689 -4.992313
v 5.758828 0.112202 -5.038552
v 5.712589 0.066689 -6.992313
v 5.758828 0.112202 -6.946074
v 7.712589 0.066689 -4.992313
v 7.666350 0.112202 -5.038552
v 7.712589 0.066689 -6.992313
v 7.666350 0.112202 -6.946074
v 5.712589 0.112202 -4.992313
v 5.712589 0.112202 -6.992313
v 7.712589 0.112202 -6.992313
v 7.712589 0.112202 -4.992313
v 5.758828 0.494713 -5.038552
v 5.758828 0.494713 -6.946074
v 7.666350 0.494713 -6.946074
v 7.666350 0.494713 -5.038552
v 3.736763 0.080989 -2.985068
v 3.783002 0.126502 -3.031307
v 3.736763 0.080989 -4.985068
v 3.783002 0.126502 -4.938829
v 5.736763 0.080989 -2.985068
v 5.690524 0.126502 -3.031307
v 5.736763 0.080989 -4.985068
v 5.690524 0.126502 -4.938829
v 3.736763 0.126502 -2.985068
v 3.736763 0.126502 -4.985068
v 5.736763 0.126502 -4.985068
v 5.736763 0.126502 -2.985068
v 3.783002 0.509013 -3.031307
v 3.783002 0.509013 -4.938829
v 5.690524 0.509013 -4.938829
v 5.690524 0.509013 -3.031307
v 3.736763 0.080989 -4.984764
v 3.783002 0.126502 -5.031003
v 3.736763 0.080989 -6.984764
v 3.783002 0.126502 -6.938525
v 5.736763 0.080989 -4.984764
v 5.690524 0.126502 -5.031003
v 5.736763 0.080989 -6.984764
v 5.690524 0.126502 -6.938525
v 3.736763 0.126502 -4.984764
v 3.736763 0.126502 -6.984764
v 5.736763 0.126502 -6.984764
v 5.736763 0.126502 -4.984764
v 3.783002 0.509013 -5.031003
v 3.783002 0.509013 -6.938525
v 5.690524 0.509013 -6.938525
v 5.690524 0.509013 -5.031003
v 1.736723 0.080989 1.007549
v 1.782963 0.126502 0.961310
v 1.736723 0.080989 -0.992451
v 1.782963 0.126502 -0.946212
v 3.736723 0.080989 1.007549
v 3.690484 0.126502 0.961310
v 3.736723 0.080989 -0.992451
v 3.690484 0.126502 -0.946212
v 1.736723 0.126502 1.007549
v 1.736723 0.126502 -0.992451
v 3.736723 0.126502 -0.992451
v 3.736723 0.126502 1.007549
v 1.782963 0.509013 0.961310
v 1.782963 0.509013 -0.946212
v 3.690484 0.509013 -0.946212
v 3.690484 0.509013 0.961310
v 1.736723 0.080989 -0.992147
v 1.782963 0.126502 -1.038386
v 1.736723 0.080989 -2.992147
v 1.782963 0.126502 -2.945908
v 3.736723 0.080989 -0.992147
v 3.690484 0.126502 -1.038386
v 3.736723 0.080989 -2.992147
v 3.690484 0.126502 -2.945908
v 1.736723 0.126502 -0.992147
v 1.736723 0.126502 -2.992147
v 3.736723 0.126502 -2.992147
v 3.736723 0.126502 -0.992147
v 1.782963 0.509013 -1.038386
v 1.782963 0.509013 -2.945908
v 3.690484 0.509013 -2.945908
v 3.690484 0.509013 -1.038386
v 1.736723 0.080989 -2.985068
v 1.782963 0.126502 -3.031307
v 1.736723 0.080989 -4.985068
v 1.782963 0.126502 -4.938829
v 3.736723 0.080989 -2.985068
v 3.690484 0.126502 -3.031307
v 3.736723 0.080989 -4.985068
v 3.690484 0.126502 -4.938829
v 1.736723 0.126502 -2.985068
v 1.736723 0.126502 -4.985068
v 3.736723 0.126502 -4.985068
v 3.736723 0.126502 -2.985068
v 1.782963 0.509013 -3.031307
v 1.782963 0.509013 -4.938829
v 3.690484 0.509013 -4.938829
v 3.690484 0.509013 -3.031307
v 1.736723 0.080989 -4.984764
v 1.782963 0.126502 -5.031003
v 1.736723 0.080989 -6.984764
v 1.782963 0.126502 -6.938525
v 3.736723 0.080989 -4.984764
v 3.690484 0.126502 -5.031003
v 3.736723 0.080989 -6.984764
v 3.690484 0.126502 -6.938525
v 1.736723 0.126502 -4.984764
v 1.736723 0.126502 -6.984764
v 3.736723 0.126502 -6.984764
v 3.736723 0.126502 -4.984764
v 1.782963 0.509013 -5.031003
v 1.782963 0.509013 -6.938525
v 3.690484 0.509013 -6.938525
v 3.690484 0.509013 -5.031003
v 9.666306 0.066689 -6.987966
v 9.712544 0.112202 -7.034204
v 9.666306 0.066689 -8.987965
v 9.712544 0.112202 -8.941726
v 11.666306 0.066689 -6.987966
v 11.620067 0.112202 -7.034204
v 11.666306 0.066689 -8.987965
v 11.620067 0.112202 -8.941726
v 9.666306 0.112202 -6.987966
v 9.666306 0.112202 -8.987965
v 11.666306 0.112202 -8.987965
v 11.666306 0.112202 -6.987966
v 9.712544 0.494713 -7.034204
v 9.712544 0.494713 -8.941726
v 11.620067 0.494713 -8.941726
v 11.620067 0.494713 -7.034204
v 7.690480 0.080989 -6.980417
v 7.736719 0.126502 -7.026656
v 7.690480 0.080989 -8.980416
v 7.736719 0.126502 -8.934177
v 9.690479 0.080989 -6.980417
v 9.644241 0.126502 -7.026656
v 9.690479 0.080989 -8.980416
v 9.644241 0.126502 -8.934177
v 7.690480 0.126502 -6.980417
v 7.690480 0.126502 -8.980416
v 9.690479 0.126502 -8.980416
v 9.690479 0.126502 -6.980417
v 7.736719 0.509013 -7.026656
v 7.736719 0.509013 -8.934177
v 9.644241 0.509013 -8.934177
v 9.644241 0.509013 -7.026656
v 5.712589 0.066689 -6.987966
v 5.758828 0.112202 -7.034204
v 5.712589 0.066689 -8.987965
v 5.758828 0.112202 -8.941726
v 7.712589 0.066689 -6.987966
v 7.666350 0.112202 -7.034204
v 7.712589 0.066689 -8.987965
v 7.666350 0.112202 -8.941726
v 5.712589 0.112202 -6.987966
v 5.712589 0.112202 -8.987965
v 7.712589 0.112202 -8.987965
v 7.712589 0.112202 -6.987966
v 5.758828 0.494713 -7.034204
v 5.758828 0.494713 -8.941726
v 7.666350 0.494713 -8.941726
v 7.666350 0.494713 -7.034204
v 3.736763 0.080989 -6.980417
v 3.783002 0.126502 -7.026656
v 3.736763 0.080989 -8.980416
v 3.783002 0.126502 -8.934177
v 5.736763 0.080989 -6.980417
v 5.690524 0.126502 -7.026656
v 5.736763 0.080989 -8.980416
v 5.690524 0.126502 -8.934177
v 3.736763 0.126502 -6.980417
v 3.736763 0.126502 -8.980416
v 5.736763 0.126502 -8.980416
v 5.736763 0.126502 -6.980417
v 3.783002 0.509013 -7.026656
v 3.783002 0.509013 -8.934177
v 5.690524 0.509013 -8.934177
v 5.690524 0.509013 -7.026656
v 1.736723 0.080989 -6.980417
v 1.782963 0.126502 -7.026656
v 1.736723 0.080989 -8.980416
v 1.782963 0.126502 -8.934177
v 3.736723 0.080989 -6.980417
v 3.690484 0.126502 -7.026656
v 3.736723 0.080989 -8.980416
v 3.690484 0.126502 -8.934177
v 1.736723 0.126502 -6.980417
v 1.736723 0.126502 -8.980416
v 3.736723 0.126502 -8.980416
v 3.736723 0.126502 -6.980417
v 1.782963 0.509013 -7.026656
v 1.782963 0.509013 -8.934177
v 3.690484 0.509013 -8.934177
v 3.690484 0.509013 -7.026656
v -6.195332 0.080989 1.007549
v -6.149093 0.126502 0.961310
v -6.195332 0.080989 -0.992451
v -6.149093 0.126502 -0.946212
v -4.195332 0.080989 1.007549
v -4.241570 0.126502 0.961310
v -4.195332 0.080989 -0.992451
v -4.241570 0.126502 -0.946212
v -6.195332 0.126502 1.007549
v -6.195332 0.126502 -0.992451
v -4.195332 0.126502 -0.992451
v -4.195332 0.126502 1.007549
v -6.149093 0.509013 0.961310
v -6.149093 0.509013 -0.946212
v -4.241570 0.509013 -0.946212
v -4.241570 0.509013 0.961310
v -0.265789 0.066689 1.000000
v -0.219550 0.112202 0.953761
v -0.265789 0.066689 -1.000000
v -0.219550 0.112202 -0.953761
v 1.734211 0.066689 1.000000
v 1.687972 0.112202 0.953761
v 1.734211 0.066689 -1.000000
v 1.687972 0.112202 -0.953761
v -0.265789 0.112202 1.000000
v -0.265789 0.112202 -1.000000
v 1.734211 0.112202 -1.000000
v 1.734211 0.112202 1.000000
v -0.219550 0.494713 0.953761
v -0.219550 0.494713 -0.953761
v 1.687972 0.494713 -0.953761
v 1.687972 0.494713 0.953761
v -0.265789 0.066689 -0.999696
v -0.219550 0.112202 -1.045935
v -0.265789 0.066689 -2.999696
v -0.219550 0.112202 -2.953457
v 1.734211 0.066689 -0.999696
v 1.687972 0.112202 -1.045935
v 1.734211 0.066689 -2.999696
v 1.687972 0.112202 -2.953457
v -0.265789 0.112202 -0.999696
v -0.265789 0.112202 -2.999696
v 1.734211 0.112202 -2.999696
v 1.734211 0.112202 -0.999696
v -0.219550 0.494713 -1.045935
v -0.219550 0.494713 -2.953457
v 1.687972 0.494713 -2.953457
v 1.687972 0.494713 -1.045935
v -2.241615 0.080989 1.007549
v -2.195375 0.126502 0.961310
v -2.241615 0.080989 -0.992451
v -2.195375 0.126502 -0.946212
v -0.241615 0.080989 1.007549
v -0.287854 0.126502 0.961310
v -0.241615 0.080989 -0.992451
v -0.287854 0.126502 -0.946212
v -2.241615 0.126502 1.007549
v -2.241615 0.126502 -0.992451
v -0.241615 0.126502 -0.992451
v -0.241615 0.126502 1.007549
v -2.195375 0.509013 0.961310
v -2.195375 0.509013 -0.946212
v -0.287854 0.509013 -0.946212
v -0.287854 0.509013 0.961310
v -2.241615 0.080989 -0.992147
v -2.195375 0.126502 -1.038386
v -2.241615 0.080989 -2.992147
v -2.195375 0.126502 -2.945908
v -0.241615 0.080989 -0.992147
v -0.287854 0.126502 -1.038386
v -0.241615 0.080989 -2.992147
v -0.287854 0.126502 -2.945908
v -2.241615 0.126502 -0.992147
v -2.241615 0.126502 -2.992147
v -0.241615 0.126502 -2.992147
v -0.241615 0.126502 -0.992147
v -2.195375 0.509013 -1.038386
v -2.195375 0.509013 -2.945908
v -0.287854 0.509013 -2.945908
v -0.287854 0.509013 -1.038386
v -0.265789 0.066689 -2.992617
v -0.219550 0.112202 -3.038856
v -0.265789 0.066689 -4.992617
v -0.219550 0.112202 -4.946378
v 1.734211 0.066689 -2.992617
v 1.687972 0.112202 -3.038856
v 1.734211 0.066689 -4.992617
v 1.687972 0.112202 -4.946378
v -0.265789 0.112202 -2.992617
v -0.265789 0.112202 -4.992617
v 1.734211 0.112202 -4.992617
v 1.734211 0.112202 -2.992617
v -0.219550 0.494713 -3.038856
v -0.219550 0.494713 -4.946378
v 1.687972 0.494713 -4.946378
v 1.687972 0.494713 -3.038856
v -0.265789 0.066689 -4.992313
v -0.219550 0.112202 -5.038552
v -0.265789 0.066689 -6.992313
v -0.219550 0.112202 -6.946074
v 1.734211 0.066689 -4.992313
v 1.687972 0.112202 -5.038552
v 1.734211 0.066689 -6.992313
v 1.687972 0.112202 -6.946074
v -0.265789 0.112202 -4.992313
v -0.265789 0.112202 -6.992313
v 1.734211 0.112202 -6.992313
v 1.734211 0.112202 -4.992313
v -0.219550 0.494713 -5.038552
v -0.219550 0.494713 -6.946074
v 1.687972 0.494713 -6.946074
v 1.687972 0.494713 -5.038552
v -2.241615 0.080989 -2.985068
v -2.195375 0.126502 -3.031307
v -2.241615 0.080989 -4.985068
v -2.195375 0.126502 -4.938829
v -0.241615 0.080989 -2.985068
v -0.287854 0.126502 -3.031307
v -0.241615 0.080989 -4.985068
v -0.287854 0.126502 -4.938829
v -2.241615 0.126502 -2.985068
v -2.241615 0.126502 -4.985068
v -0.241615 0.126502 -4.985068
v -0.241615 0.126502 -2.985068
v -2.195375 0.509013 -3.031307
v -2.195375 0.509013 -4.938829
v -0.287854 0.509013 -4.938829
v -0.287854 0.509013 -3.031307
v -2.241615 0.080989 -4.984764
v -2.195375 0.126502 -5.031003
v -2.241615 0.080989 -6.984764
v -2.195375 0.126502 -6.938525
v -0.241615 0.080989 -4.984764
v -0.287854 0.126502 -5.031003
v -0.241615 0.080989 -6.984764
v -0.287854 0.126502 -6.938525
v -2.241615 0.126502 -4.984764
v -2.241615 0.126502 -6.984764
v -0.241615 0.126502 -6.984764
v -0.241615 0.126502 -4.984764
v -2.195375 0.509013 -5.031003
v -2.195375 0.509013 -6.938525
v -0.287854 0.509013 -6.938525
v -0.287854 0.509013 -5.031003
v -4.219505 0.066689 1.000000
v -4.173266 0.112202 0.953761
v -4.219505 0.066689 -1.000000
v -4.173266 0.112202 -0.953761
v -2.219505 0.066689 1.000000
v -2.265744 0.112202 0.953761
v -2.219505 0.066689 -1.000000
v -2.265744 0.112202 -0.953761
v -4.219505 0.112202 1.000000
v -4.219505 0.112202 -1.000000
v -2.219505 0.112202 -1.000000
v -2.219505 0.112202 1.000000
v -4.173266 0.494713 0.953761
v -4.173266 0.494713 -0.953761
v -2.265744 0.494713 -0.953761
v -2.265744 0.494713 0.953761
v -4.219505 0.066689 -0.999696
v -4.173266 0.112202 -1.045935
v -4.219505 0.066689 -2.999696
v -4.173266 0.112202 -2.953457
v -2.219505 0.066689 -0.999696
v -2.265744 0.112202 -1.045935
v -2.219505 0.066689 -2.999696
v -2.265744 0.112202 -2.953457
v -4.219505 0.112202 -0.999696
v -4.219505 0.112202 -2.999696
v -2.219505 0.112202 -2.999696
v -2.219505 0.112202 -0.999696
v -4.173266 0.494713 -1.045935
v -4.173266 0.494713 -2.953457
v -2.265744 0.494713 -2.953457
v -2.265744 0.494713 -1.045935
v -6.195332 0.080989 -0.992147
v -6.149093 0.126502 -1.038386
v -6.195332 0.080989 -2.992147
v -6.149093 0.126502 -2.945908
v -4.195332 0.080989 -0.992147
v -4.241570 0.126502 -1.038386
v -4.195332 0.080989 -2.992147
v -4.241570 0.126502 -2.945908
v -6.195332 0.126502 -0.992147
v -6.195332 0.126502 -2.992147
v -4.195332 0.126502 -2.992147
v -4.195332 0.126502 -0.992147
v -6.149093 0.509013 -1.038386
v -6.149093 0.509013 -2.945908
v -4.241570 0.509013 -2.945908
v -4.241570 0.509013 -1.038386
v -4.219505 0.066689 -2.992617
v -4.173266 0.112202 -3.038856
v -4.219505 0.066689 -4.992617
v -4.173266 0.112202 -4.946378
v -2.219505 0.066689 -2.992617
v -2.265744 0.112202 -3.038856
v -2.219505 0.066689 -4.992617
v -2.265744 0.112202 -4.946378
v -4.219505 0.112202 -2.992617
v -4.219505 0.112202 -4.992617
v -2.219505 0.112202 -4.992617
v -2.219505 0.112202 -2.992617
v -4.173266 0.494713 -3.038856
v -4.173266 0.494713 -4.946378
v -2.265744 0.494713 -4.946378
v -2.265744 0.494713 -3.038856
v -4.219505 0.066689 -4.992313
v -4.173266 0.112202 -5.038552
v -4.219505 0.066689 -6.992313
v -4.173266 0.112202 -6.946074
v -2.219505 0.066689 -4.992313
v -2.265744 0.112202 -5.038552
v -2.219505 0.066689 -6.992313
v -2.265744 0.112202 -6.946074
v -4.219505 0.112202 -4.992313
v -4.219505 0.112202 -6.992313
v -2.219505 0.112202 -6.992313
v -2.219505 0.112202 -4.992313
v -4.173266 0.494713 -5.038552
v -4.173266 0.494713 -6.946074
v -2.265744 0.494713 -6.946074
v -2.265744 0.494713 -5.038552
v -6.195332 0.080989 -2.985068
v -6.149093 0.126502 -3.031307
v -6.195332 0.080989 -4.985068
v -6.149093 0.126502 -4.938829
v -4.195332 0.080989 -2.985068
v -4.241570 0.126502 -3.031307
v -4.195332 0.080989 -4.985068
v -4.241570 0.126502 -4.938829
v -6.195332 0.126502 -2.985068
v -6.195332 0.126502 -4.985068
v -4.195332 0.126502 -4.985068
v -4.195332 0.126502 -2.985068
v -6.149093 0.509013 -3.031307
v -6.149093 0.509013 -4.938829
v -4.241570 0.509013 -4.938829
v -4.241570 0.509013 -3.031307
v -6.195332 0.080989 -4.984764
v -6.149093 0.126502 -5.031003
v -6.195332 0.080989 -6.984764
v -6.149093 0.126502 -6.938525
v -4.195332 0.080989 -4.984764
v -4.241570 0.126502 -5.031003
v -4.195332 0.080989 -6.984764
v -4.241570 0.126502 -6.938525
v -6.195332 0.126502 -4.984764
v -6.195332 0.126502 -6.984764
v -4.195332 0.126502 -6.984764
v -4.195332 0.126502 -4.984764
v -6.149093 0.509013 -5.031003
v -6.149093 0.509013 -6.938525
v -4.241570 0.509013 -6.938525
v -4.241570 0.509013 -5.031003
v -8.195372 0.080989 1.007549
v -8.149132 0.126502 0.961310
v -8.195372 0.080989 -0.992451
v -8.149132 0.126502 -0.946212
v -6.195372 0.080989 1.007549
v -6.241611 0.126502 0.961310
v -6.195372 0.080989 -0.992451
v -6.241611 0.126502 -0.946212
v -8.195372 0.126502 1.007549
v -8.195372 0.126502 -0.992451
v -6.195372 0.126502 -0.992451
v -6.195372 0.126502 1.007549
v -8.149132 0.509013 0.961310
v -8.149132 0.509013 -0.946212
v -6.241611 0.509013 -0.946212
v -6.241611 0.509013 0.961310
v -8.195372 0.080989 -0.992147
v -8.149132 0.126502 -1.038386
v -8.195372 0.080989 -2.992147
v -8.149132 0.126502 -2.945908
v -6.195372 0.080989 -0.992147
v -6.241611 0.126502 -1.038386
v -6.195372 0.080989 -2.992147
v -6.241611 0.126502 -2.945908
v -8.195372 0.126502 -0.992147
v -8.195372 0.126502 -2.992147
v -6.195372 0.126502 -2.992147
v -6.195372 0.126502 -0.992147
v -8.149132 0.509013 -1.038386
v -8.149132 0.509013 -2.945908
v -6.241611 0.509013 -2.945908
v -6.241611 0.509013 -1.038386
v -8.195372 0.080989 -2.985068
v -8.149132 0.126502 -3.031307
v -8.195372 0.080989 -4.985068
v -8.149132 0.126502 -4.938829
v -6.195372 0.080989 -2.985068
v -6.241611 0.126502 -3.031307
v -6.195372 0.080989 -4.985068
v -6.241611 0.126502 -4.938829
v -8.195372 0.126502 -2.985068
v -8.195372 0.126502 -4.985068
v -6.195372 0.126502 -4.985068
v -6.195372 0.126502 -2.985068
v -8.149132 0.509013 -3.031307
v -8.149132 0.509013 -4.938829
v -6.241611 0.509013 -4.938829
v -6.241611 0.509013 -3.031307
v -8.195372 0.080989 -4.984764
v -8.149132 0.126502 -5.031003
v -8.195372 0.080989 -6.984764
v -8.149132 0.126502 -6.938525
v -6.195372 0.080989 -4.984764
v -6.241611 0.126502 -5.031003
v -6.195372 0.080989 -6.984764
v -6.241611 0.126502 -6.938525
v -8.195372 0.126502 -4.984764
v -8.195372 0.126502 -6.984764
v -6.195372 0.126502 -6.984764
v -6.195372 0.126502 -4.984764
v -8.149132 0.509013 -5.031003
v -8.149132 0.509013 -6.938525
v -6.241611 0.509013 -6.938525
v -6.241611 0.509013 -5.031003
v -0.265789 0.066689 -6.987966
v -0.219550 0.112202 -7.034204
v -0.265789 0.066689 -8.987965
v -0.219550 0.112202 -8.941726
v 1.734211 0.066689 -6.987966
v 1.687972 0.112202 -7.034204
v 1.734211 0.066689 -8.987965
v 1.687972 0.112202 -8.941726
v -0.265789 0.112202 -6.987966
v -0.265789 0.112202 -8.987965
v 1.734211 0.112202 -8.987965
v 1.734211 0.112202 -6.987966
v -0.219550 0.494713 -7.034204
v -0.219550 0.494713 -8.941726
v 1.687972 0.494713 -8.941726
v 1.687972 0.494713 -7.034204
v -2.241615 0.080989 -6.980417
v -2.195375 0.126502 -7.026656
v -2.241615 0.080989 -8.980416
v -2.195375 0.126502 -8.934177
v -0.241615 0.080989 -6.980417
v -0.287854 0.126502 -7.026656
v -0.241615 0.080989 -8.980416
v -0.287854 0.126502 -8.934177
v -2.241615 0.126502 -6.980417
v -2.241615 0.126502 -8.980416
v -0.241615 0.126502 -8.980416
v -0.241615 0.126502 -6.980417
v -2.195375 0.509013 -7.026656
v -2.195375 0.509013 -8.934177
v -0.287854 0.509013 -8.934177
v -0.287854 0.509013 -7.026656
v -4.219505 0.066689 -6.987966
v -4.173266 0.112202 -7.034204
v -4.219505 0.066689 -8.987965
v -4.173266 0.112202 -8.941726
v -2.219505 0.066689 -6.987966
v -2.265744 0.112202 -7.034204
v -2.219505 0.066689 -8.987965
v -2.265744 0.112202 -8.941726
v -4.219505 0.112202 -6.987966
v -4.219505 0.112202 -8.987965
v -2.219505 0.112202 -8.987965
v -2.219505 0.112202 -6.987966
v -4.173266 0.494713 -7.034204
v -4.173266 0.494713 -8.941726
v -2.265744 0.494713 -8.941726
v -2.265744 0.494713 -7.034204
v -6.195332 0.080989 -6.980417
v -6.149093 0.126502 -7.026656
v -6.195332 0.080989 -8.980416
v -6.149093 0.126502 -8.934177
v -4.195332 0.080989 -6.980417
v -4.241570 0.126502 -7.026656
v -4.195332 0.080989 -8.980416
v -4.241570 0.126502 -8.934177
v -6.195332 0.126502 -6.980417
v -6.195332 0.126502 -8.980416
v -4.195332 0.126502 -8.980416
v -4.195332 0.126502 -6.980417
v -6.149093 0.509013 -7.026656
v -6.149093 0.509013 -8.934177
v -4.241570 0.509013 -8.934177
v -4.241570 0.509013 -7.026656
v -8.195372 0.080989 -6.980417
v -8.149132 0.126502 -7.026656
v -8.195372 0.080989 -8.980416
v -8.149132 0.126502 -8.934177
v -6.195372 0.080989 -6.980417
v -6.241611 0.126502 -7.026656
v -6.195372 0.080989 -8.980416
v -6.241611 0.126502 -8.934177
v -8.195372 0.126502 -6.980417
v -8.195372 0.126502 -8.980416
v -6.195372 0.126502 -8.980416
v -6.195372 0.126502 -6.980417
v -8.149132 0.509013 -7.026656
v -8.149132 0.509013 -8.934177
v -6.241611 0.509013 -8.934177
v -6.241611 0.509013 -7.026656
v -6.195332 0.080989 -8.995779
v -6.149093 0.126502 -9.042018
v -6.195332 0.080989 -10.995779
v -6.149093 0.126502 -10.949540
v -4.195332 0.080989 -8.995779
v -4.241570 0.126502 -9.042018
v -4.195332 0.080989 -10.995779
v -4.241570 0.126502 -10.949540
v -6.195332 0.126502 -8.995779
v -6.195332 0.126502 -10.995779
v -4.195332 0.126502 -10.995779
v -4.195332 0.126502 -8.995779
v -6.149093 0.509013 -9.042018
v -6.149093 0.509013 -10.949540
v -4.241570 0.509013 -10.949540
v -4.241570 0.509013 -9.042018
v -0.265789 0.066689 -9.003328
v -0.219550 0.112202 -9.049567
v -0.265789 0.066689 -11.003328
v -0.219550 0.112202 -10.957088
v 1.734211 0.066689 -9.003328
v 1.687972 0.112202 -9.049567
v 1.734211 0.066689 -11.003328
v 1.687972 0.112202 -10.957088
v -0.265789 0.112202 -9.003328
v -0.265789 0.112202 -11.003328
v 1.734211 0.112202 -11.003328
v 1.734211 0.112202 -9.003328
v -0.219550 0.494713 -9.049567
v -0.219550 0.494713 -10.957088
v 1.687972 0.494713 -10.957088
v 1.687972 0.494713 -9.049567
v -0.265789 0.066689 -11.003024
v -0.219550 0.112202 -11.049263
v -0.265789 0.066689 -13.003024
v -0.219550 0.112202 -12.956785
v 1.734211 0.066689 -11.003024
v 1.687972 0.112202 -11.049263
v 1.734211 0.066689 -13.003024
v 1.687972 0.112202 -12.956785
v -0.265789 0.112202 -11.003024
v -0.265789 0.112202 -13.003024
v 1.734211 0.112202 -13.003024
v 1.734211 0.112202 -11.003024
v -0.219550 0.494713 -11.049263
v -0.219550 0.494713 -12.956785
v 1.687972 0.494713 -12.956785
v 1.687972 0.494713 -11.049263
v -2.241615 0.080989 -8.995779
v -2.195375 0.126502 -9.042018
v -2.241615 0.080989 -10.995779
v -2.195375 0.126502 -10.949540
v -0.241615 0.080989 -8.995779
v -0.287854 0.126502 -9.042018
v -0.241615 0.080989 -10.995779
v -0.287854 0.126502 -10.949540
v -2.241615 0.126502 -8.995779
v -2.241615 0.126502 -10.995779
v -0.241615 0.126502 -10.995779
v -0.241615 0.126502 -8.995779
v -2.195375 0.509013 -9.042018
v -2.195375 0.509013 -10.949540
v -0.287854 0.509013 -10.949540
v -0.287854 0.509013 -9.042018
v -2.241615 0.080989 -10.995475
v -2.195375 0.126502 -11.041714
v -2.241615 0.080989 -12.995475
v -2.195375 0.126502 -12.949236
v -0.241615 0.080989 -10.995475
v -0.287854 0.126502 -11.041714
v -0.241615 0.080989 -12.995475
v -0.287854 0.126502 -12.949236
v -2.241615 0.126502 -10.995475
v -2.241615 0.126502 -12.995475
v -0.241615 0.126502 -12.995475
v -0.241615 0.126502 -10.995475
v -2.195375 0.509013 -11.041714
v -2.195375 0.509013 -12.949236
v -0.287854 0.509013 -12.949236
v -0.287854 0.509013 -11.041714
v -0.265789 0.066689 -12.995945
v -0.219550 0.112202 -13.042184
v -0.265789 0.066689 -14.995945
v -0.219550 0.112202 -14.949706
v 1.734211 0.066689 -12.995945
v 1.687972 0.112202 -13.042184
v 1.734211 0.066689 -14.995945
v 1.687972 0.112202 -14.949706
v -0.265789 0.112202 -12.995945
v -0.265789 0.112202 -14.995945
v 1.734211 0.112202 -14.995945
v 1.734211 0.112202 -12.995945
v -0.219550 0.494713 -13.042184
v -0.219550 0.494713 -14.949706
v 1.687972 0.494713 -14.949706
v 1.687972 0.494713 -13.042184
v -0.265789 0.066689 -14.995641
v -0.219550 0.112202 -15.041880
v -0.265789 0.066689 -16.995640
v -0.219550 0.112202 -16.949402
v 1.734211 0.066689 -14.995641
v 1.687972 0.112202 -15.041880
v 1.734211 0.066689 -16.995640
v 1.687972 0.112202 -16.949402
v -0.265789 0.112202 -14.995641
v -0.265789 0.112202 -16.995640
v 1.734211 0.112202 -16.995640
v 1.734211 0.112202 -14.995641
v -0.219550 0.494713 -15.041880
v -0.219550 0.494713 -16.949402
v 1.687972 0.494713 -16.949402
v 1.687972 0.494713 -15.041880
v -2.241615 0.080989 -12.988396
v -2.195375 0.126502 -13.034636
v -2.241615 0.080989 -14.988396
v -2.195375 0.126502 -14.942157
v -0.241615 0.080989 -12.988396
v -0.287854 0.126502 -13.034636
v -0.241615 0.080989 -14.988396
v -0.287854 0.126502 -14.942157
v -2.241615 0.126502 -12.988396
v -2.241615 0.126502 -14.988396
v -0.241615 0.126502 -14.988396
v -0.241615 0.126502 -12.988396
v -2.195375 0.509013 -13.034636
v -2.195375 0.509013 -14.942157
v -0.287854 0.509013 -14.942157
v -0.287854 0.509013 -13.034636
v -2.241615 0.080989 -14.988092
v -2.195375 0.126502 -15.034330
v -2.241615 0.080989 -16.988092
v -2.195375 0.126502 -16.941853
v -0.241615 0.080989 -14.988092
v -0.287854 0.126502 -15.034330
v -0.241615 0.080989 -16.988092
v -0.287854 0.126502 -16.941853
v -2.241615 0.126502 -14.988092
v -2.241615 0.126502 -16.988092
v -0.241615 0.126502 -16.988092
v -0.241615 0.126502 -14.988092
v -2.195375 0.509013 -15.034330
v -2.195375 0.509013 -16.941853
v -0.287854 0.509013 -16.941853
v -0.287854 0.509013 -15.034330
v -4.219505 0.066689 -9.003328
v -4.173266 0.112202 -9.049567
v -4.219505 0.066689 -11.003328
v -4.173266 0.112202 -10.957088
v -2.219505 0.066689 -9.003328
v -2.265744 0.112202 -9.049567
v -2.219505 0.066689 -11.003328
v -2.265744 0.112202 -10.957088
v -4.219505 0.112202 -9.003328
v -4.219505 0.112202 -11.003328
v -2.219505 0.112202 -11.003328
v -2.219505 0.112202 -9.003328
v -4.173266 0.494713 -9.049567
v -4.173266 0.494713 -10.957088
v -2.265744 0.494713 -10.957088
v -2.265744 0.494713 -9.049567
v -4.219505 0.066689 -11.003024
v -4.173266 0.112202 -11.049263
v -4.219505 0.066689 -13.003024
v -4.173266 0.112202 -12.956785
v -2.219505 0.066689 -11.003024
v -2.265744 0.112202 -11.049263
v -2.219505 0.066689 -13.003024
v -2.265744 0.112202 -12.956785
v -4.219505 0.112202 -11.003024
v -4.219505 0.112202 -13.003024
v -2.219505 0.112202 -13.003024
v -2.219505 0.112202 -11.003024
v -4.173266 0.494713 -11.049263
v -4.173266 0.494713 -12.956785
v -2.265744 0.494713 -12.956785
v -2.265744 0.494713 -11.049263
v -6.195332 0.080989 -10.995475
v -6.149093 0.126502 -11.041714
v -6.195332 0.080989 -12.995475
v -6.149093 0.126502 -12.949236
v -4.195332 0.080989 -10.995475
v -4.241570 0.126502 -11.041714
v -4.195332 0.080989 -12.995475
v -4.241570 0.126502 -12.949236
v -6.195332 0.126502 -10.995475
v -6.195332 0.126502 -12.995475
v -4.195332 0.126502 -12.995475
v -4.195332 0.126502 -10.995475
v -6.149093 0.509013 -11.041714
v -6.149093 0.509013 -12.949236
v -4.241570 0.509013 -12.949236
v -4.241570 0.509013 -11.041714
v -4.219505 0.066689 -12.995945
v -4.173266 0.112202 -13.042184
v -4.219505 0.066689 -14.995945
v -4.173266 0.112202 -14.949706
v -2.219505 0.066689 -12.995945
v -2.265744 0.112202 -13.042184
v -2.219505 0.066689 -14.995945
v -2.265744 0.112202 -14.949706
v -4.219505 0.112202 -12.995945
v -4.219505 0.112202 -14.995945
v -2.219505 0.112202 -14.995945
v -2.219505 0.112202 -12.995945
v -4.173266 0.494713 -13.042184
v -4.173266 0.494713 -14.949706
v -2.265744 0.494713 -14.949706
v -2.265744 0.494713 -13.042184
v -4.219505 0.066689 -14.995641
v -4.173266 0.112202 -15.041880
v -4.219505 0.066689 -16.995640
v -4.173266 0.112202 -16.949402
v -2.219505 0.066689 -14.995641
v -2.265744 0.112202 -15.041880
v -2.219505 0.066689 -16.995640
v -2.265744 0.112202 -16.949402
v -4.219505 0.112202 -14.995641
v -4.219505 0.112202 -16.995640
v -2.219505 0.112202 -16.995640
v -2.219505 0.112202 -14.995641
v -4.173266 0.494713 -15.041880
v -4.173266 0.494713 -16.949402
v -2.265744 0.494713 -16.949402
v -2.265744 0.494713 -15.041880
v -6.195332 0.080989 -12.988396
v -6.149093 0.126502 -13.034636
v -6.195332 0.080989 -14.988396
v -6.149093 0.126502 -14.942157
v -4.195332 0.080989 -12.988396
v -4.241570 0.126502 -13.034636
v -4.195332 0.080989 -14.988396
v -4.241570 0.126502 -14.942157
v -6.195332 0.126502 -12.988396
v -6.195332 0.126502 -14.988396
v -4.195332 0.126502 -14.988396
v -4.195332 0.126502 -12.988396
v -6.149093 0.509013 -13.034636
v -6.149093 0.509013 -14.942157
v -4.241570 0.509013 -14.942157
v -4.241570 0.509013 -13.034636
v -6.195332 0.080989 -14.988092
v -6.149093 0.126502 -15.034330
v -6.195332 0.080989 -16.988092
v -6.149093 0.126502 -16.941853
v -4.195332 0.080989 -14.988092
v -4.241570 0.126502 -15.034330
v -4.195332 0.080989 -16.988092
v -4.241570 0.126502 -16.941853
v -6.195332 0.126502 -14.988092
v -6.195332 0.126502 -16.988092
v -4.195332 0.126502 -16.988092
v -4.195332 0.126502 -14.988092
v -6.149093 0.509013 -15.034330
v -6.149093 0.509013 -16.941853
v -4.241570 0.509013 -16.941853
v -4.241570 0.509013 -15.034330
v -8.195372 0.080989 -8.995779
v -8.149132 0.126502 -9.042018
v -8.195372 0.080989 -10.995779
v -8.149132 0.126502 -10.949540
v -6.195372 0.080989 -8.995779
v -6.241611 0.126502 -9.042018
v -6.195372 0.080989 -10.995779
v -6.241611 0.126502 -10.949540
v -8.195372 0.126502 -8.995779
v -8.195372 0.126502 -10.995779
v -6.195372 0.126502 -10.995779
v -6.195372 0.126502 -8.995779
v -8.149132 0.509013 -9.042018
v -8.149132 0.509013 -10.949540
v -6.241611 0.509013 -10.949540
v -6.241611 0.509013 -9.042018
v -8.195372 0.080989 -10.995475
v -8.149132 0.126502 -11.041714
v -8.195372 0.080989 -12.995475
v -8.149132 0.126502 -12.949236
v -6.195372 0.080989 -10.995475
v -6.241611 0.126502 -11.041714
v -6.195372 0.080989 -12.995475
v -6.241611 0.126502 -12.949236
v -8.195372 0.126502 -10.995475
v -8.195372 0.126502 -12.995475
v -6.195372 0.126502 -12.995475
v -6.195372 0.126502 -10.995475
v -8.149132 0.509013 -11.041714
v -8.149132 0.509013 -12.949236
v -6.241611 0.509013 -12.949236
v -6.241611 0.509013 -11.041714
v -8.195372 0.080989 -12.988396
v -8.149132 0.126502 -13.034636
v -8.195372 0.080989 -14.988396
v -8.149132 0.126502 -14.942157
v -6.195372 0.080989 -12.988396
v -6.241611 0.126502 -13.034636
v -6.195372 0.080989 -14.988396
v -6.241611 0.126502 -14.942157
v -8.195372 0.126502 -12.988396
v -8.195372 0.126502 -14.988396
v -6.195372 0.126502 -14.988396
v -6.195372 0.126502 -12.988396
v -8.149132 0.509013 -13.034636
v -8.149132 0.509013 -14.942157
v -6.241611 0.509013 -14.942157
v -6.241611 0.509013 -13.034636
v -8.195372 0.080989 -14.988092
v -8.149132 0.126502 -15.034330
v -8.195372 0.080989 -16.988092
v -8.149132 0.126502 -16.941853
v -6.195372 0.080989 -14.988092
v -6.241611 0.126502 -15.034330
v -6.195372 0.080989 -16.988092
v -6.241611 0.126502 -16.941853
v -8.195372 0.126502 -14.988092
v -8.195372 0.126502 -16.988092
v -6.195372 0.126502 -16.988092
v -6.195372 0.126502 -14.988092
v -8.149132 0.509013 -15.034330
v -8.149132 0.509013 -16.941853
v -6.241611 0.509013 -16.941853
v -6.241611 0.509013 -15.034330
v -0.265789 0.066689 -16.991293
v -0.219550 0.112202 -17.037533
v -0.265789 0.066689 -18.991293
v -0.219550 0.112202 -18.945053
v 1.734211 0.066689 -16.991293
v 1.687972 0.112202 -17.037533
v 1.734211 0.066689 -18.991293
v 1.687972 0.112202 -18.945053
v -0.265789 0.112202 -16.991293
v -0.265789 0.112202 -18.991293
v 1.734211 0.112202 -18.991293
v 1.734211 0.112202 -16.991293
v -0.219550 0.494713 -17.037533
v -0.219550 0.494713 -18.945053
v 1.687972 0.494713 -18.945053
v 1.687972 0.494713 -17.037533
v -2.241615 0.080989 -16.983746
v -2.195375 0.126502 -17.029984
v -2.241615 0.080989 -18.983746
v -2.195375 0.126502 -18.937506
v -0.241615 0.080989 -16.983746
v -0.287854 0.126502 -17.029984
v -0.241615 0.080989 -18.983746
v -0.287854 0.126502 -18.937506
v -2.241615 0.126502 -16.983746
v -2.241615 0.126502 -18.983746
v -0.241615 0.126502 -18.983746
v -0.241615 0.126502 -16.983746
v -2.195375 0.509013 -17.029984
v -2.195375 0.509013 -18.937506
v -0.287854 0.509013 -18.937506
v -0.287854 0.509013 -17.029984
v -4.219505 0.066689 -16.991293
v -4.173266 0.112202 -17.037533
v -4.219505 0.066689 -18.991293
v -4.173266 0.112202 -18.945053
v -2.219505 0.066689 -16.991293
v -2.265744 0.112202 -17.037533
v -2.219505 0.066689 -18.991293
v -2.265744 0.112202 -18.945053
v -4.219505 0.112202 -16.991293
v -4.219505 0.112202 -18.991293
v -2.219505 0.112202 -18.991293
v -2.219505 0.112202 -16.991293
v -4.173266 0.494713 -17.037533
v -4.173266 0.494713 -18.945053
v -2.265744 0.494713 -18.945053
v -2.265744 0.494713 -17.037533
v -6.195332 0.080989 -16.983746
v -6.149093 0.126502 -17.029984
v -6.195332 0.080989 -18.983746
v -6.149093 0.126502 -18.937506
v -4.195332 0.080989 -16.983746
v -4.241570 0.126502 -17.029984
v -4.195332 0.080989 -18.983746
v -4.241570 0.126502 -18.937506
v -6.195332 0.126502 -16.983746
v -6.195332 0.126502 -18.983746
v -4.195332 0.126502 -18.983746
v -4.195332 0.126502 -16.983746
v -6.149093 0.509013 -17.029984
v -6.149093 0.509013 -18.937506
v -4.241570 0.509013 -18.937506
v -4.241570 0.509013 -17.029984
v -8.195372 0.080989 -16.983746
v -8.149132 0.126502 -17.029984
v -8.195372 0.080989 -18.983746
v -8.149132 0.126502 -18.937506
v -6.195372 0.080989 -16.983746
v -6.241611 0.126502 -17.029984
v -6.195372 0.080989 -18.983746
v -6.241611 0.126502 -18.937506
v -8.195372 0.126502 -16.983746
v -8.195372 0.126502 -18.983746
v -6.195372 0.126502 -18.983746
v -6.195372 0.126502 -16.983746
v -8.149132 0.509013 -17.029984
v -8.149132 0.509013 -18.937506
v -6.241611 0.509013 -18.937506
v -6.241611 0.509013 -17.029984
v 3.736763 0.080989 -8.995779
v 3.783002 0.126502 -9.042018
v 3.736763 0.080989 -10.995779
v 3.783002 0.126502 -10.949540
v 5.736763 0.080989 -8.995779
v 5.690524 0.126502 -9.042018
v 5.736763 0.080989 -10.995779
v 5.690524 0.126502 -10.949540
v 3.736763 0.126502 -8.995779
v 3.736763 0.126502 -10.995779
v 5.736763 0.126502 -10.995779
v 5.736763 0.126502 -8.995779
v 3.783002 0.509013 -9.042018
v 3.783002 0.509013 -10.949540
v 5.690524 0.509013 -10.949540
v 5.690524 0.509013 -9.042018
v 9.666306 0.066689 -9.003328
v 9.712544 0.112202 -9.049567
v 9.666306 0.066689 -11.003328
v 9.712544 0.112202 -10.957088
v 11.666306 0.066689 -9.003328
v 11.620067 0.112202 -9.049567
v 11.666306 0.066689 -11.003328
v 11.620067 0.112202 -10.957088
v 9.666306 0.112202 -9.003328
v 9.666306 0.112202 -11.003328
v 11.666306 0.112202 -11.003328
v 11.666306 0.112202 -9.003328
v 9.712544 0.494713 -9.049567
v 9.712544 0.494713 -10.957088
v 11.620067 0.494713 -10.957088
v 11.620067 0.494713 -9.049567
v 9.666306 0.066689 -11.003024
v 9.712544 0.112202 -11.049263
v 9.666306 0.066689 -13.003024
v 9.712544 0.112202 -12.956785
v 11.666306 0.066689 -11.003024
v 11.620067 0.112202 -11.049263
v 11.666306 0.066689 -13.003024
v 11.620067 0.112202 -12.956785
v 9.666306 0.112202 -11.003024
v 9.666306 0.112202 -13.003024
v 11.666306 0.112202 -13.003024
v 11.666306 0.112202 -11.003024
v 9.712544 0.494713 -11.049263
v 9.712544 0.494713 -12.956785
v 11.620067 0.494713 -12.956785
v 11.620067 0.494713 -11.049263
v 7.690480 0.080989 -8.995779
v 7.736719 0.126502 -9.042018
v 7.690480 0.080989 -10.995779
v 7.736719 0.126502 -10.949540
v 9.690479 0.080989 -8.995779
v 9.644241 0.126502 -9.042018
v 9.690479 0.080989 -10.995779
v 9.644241 0.126502 -10.949540
v 7.690480 0.126502 -8.995779
v 7.690480 0.126502 -10.995779
v 9.690479 0.126502 -10.995779
v 9.690479 0.126502 -8.995779
v 7.736719 0.509013 -9.042018
v 7.736719 0.509013 -10.949540
v 9.644241 0.509013 -10.949540
v 9.644241 0.509013 -9.042018
v 7.690480 0.080989 -10.995475
v 7.736719 0.126502 -11.041714
v 7.690480 0.080989 -12.995475
v 7.736719 0.126502 -12.949236
v 9.690479 0.080989 -10.995475
v 9.644241 0.126502 -11.041714
v 9.690479 0.080989 -12.995475
v 9.644241 0.126502 -12.949236
v 7.690480 0.126502 -10.995475
v 7.690480 0.126502 -12.995475
v 9.690479 0.126502 -12.995475
v 9.690479 0.126502 -10.995475
v 7.736719 0.509013 -11.041714
v 7.736719 0.509013 -12.949236
v 9.644241 0.509013 -12.949236
v 9.644241 0.509013 -11.041714
v 9.666306 0.066689 -12.995945
v 9.712544 0.112202 -13.042184
v 9.666306 0.066689 -14.995945
v 9.712544 0.112202 -14.949706
v 11.666306 0.066689 -12.995945
v 11.620067 0.112202 -13.042184
v 11.666306 0.066689 -14.995945
v 11.620067 0.112202 -14.949706
v 9.666306 0.112202 -12.995945
v 9.666306 0.112202 -14.995945
v 11.666306 0.112202 -14.995945
v 11.666306 0.112202 -12.995945
v 9.712544 0.494713 -13.042184
v 9.712544 0.494713 -14.949706
v 11.620067 0.494713 -14.949706
v 11.620067 0.494713 -13.042184
v 9.666306 0.066689 -14.995641
v 9.712544 0.112202 -15.041880
v 9.666306 0.066689 -16.995640
v 9.712544 0.112202 -16.949402
v 11.666306 0.066689 -14.995641
v 11.620067 0.112202 -15.041880
v 11.666306 0.066689 -16.995640
v 11.620067 0.112202 -16.949402
v 9.666306 0.112202 -14.995641
v 9.666306 0.112202 -16.995640
v 11.666306 0.112202 -16.995640
v 11.666306 0.112202 -14.995641
v 9.712544 0.494713 -15.041880
v 9.712544 0.494713 -16.949402
v 11.620067 0.494713 -16.949402
v 11.620067 0.494713 -15.041880
v 7.690480 0.080989 -12.988396
v 7.736719 0.126502 -13.034636
v 7.690480 0.080989 -14.988396
v 7.736719 0.126502 -14.942157
v 9.690479 0.080989 -12.988396
v 9.644241 0.126502 -13.034636
v 9.690479 0.080989 -14.988396
v 9.644241 0.126502 -14.942157
v 7.690480 0.126502 -12.988396
v 7.690480 0.126502 -14.988396
v 9.690479 0.126502 -14.988396
v 9.690479 0.126502 -12.988396
v 7.736719 0.509013 -13.034636
v 7.736719 0.509013 -14.942157
v 9.644241 0.509013 -14.942157
v 9.644241 0.509013 -13.034636
v 7.690480 0.080989 -14.988092
v 7.736719 0.126502 -15.034330
v 7.690480 0.080989 -16.988092
v 7.736719 0.126502 -16.941853
v 9.690479 0.080989 -14.988092
v 9.644241 0.126502 -15.034330
v 9.690479 0.080989 -16.988092
v 9.644241 0.126502 -16.941853
v 7.690480 0.126502 -14.988092
v 7.690480 0.126502 -16.988092
v 9.690479 0.126502 -16.988092
v 9.690479 0.126502 -14.988092
v 7.736719 0.509013 -15.034330
v 7.736719 0.509013 -16.941853
v 9.644241 0.509013 -16.941853
v 9.644241 0.509013 -15.034330
v 5.712589 0.066689 -9.003328
v 5.758828 0.112202 -9.049567
v 5.712589 0.066689 -11.003328
v 5.758828 0.112202 -10.957088
v 7.712589 0.066689 -9.003328
v 7.666350 0.112202 -9.049567
v 7.712589 0.066689 -11.003328
v 7.666350 0.112202 -10.957088
v 5.712589 0.112202 -9.003328
v 5.712589 0.112202 -11.003328
v 7.712589 0.112202 -11.003328
v 7.712589 0.112202 -9.003328
v 5.758828 0.494713 -9.049567
v 5.758828 0.494713 -10.957088
v 7.666350 0.494713 -10.957088
v 7.666350 0.494713 -9.049567
v 5.712589 0.066689 -11.003024
v 5.758828 0.112202 -11.049263
v 5.712589 0.066689 -13.003024
v 5.758828 0.112202 -12.956785
v 7.712589 0.066689 -11.003024
v 7.666350 0.112202 -11.049263
v 7.712589 0.066689 -13.003024
v 7.666350 0.112202 -12.956785
v 5.712589 0.112202 -11.003024
v 5.712589 0.112202 -13.003024
v 7.712589 0.112202 -13.003024
v 7.712589 0.112202 -11.003024
v 5.758828 0.494713 -11.049263
v 5.758828 0.494713 -12.956785
v 7.666350 0.494713 -12.956785
v 7.666350 0.494713 -11.049263
v 3.736763 0.080989 -10.995475
v 3.783002 0.126502 -11.041714
v 3.736763 0.080989 -12.995475
v 3.783002 0.126502 -12.949236
v 5.736763 0.080989 -10.995475
v 5.690524 0.126502 -11.041714
v 5.736763 0.080989 -12.995475
v 5.690524 0.126502 -12.949236
v 3.736763 0.126502 -10.995475
v 3.736763 0.126502 -12.995475
v 5.736763 0.126502 -12.995475
v 5.736763 0.126502 -10.995475
v 3.783002 0.509013 -11.041714
v 3.783002 0.509013 -12.949236
v 5.690524 0.509013 -12.949236
v 5.690524 0.509013 -11.041714
v 5.712589 0.066689 -12.995945
v 5.758828 0.112202 -13.042184
v 5.712589 0.066689 -14.995945
v 5.758828 0.112202 -14.949706
v 7.712589 0.066689 -12.995945
v 7.666350 0.112202 -13.042184
v 7.712589 0.066689 -14.995945
v 7.666350 0.112202 -14.949706
v 5.712589 0.112202 -12.995945
v 5.712589 0.112202 -14.995945
v 7.712589 0.112202 -14.995945
v 7.712589 0.112202 -12.995945
v 5.758828 0.494713 -13.042184
v 5.758828 0.494713 -14.949706
v 7.666350 0.494713 -14.949706
v 7.666350 0.494713 -13.042184
v 5.712589 0.066689 -14.995641
v 5.758828 0.112202 -15.041880
v 5.712589 0.066689 -16.995640
v 5.758828 0.112202 -16.949402
v 7.712589 0.066689 -14.995641
v 7.666350 0.112202 -15.041880
v 7.712589 0.066689 -16.995640
v 7.666350 0.112202 -16.949402
v 5.712589 0.112202 -14.995641
v 5.712589 0.112202 -16.995640
v 7.712589 0.112202 -16.995640
v 7.712589 0.112202 -14.995641
v 5.758828 0.494713 -15.041880
v 5.758828 0.494713 -16.949402
v 7.666350 0.494713 -16.949402
v 7.666350 0.494713 -15.041880
v 3.736763 0.080989 -12.988396
v 3.783002 0.126502 -13.034636
v 3.736763 0.080989 -14.988396
v 3.783002 0.126502 -14.942157
v 5.736763 0.080989 -12.988396
v 5.690524 0.126502 -13.034636
v 5.736763 0.080989 -14.988396
v 5.690524 0.126502 -14.942157
v 3.736763 0.126502 -12.988396
v 3.736763 0.126502 -14.988396
v 5.736763 0.126502 -14.988396
v 5.736763 0.126502 -12.988396
v 3.783002 0.509013 -13.034636
v 3.783002 0.509013 -14.942157
v 5.690524 0.509013 -14.942157
v 5.690524 0.509013 -13.034636
v 3.736763 0.080989 -14.988092
v 3.783002 0.126502 -15.034330
v 3.736763 0.080989 -16.988092
v 3.783002 0.126502 -16.941853
v 5.736763 0.080989 -14.988092
v 5.690524 0.126502 -15.034330
v 5.736763 0.080989 -16.988092
v 5.690524 0.126502 -16.941853
v 3.736763 0.126502 -14.988092
v 3.736763 0.126502 -16.988092
v 5.736763 0.126502 -16.988092
v 5.736763 0.126502 -14.988092
v 3.783002 0.509013 -15.034330
v 3.783002 0.509013 -16.941853
v 5.690524 0.509013 -16.941853
v 5.690524 0.509013 -15.034330
v 1.736723 0.080989 -8.995779
v 1.782963 0.126502 -9.042018
v 1.736723 0.080989 -10.995779
v 1.782963 0.126502 -10.949540
v 3.736723 0.080989 -8.995779
v 3.690484 0.126502 -9.042018
v 3.736723 0.080989 -10.995779
v 3.690484 0.126502 -10.949540
v 1.736723 0.126502 -8.995779
v 1.736723 0.126502 -10.995779
v 3.736723 0.126502 -10.995779
v 3.736723 0.126502 -8.995779
v 1.782963 0.509013 -9.042018
v 1.782963 0.509013 -10.949540
v 3.690484 0.509013 -10.949540
v 3.690484 0.509013 -9.042018
v 1.736723 0.080989 -10.995475
v 1.782963 0.126502 -11.041714
v 1.736723 0.080989 -12.995475
v 1.782963 0.126502 -12.949236
v 3.736723 0.080989 -10.995475
v 3.690484 0.126502 -11.041714
v 3.736723 0.080989 -12.995475
v 3.690484 0.126502 -12.949236
v 1.736723 0.126502 -10.995475
v 1.736723 0.126502 -12.995475
v 3.736723 0.126502 -12.995475
v 3.736723 0.126502 -10.995475
v 1.782963 0.509013 -11.041714
v 1.782963 0.509013 -12.949236
v 3.690484 0.509013 -12.949236
v 3.690484 0.509013 -11.041714
v 1.736723 0.080989 -12.988396
v 1.782963 0.126502 -13.034636
v 1.736723 0.080989 -14.988396
v 1.782963 0.126502 -14.942157
v 3.736723 0.080989 -12.988396
v 3.690484 0.126502 -13.034636
v 3.736723 0.080989 -14.988396
v 3.690484 0.126502 -14.942157
v 1.736723 0.126502 -12.988396
v 1.736723 0.126502 -14.988396
v 3.736723 0.126502 -14.988396
v 3.736723 0.126502 -12.988396
v 1.782963 0.509013 -13.034636
v 1.782963 0.509013 -14.942157
v 3.690484 0.509013 -14.942157
v 3.690484 0.509013 -13.034636
v 1.736723 0.080989 -14.988092
v 1.782963 0.126502 -15.034330
v 1.736723 0.080989 -16.988092
v 1.782963 0.126502 -16.941853
v 3.736723 0.080989 -14.988092
v 3.690484 0.126502 -15.034330
v 3.736723 0.080989 -16.988092
v 3.690484 0.126502 -16.941853
v 1.736723 0.126502 -14.988092
v 1.736723 0.126502 -16.988092
v 3.736723 0.126502 -16.988092
v 3.736723 0.126502 -14.988092
v 1.782963 0.509013 -15.034330
v 1.782963 0.509013 -16.941853
v 3.690484 0.509013 -16.941853
v 3.690484 0.509013 -15.034330
v 9.666306 0.066689 -16.991293
v 9.712544 0.112202 -17.037533
v 9.666306 0.066689 -18.991293
v 9.712544 0.112202 -18.945053
v 11.666306 0.066689 -16.991293
v 11.620067 0.112202 -17.037533
v 11.666306 0.066689 -18.991293
v 11.620067 0.112202 -18.945053
v 9.666306 0.112202 -16.991293
v 9.666306 0.112202 -18.991293
v 11.666306 0.112202 -18.991293
v 11.666306 0.112202 -16.991293
v 9.712544 0.494713 -17.037533
v 9.712544 0.494713 -18.945053
v 11.620067 0.494713 -18.945053
v 11.620067 0.494713 -17.037533
v 7.690480 0.080989 -16.983746
v 7.736719 0.126502 -17.029984
v 7.690480 0.080989 -18.983746
v 7.736719 0.126502 -18.937506
v 9.690479 0.080989 -16.983746
v 9.644241 0.126502 -17.029984
v 9.690479 0.080989 -18.983746
v 9.644241 0.126502 -18.937506
v 7.690480 0.126502 -16.983746
v 7.690480 0.126502 -18.983746
v 9.690479 0.126502 -18.983746
v 9.690479 0.126502 -16.983746
v 7.736719 0.509013 -17.029984
v 7.736719 0.509013 -18.937506
v 9.644241 0.509013 -18.937506
v 9.644241 0.509013 -17.029984
v 5.712589 0.066689 -16.991293
v 5.758828 0.112202 -17.037533
v 5.712589 0.066689 -18.991293
v 5.758828 0.112202 -18.945053
v 7.712589 0.066689 -16.991293
v 7.666350 0.112202 -17.037533
v 7.712589 0.066689 -18.991293
v 7.666350 0.112202 -18.945053
v 5.712589 0.112202 -16.991293
v 5.712589 0.112202 -18.991293
v 7.712589 0.112202 -18.991293
v 7.712589 0.112202 -16.991293
v 5.758828 0.494713 -17.037533
v 5.758828 0.494713 -18.945053
v 7.666350 0.494713 -18.945053
v 7.666350 0.494713 -17.037533
v 3.736763 0.080989 -16.983746
v 3.783002 0.126502 -17.029984
v 3.736763 0.080989 -18.983746
v 3.783002 0.126502 -18.937506
v 5.736763 0.080989 -16.983746
v 5.690524 0.126502 -17.029984
v 5.736763 0.080989 -18.983746
v 5.690524 0.126502 -18.937506
v 3.736763 0.126502 -16.983746
v 3.736763 0.126502 -18.983746
v 5.736763 0.126502 -18.983746
v 5.736763 0.126502 -16.983746
v 3.783002 0.509013 -17.029984
v 3.783002 0.509013 -18.937506
v 5.690524 0.509013 -18.937506
v 5.690524 0.509013 -17.029984
v 1.736723 0.080989 -16.983746
v 1.782963 0.126502 -17.029984
v 1.736723 0.080989 -18.983746
v 1.782963 0.126502 -18.937506
v 3.736723 0.080989 -16.983746
v 3.690484 0.126502 -17.029984
v 3.736723 0.080989 -18.983746
v 3.690484 0.126502 -18.937506
v 1.736723 0.126502 -16.983746
v 1.736723 0.126502 -18.983746
v 3.736723 0.126502 -18.983746
v 3.736723 0.126502 -16.983746
v 1.782963 0.509013 -17.029984
v 1.782963 0.509013 -18.937506
v 3.690484 0.509013 -18.937506
v 3.690484 0.509013 -17.029984
vn -1.0000 -0.0000 -0.0000
vn -0.0000 -0.0000 -1.0000
vn 1.0000 -0.0000 -0.0000
vn -0.0000 -0.0000 1.0000
vn -0.0000 -1.0000 -0.0000
vn -0.0000 1.0000 -0.0000
vt 0.375000 0.000000
vt 0.625000 0.000000
vt 0.625000 0.250000
vt 0.375000 0.250000
vt 0.625000 0.500000
vt 0.375000 0.500000
vt 0.625000 0.750000
vt 0.375000 0.750000
vt 0.625000 1.000000
vt 0.375000 1.000000
vt 0.125000 0.500000
vt 0.125000 0.750000
vt 0.630780 0.744220
vt 0.630780 0.505780
vt 0.869220 0.744220
vt 0.869220 0.505780
vt 0.875000 0.500000
vt 0.875000 0.750000
s 0
f 1/1/1 9/2/1 10/3/1 3/4/1
f 3/4/2 10/3/2 11/5/2 7/6/2
f 7/6/3 11/5/3 12/7/3 5/8/3
f 5/8/4 12/7/4 9/9/4 1/10/4
f 3/11/5 7/6/5 5/8/5 1/12/5
f 6/13/3 8/14/3 15/14/3 16/13/3
f 2/15/6 4/16/6 10/17/6 9/18/6
f 4/16/6 8/14/6 11/5/6 10/17/6
f 8/14/6 6/13/6 12/7/6 11/5/6
f 6/13/6 2/15/6 9/18/6 12/7/6
f 15/14/6 14/16/6 13/15/6 16/13/6
f 4/16/1 2/15/1 13/15/1 14/16/1
f 2/15/4 6/13/4 16/13/4 13/15/4
f 8/14/2 4/16/2 14/16/2 15/14/2
f 17/1/1 25/2/1 26/3/1 19/4/1
f 19/4/2 26/3/2 27/5/2 23/6/2
f 23/6/3 27/5/3 28/7/3 21/8/3
f 21/8/4 28/7/4 25/9/4 17/10/4
f 19/11/5 23/6/5 21/8/5 17/12/5
f 22/13/3 24/14/3 31/14/3 32/13/3
f 18/15/6 20/16/6 26/17/6 25/18/6
f 20/16/6 24/14/6 27/5/6 26/17/6
f 24/14/6 22/13/6 28/7/6 27/5/6
f 22/13/6 18/15/6 25/18/6 28/7/6
f 31/14/6 30/16/6 29/15/6 32/13/6
f 20/16/1 18/15/1 29/15/1 30/16/1
f 18/15/4 22/13/4 32/13/4 29/15/4
f 24/14/2 20/16/2 30/16/2 31/14/2
f 33/1/1 41/2/1 42/3/1 35/4/1
f 35/4/2 42/3/2 43/5/2 39/6/2
f 39/6/3 43/5/3 44/7/3 37/8/3
f 37/8/4 44/7/4 41/9/4 33/10/4
f 35/11/5 39/6/5 37/8/5 33/12/5
f 38/13/3 40/14/3 47/14/3 48/13/3
f 34/15/6 36/16/6 42/17/6 41/18/6
f 36/16/6 40/14/6 43/5/6 42/17/6
f 40/14/6 38/13/6 44/7/6 43/5/6
f 38/13/6 34/15/6 41/18/6 44/7/6
f 47/14/6 46/16/6 45/15/6 48/13/6
f 36/16/1 34/15/1 45/15/1 46/16/1
f 34/15/4 38/13/4 48/13/4 45/15/4
f 40/14/2 36/16/2 46/16/2 47/14/2
f 49/1/1 57/2/1 58/3/1 51/4/1
f 51/4/2 58/3/2 59/5/2 55/6/2
f 55/6/3 59/5/3 60/7/3 53/8/3
f 53/8/4 60/7/4 57/9/4 49/10/4
f 51/11/5 55/6/5 53/8/5 49/12/5
f 54/13/3 56/14/3 63/14/3 64/13/3
f 50/15/6 52/16/6 58/17/6 57/18/6
f 52/16/6 56/14/6 59/5/6 58/17/6
f 56/14/6 54/13/6 60/7/6 59/5/6
f 54/13/6 50/15/6 57/18/6 60/7/6
f 63/14/6 62/16/6 61/15/6 64/13/6
f 52/16/1 50/15/1 61/15/1 62/16/1
f 50/15/4 54/13/4 64/13/4 61/15/4
f 56/14/2 52/16/2 62/16/2 63/14/2
f 65/1/1 73/2/1 74/3/1 67/4/1
f 67/4/2 74/3/2 75/5/2 71/6/2
f 71/6/3 75/5/3 76/7/3 69/8/3
f 69/8/4 76/7/4 73/9/4 65/10/4
f 67/11/5 71/6/5 69/8/5 65/12/5
f 70/13/3 72/14/3 79/14/3 80/13/3
f 66/15/6 68/16/6 74/17/6 73/18/6
f 68/16/6 72/14/6 75/5/6 74/17/6
f 72/14/6 70/13/6 76/7/6 75/5/6
f 70/13/6 66/15/6 73/18/6 76/7/6
f 79/14/6 78/16/6 77/15/6 80/13/6
f 68/16/1 66/15/1 77/15/1 78/16/1
f 66/15/4 70/13/4 80/13/4 77/15/4
f 72/14/2 68/16/2 78/16/2 79/14/2
f 81/1/1 89/2/1 90/3/1 83/4/1
f 83/4/2 90/3/2 91/5/2 87/6/2
f 87/6/3 91/5/3 92/7/3 85/8/3
f 85/8/4 92/7/4 89/9/4 81/10/4
f 83/11/5 87/6/5 85/8/5 81/12/5
f 86/13/3 88/14/3 95/14/3 96/13/3
f 82/15/6 84/16/6 90/17/6 89/18/6
f 84/16/6 88/14/6 91/5/6 90/17/6
f 88/14/6 86/13/6 92/7/6 91/5/6
f 86/13/6 82/15/6 89/18/6 92/7/6
f 95/14/6 94/16/6 93/15/6 96/13/6
f 84/16/1 82/15/1 93/15/1 94/16/1
f 82/15/4 86/13/4 96/13/4 93/15/4
f 88/14/2 84/16/2 94/16/2 95/14/2
f 97/1/1 105/2/1 106/3/1 99/4/1
f 99/4/2 106/3/2 107/5/2 103/6/2
f 103/6/3 107/5/3 108/7/3 101/8/3
f 101/8/4 108/7/4 105/9/4 97/10/4
f 99/11/5 103/6/5 101/8/5 97/12/5
f 102/13/3 104/14/3 111/14/3 112/13/3
f 98/15/6 100/16/6 106/17/6 105/18/6
f 100/16/6 104/14/6 107/5/6 106/17/6
f 104/14/6 102/13/6 108/7/6 107/5/6
f 102/13/6 98/15/6 105/18/6 108/7/6
f 111/14/6 110/16/6 109/15/6 112/13/6
f 100/16/1 98/15/1 109/15/1 110/16/1
f 98/15/4 102/13/4 112/13/4 109/15/4
f 104/14/2 100/16/2 110/16/2 111/14/2
f 113/1/1 121/2/1 122/3/1 115/4/1
f 115/4/2 122/3/2 123/5/2 119/6/2
f 119/6/3 123/5/3 124/7/3 117/8/3
f 117/8/4 124/7/4 121/9/4 113/10/4
f 115/11/5 119/6/5 117/8/5 113/12/5
f 118/13/3 120/14/3 127/14/3 128/13/3
f 114/15/6 116/16/6 122/17/6 121/18/6
f 116/16/6 120/14/6 123/5/6 122/17/6
f 120/14/6 118/13/6 124/7/6 123/5/6
f 118/13/6 114/15/6 121/18/6 124/7/6
f 127/14/6 126/16/6 125/15/6 128/13/6
f 116/16/1 114/15/1 125/15/1 126/16/1
f 114/15/4 118/13/4 128/13/4 125/15/4
f 120/14/2 116/16/2 126/16/2 127/14/2
f 129/1/1 137/2/1 138/3/1 131/4/1
f 131/4/2 138/3/2 139/5/2 135/6/2
f 135/6/3 139/5/3 140/7/3 133/8/3
f 133/8/4 140/7/4 137/9/4 129/10/4
f 131/11/5 135/6/5 133/8/5 129/12/5
f 134/13/3 136/14/3 143/14/3 144/13/3
f 130/15/6 132/16/6 138/17/6 137/18/6
f 132/16/6 136/14/6 139/5/6 138/17/6
f 136/14/6 134/13/6 140/7/6 139/5/6
f 134/13/6 130/15/6 137/18/6 140/7/6
f 143/14/6 142/16/6 141/15/6 144/13/6
f 132/16/1 130/15/1 141/15/1 142/16/1
f 130/15/4 134/13/4 144/13/4 141/15/4
f 136/14/2 132/16/2 142/16/2 143/14/2
f 145/1/1 153/2/1 154/3/1 147/4/1
f 147/4/2 154/3/2 155/5/2 151/6/2
f 151/6/3 155/5/3 156/7/3 149/8/3
f 149/8/4 156/7/4 153/9/4 145/10/4
f 147/11/5 151/6/5 149/8/5 145/12/5
f 150/13/3 152/14/3 159/14/3 160/13/3
f 146/15/6 148/16/6 154/17/6 153/18/6
f 148/16/6 152/14/6 155/5/6 154/17/6
f 152/14/6 150/13/6 156/7/6 155/5/6
f 150/13/6 146/15/6 153/18/6 156/7/6
f 159/14/6 158/16/6 157/15/6 160/13/6
f 148/16/1 146/15/1 157/15/1 158/16/1
f 146/15/4 150/13/4 160/13/4 157/15/4
f 152/14/2 148/16/2 158/16/2 159/14/2
f 161/1/1 169/2/1 170/3/1 163/4/1
f 163/4/2 170/3/2 171/5/2 167/6/2
f 167/6/3 171/5/3 172/7/3 165/8/3
f 165/8/4 172/7/4 169/9/4 161/10/4
f 163/11/5 167/6/5 165/8/5 161/12/5
f 166/13/3 168/14/3 175/14/3 176/13/3
f 162/15/6 164/16/6 170/17/6 169/18/6
f 164/16/6 168/14/6 171/5/6 170/17/6
f 168/14/6 166/13/6 172/7/6 171/5/6
f 166/13/6 162/15/6 169/18/6 172/7/6
f 175/14/6 174/16/6 173/15/6 176/13/6
f 164/16/1 162/15/1 173/15/1 174/16/1
f 162/15/4 166/13/4 176/13/4 173/15/4
f 168/14/2 164/16/2 174/16/2 175/14/2
f 177/1/1 185/2/1 186/3/1 179/4/1
f 179/4/2 186/3/2 187/5/2 183/6/2
f 183/6/3 187/5/3 188/7/3 181/8/3
f 181/8/4 188/7/4 185/9/4 177/10/4
f 179/11/5 183/6/5 181/8/5 177/12/5
f 182/13/3 184/14/3 191/14/3 192/13/3
f 178/15/6 180/16/6 186/17/6 185/18/6
f 180/16/6 184/14/6 187/5/6 186/17/6
f 184/14/6 182/13/6 188/7/6 187/5/6
f 182/13/6 178/15/6 185/18/6 188/7/6
f 191/14/6 190/16/6 189/15/6 192/13/6
f 180/16/1 178/15/1 189/15/1 190/16/1
f 178/15/4 182/13/4 192/13/4 189/15/4
f 184/14/2 180/16/2 190/16/2 191/14/2
f 193/1/1 201/2/1 202/3/1 195/4/1
f 195/4/2 202/3/2 203/5/2 199/6/2
f 199/6/3 203/5/3 204/7/3 197/8/3
f 197/8/4 204/7/4 201/9/4 193/10/4
f 195/11/5 199/6/5 197/8/5 193/12/5
f 198/13/3 200/14/3 207/14/3 208/13/3
f 194/15/6 196/16/6 202/17/6 201/18/6
f 196/16/6 200/14/6 203/5/6 202/17/6
f 200/14/6 198/13/6 204/7/6 203/5/6
f 198/13/6 194/15/6 201/18/6 204/7/6
f 207/14/6 206/16/6 205/15/6 208/13/6
f 196/16/1 194/15/1 205/15/1 206/16/1
f 194/15/4 198/13/4 208/13/4 205/15/4
f 200/14/2 196/16/2 206/16/2 207/14/2
f 209/1/1 217/2/1 218/3/1 211/4/1
f 211/4/2 218/3/2 219/5/2 215/6/2
f 215/6/3 219/5/3 220/7/3 213/8/3
f 213/8/4 220/7/4 217/9/4 209/10/4
f 211/11/5 215/6/5 213/8/5 209/12/5
f 214/13/3 216/14/3 223/14/3 224/13/3
f 210/15/6 212/16/6 218/17/6 217/18/6
f 212/16/6 216/14/6 219/5/6 218/17/6
f 216/14/6 214/13/6 220/7/6 219/5/6
f 214/13/6 210/15/6 217/18/6 220/7/6
f 223/14/6 222/16/6 221/15/6 224/13/6
f 212/16/1 210/15/1 221/15/1 222/16/1
f 210/15/4 214/13/4 224/13/4 221/15/4
f 216/14/2 212/16/2 222/16/2 223/14/2
f 225/1/1 233/2/1 234/3/1 227/4/1
f 227/4/2 234/3/2 235/5/2 231/6/2
f 231/6/3 235/5/3 236/7/3 229/8/3
f 229/8/4 236/7/4 233/9/4 225/10/4
f 227/11/5 231/6/5 229/8/5 225/12/5
f 230/13/3 232/14/3 239/14/3 240/13/3
f 226/15/6 228/16/6 234/17/6 233/18/6
f 228/16/6 232/14/6 235/5/6 234/17/6
f 232/14/6 230/13/6 236/7/6 235/5/6
f 230/13/6 226/15/6 233/18/6 236/7/6
f 239/14/6 238/16/6 237/15/6 240/13/6
f 228/16/1 226/15/1 237/15/1 238/16/1
f 226/15/4 230/13/4 240/13/4 237/15/4
f 232/14/2 228/16/2 238/16/2 239/14/2
f 241/1/1 249/2/1 250/3/1 243/4/1
f 243/4/2 250/3/2 251/5/2 247/6/2
f 247/6/3 251/5/3 252/7/3 245/8/3
f 245/8/4 252/7/4 249/9/4 241/10/4
f 243/11/5 247/6/5 245/8/5 241/12/5
f 246/13/3 248/14/3 255/14/3 256/13/3
f 242/15/6 244/16/6 250/17/6 249/18/6
f 244/16/6 248/14/6 251/5/6 250/17/6
f 248/14/6 246/13/6 252/7/6 251/5/6
f 246/13/6 242/15/6 249/18/6 252/7/6
f 255/14/6 254/16/6 253/15/6 256/13/6
f 244/16/1 242/15/1 253/15/1 254/16/1
f 242/15/4 246/13/4 256/13/4 253/15/4
f 248/14/2 244/16/2 254/16/2 255/14/2
f 257/1/1 265/2/1 266/3/1 259/4/1
f 259/4/2 266/3/2 267/5/2 263/6/2
f 263/6/3 267/5/3 268/7/3 261/8/3
f 261/8/4 268/7/4 265/9/4 257/10/4
f 259/11/5 263/6/5 261/8/5 257/12/5
f 262/13/3 264/14/3 271/14/3 272/13/3
f 258/15/6 260/16/6 266/17/6 265/18/6
f 260/16/6 264/14/6 267/5/6 266/17/6
f 264/14/6 262/13/6 268/7/6 267/5/6
f 262/13/6 258/15/6 265/18/6 268/7/6
f 271/14/6 270/16/6 269/15/6 272/13/6
f 260/16/1 258/15/1 269/15/1 270/16/1
f 258/15/4 262/13/4 272/13/4 269/15/4
f 264/14/2 260/16/2 270/16/2 271/14/2
f 273/1/1 281/2/1 282/3/1 275/4/1
f 275/4/2 282/3/2 283/5/2 279/6/2
f 279/6/3 283/5/3 284/7/3 277/8/3
f 277/8/4 284/7/4 281/9/4 273/10/4
f 275/11/5 279/6/5 277/8/5 273/12/5
f 278/13/3 280/14/3 287/14/3 288/13/3
f 274/15/6 276/16/6 282/17/6 281/18/6
f 276/16/6 280/14/6 283/5/6 282/17/6
f 280/14/6 278/13/6 284/7/6 283/5/6
f 278/13/6 274/15/6 281/18/6 284/7/6
f 287/14/6 286/16/6 285/15/6 288/13/6
f 276/16/1 274/15/1 285/15/1 286/16/1
f 274/15/4 278/13/4 288/13/4 285/15/4
f 280/14/2 276/16/2 286/16/2 287/14/2
f 289/1/1 297/2/1 298/3/1 291/4/1
f 291/4/2 298/3/2 299/5/2 295/6/2
f 295/6/3 299/5/3 300/7/3 293/8/3
f 293/8/4 300/7/4 297/9/4 289/10/4
f 291/11/5 295/6/5 293/8/5 289/12/5
f 294/13/3 296/14/3 303/14/3 304/13/3
f 290/15/6 292/16/6 298/17/6 297/18/6
f 292/16/6 296/14/6 299/5/6 298/17/6
f 296/14/6 294/13/6 300/7/6 299/5/6
f 294/13/6 290/15/6 297/18/6 300/7/6
f 303/14/6 302/16/6 301/15/6 304/13/6
f 292/16/1 290/15/1 301/15/1 302/16/1
f 290/15/4 294/13/4 304/13/4 301/15/4
f 296/14/2 292/16/2 302/16/2 303/14/2
f 305/1/1 313/2/1 314/3/1 307/4/1
f 307/4/2 314/3/2 315/5/2 311/6/2
f 311/6/3 315/5/3 316/7/3 309/8/3
f 309/8/4 316/7/4 313/9/4 305/10/4
f 307/11/5 311/6/5 309/8/5 305/12/5
f 310/13/3 312/14/3 319/14/3 320/13/3
f 306/15/6 308/16/6 314/17/6 313/18/6
f 308/16/6 312/14/6 315/5/6 314/17/6
f 312/14/6 310/13/6 316/7/6 315/5/6
f 310/13/6 306/15/6 313/18/6 316/7/6
f 319/14/6 318/16/6 317/15/6 320/13/6
f 308/16/1 306/15/1 317/15/1 318/16/1
f 306/15/4 310/13/4 320/13/4 317/15/4
f 312/14/2 308/16/2 318/16/2 319/14/2
f 321/1/1 329/2/1 330/3/1 323/4/1
f 323/4/2 330/3/2 331/5/2 327/6/2
f 327/6/3 331/5/3 332/7/3 325/8/3
f 325/8/4 332/7/4 329/9/4 321/10/4
f 323/11/5 327/6/5 325/8/5 321/12/5
f 326/13/3 328/14/3 335/14/3 336/13/3
f 322/15/6 324/16/6 330/17/6 329/18/6
f 324/16/6 328/14/6 331/5/6 330/17/6
f 328/14/6 326/13/6 332/7/6 331/5/6
f 326/13/6 322/15/6 329/18/6 332/7/6
f 335/14/6 334/16/6 333/15/6 336/13/6
f 324/16/1 322/15/1 333/15/1 334/16/1
f 322/15/4 326/13/4 336/13/4 333/15/4
f 328/14/2 324/16/2 334/16/2 335/14/2
f 337/1/1 345/2/1 346/3/1 339/4/1
f 339/4/2 346/3/2 347/5/2 343/6/2
f 343/6/3 347/5/3 348/7/3 341/8/3
f 341/8/4 348/7/4 345/9/4 337/10/4
f 339/11/5 343/6/5 341/8/5 337/12/5
f 342/13/3 344/14/3 351/14/3 352/13/3
f 338/15/6 340/16/6 346/17/6 345/18/6
f 340/16/6 344/14/6 347/5/6 346/17/6
f 344/14/6 342/13/6 348/7/6 347/5/6
f 342/13/6 338/15/6 345/18/6 348/7/6
f 351/14/6 350/16/6 349/15/6 352/13/6
f 340/16/1 338/15/1 349/15/1 350/16/1
f 338/15/4 342/13/4 352/13/4 349/15/4
f 344/14/2 340/16/2 350/16/2 351/14/2
f 353/1/1 361/2/1 362/3/1 355/4/1
f 355/4/2 362/3/2 363/5/2 359/6/2
f 359/6/3 363/5/3 364/7/3 357/8/3
f 357/8/4 364/7/4 361/9/4 353/10/4
f 355/11/5 359/6/5 357/8/5 353/12/5
f 358/13/3 360/14/3 367/14/3 368/13/3
f 354/15/6 356/16/6 362/17/6 361/18/6
f 356/16/6 360/14/6 363/5/6 362/17/6
f 360/14/6 358/13/6 364/7/6 363/5/6
f 358/13/6 354/15/6 361/18/6 364/7/6
f 367/14/6 366/16/6 365/15/6 368/13/6
f 356/16/1 354/15/1 365/15/1 366/16/1
f 354/15/4 358/13/4 368/13/4 365/15/4
f 360/14/2 356/16/2 366/16/2 367/14/2
f 369/1/1 377/2/1 378/3/1 371/4/1
f 371/4/2 378/3/2 379/5/2 375/6/2
f 375/6/3 379/5/3 380/7/3 373/8/3
f 373/8/4 380/7/4 377/9/4 369/10/4
f 371/11/5 375/6/5 373/8/5 369/12/5
f 374/13/3 376/14/3 383/14/3 384/13/3
f 370/15/6 372/16/6 378/17/6 377/18/6
f 372/16/6 376/14/6 379/5/6 378/17/6
f 376/14/6 374/13/6 380/7/6 379/5/6
f 374/13/6 370/15/6 377/18/6 380/7/6
f 383/14/6 382/16/6 381/15/6 384/13/6
f 372/16/1 370/15/1 381/15/1 382/16/1
f 370/15/4 374/13/4 384/13/4 381/15/4
f 376/14/2 372/16/2 382/16/2 383/14/2
f 385/1/1 393/2/1 394/3/1 387/4/1
f 387/4/2 394/3/2 395/5/2 391/6/2
f 391/6/3 395/5/3 396/7/3 389/8/3
f 389/8/4 396/7/4 393/9/4 385/10/4
f 387/11/5 391/6/5 389/8/5 385/12/5
f 390/13/3 392/14/3 399/14/3 400/13/3
f 386/15/6 388/16/6 394/17/6 393/18/6
f 388/16/6 392/14/6 395/5/6 394/17/6
f 392/14/6 390/13/6 396/7/6 395/5/6
f 390/13/6 386/15/6 393/18/6 396/7/6
f 399/14/6 398/16/6 397/15/6 400/13/6
f 388/16/1 386/15/1 397/15/1 398/16/1
f 386/15/4 390/13/4 400/13/4 397/15/4
f 392/14/2 388/16/2 398/16/2 399/14/2
f 401/1/1 409/2/1 410/3/1 403/4/1
f 403/4/2 410/3/2 411/5/2 407/6/2
f 407/6/3 411/5/3 412/7/3 405/8/3
f 405/8/4 412/7/4 409/9/4 401/10/4
f 403/11/5 407/6/5 405/8/5 401/12/5
f 406/13/3 408/14/3 415/14/3 416/13/3
f 402/15/6 404/16/6 410/17/6 409/18/6
f 404/16/6 408/14/6 411/5/6 410/17/6
f 408/14/6 406/13/6 412/7/6 411/5/6
f 406/13/6 402/15/6 409/18/6 412/7/6
f 415/14/6 414/16/6 413/15/6 416/13/6
f 404/16/1 402/15/1 413/15/1 414/16/1
f 402/15/4 406/13/4 416/13/4 413/15/4
f 408/14/2 404/16/2 414/16/2 415/14/2
f 417/1/1 425/2/1 426/3/1 419/4/1
f 419/4/2 426/3/2 427/5/2 423/6/2
f 423/6/3 427/5/3 428/7/3 421/8/3
f 421/8/4 428/7/4 425/9/4 417/10/4
f 419/11/5 423/6/5 421/8/5 417/12/5
f 422/13/3 424/14/3 431/14/3 432/13/3
f 418/15/6 420/16/6 426/17/6 425/18/6
f 420/16/6 424/14/6 427/5/6 426/17/6
f 424/14/6 422/13/6 428/7/6 427/5/6
f 422/13/6 418/15/6 425/18/6 428/7/6
f 431/14/6 430/16/6 429/15/6 432/13/6
f 420/16/1 418/15/1 429/15/1 430/16/1
f 418/15/4 422/13/4 432/13/4 429/15/4
f 424/14/2 420/16/2 430/16/2 431/14/2
f 433/1/1 441/2/1 442/3/1 435/4/1
f 435/4/2 442/3/2 443/5/2 439/6/2
f 439/6/3 443/5/3 444/7/3 437/8/3
f 437/8/4 444/7/4 441/9/4 433/10/4
f 435/11/5 439/6/5 437/8/5 433/12/5
f 438/13/3 440/14/3 447/14/3 448/13/3
f 434/15/6 436/16/6 442/17/6 441/18/6
f 436/16/6 440/14/6 443/5/6 442/17/6
f 440/14/6 438/13/6 444/7/6 443/5/6
f 438/13/6 434/15/6 441/18/6 444/7/6
f 447/14/6 446/16/6 445/15/6 448/13/6
f 436/16/1 434/15/1 445/15/1 446/16/1
f 434/15/4 438/13/4 448/13/4 445/15/4
f 440/14/2 436/16/2 446/16/2 447/14/2
f 449/1/1 457/2/1 458/3/1 451/4/1
f 451/4/2 458/3/2 459/5/2 455/6/2
f 455/6/3 459/5/3 460/7/3 453/8/3
f 453/8/4 460/7/4 457/9/4 449/10/4
f 451/11/5 455/6/5 453/8/5 449/12/5
f 454/13/3 456/14/3 463/14/3 464/13/3
f 450/15/6 452/16/6 458/17/6 457/18/6
f 452/16/6 456/14/6 459/5/6 458/17/6
f 456/14/6 454/13/6 460/7/6 459/5/6
f 454/13/6 450/15/6 457/18/6 460/7/6
f 463/14/6 462/16/6 461/15/6 464/13/6
f 452/16/1 450/15/1 461/15/1 462/16/1
f 450/15/4 454/13/4 464/13/4 461/15/4
f 456/14/2 452/16/2 462/16/2 463/14/2
f 465/1/1 473/2/1 474/3/1 467/4/1
f 467/4/2 474/3/2 475/5/2 471/6/2
f 471/6/3 475/5/3 476/7/3 469/8/3
f 469/8/4 476/7/4 473/9/4 465/10/4
f 467/11/5 471/6/5 469/8/5 465/12/5
f 470/13/3 472/14/3 479/14/3 480/13/3
f 466/15/6 468/16/6 474/17/6 473/18/6
f 468/16/6 472/14/6 475/5/6 474/17/6
f 472/14/6 470/13/6 476/7/6 475/5/6
f 470/13/6 466/15/6 473/18/6 476/7/6
f 479/14/6 478/16/6 477/15/6 480/13/6
f 468/16/1 466/15/1 477/15/1 478/16/1
f 466/15/4 470/13/4 480/13/4 477/15/4
f 472/14/2 468/16/2 478/16/2 479/14/2
f 481/1/1 489/2/1 490/3/1 483/4/1
f 483/4/2 490/3/2 491/5/2 487/6/2
f 487/6/3 491/5/3 492/7/3 485/8/3
f 485/8/4 492/7/4 489/9/4 481/10/4
f 483/11/5 487/6/5 485/8/5 481/12/5
f 486/13/3 488/14/3 495/14/3 496/13/3
f 482/15/6 484/16/6 490/17/6 489/18/6
f 484/16/6 488/14/6 491/5/6 490/17/6
f 488/14/6 486/13/6 492/7/6 491/5/6
f 486/13/6 482/15/6 489/18/6 492/7/6
f 495/14/6 494/16/6 493/15/6 496/13/6
f 484/16/1 482/15/1 493/15/1 494/16/1
f 482/15/4 486/13/4 496/13/4 493/15/4
f 488/14/2 484/16/2 494/16/2 495/14/2
f 497/1/1 505/2/1 506/3/1 499/4/1
f 499/4/2 506/3/2 507/5/2 503/6/2
f 503/6/3 507/5/3 508/7/3 501/8/3
f 501/8/4 508/7/4 505/9/4 497/10/4
f 499/11/5 503/6/5 501/8/5 497/12/5
f 502/13/3 504/14/3 511/14/3 512/13/3
f 498/15/6 500/16/6 506/17/6 505/18/6
f 500/16/6 504/14/6 507/5/6 506/17/6
f 504/14/6 502/13/6 508/7/6 507/5/6
f 502/13/6 498/15/6 505/18/6 508/7/6
f 511/14/6 510/16/6 509/15/6 512/13/6
f 500/16/1 498/15/1 509/15/1 510/16/1
f 498/15/4 502/13/4 512/13/4 509/15/4
f 504/14/2 500/16/2 510/16/2 511/14/2
f 513/1/1 521/2/1 522/3/1 515/4/1
f 515/4/2 522/3/2 523/5/2 519/6/2
f 519/6/3 523/5/3 524/7/3 517/8/3
f 517/8/4 524/7/4 521/9/4 513/10/4
f 515/11/5 519/6/5 517/8/5 513/12/5
f 518/13/3 520/14/3 527/14/3 528/13/3
f 514/15/6 516/16/6 522/17/6 521/18/6
f 516/16/6 520/14/6 523/5/6 522/17/6
f 520/14/6 518/13/6 524/7/6 523/5/6
f 518/13/6 514/15/6 521/18/6 524/7/6
f 527/14/6 526/16/6 525/15/6 528/13/6
f 516/16/1 514/15/1 525/15/1 526/16/1
f 514/15/4 518/13/4 528/13/4 525/15/4
f 520/14/2 516/16/2 526/16/2 527/14/2
f 529/1/1 537/2/1 538/3/1 531/4/1
f 531/4/2 538/3/2 539/5/2 535/6/2
f 535/6/3 539/5/3 540/7/3 533/8/3
f 533/8/4 540/7/4 537/9/4 529/10/4
f 531/11/5 535/6/5 533/8/5 529/12/5
f 534/13/3 536/14/3 543/14/3 544/13/3
f 530/15/6 532/16/6 538/17/6 537/18/6
f 532/16/6 536/14/6 539/5/6 538/17/6
f 536/14/6 534/13/6 540/7/6 539/5/6
f 534/13/6 530/15/6 537/18/6 540/7/6
f 543/14/6 542/16/6 541/15/6 544/13/6
f 532/16/1 530/15/1 541/15/1 542/16/1
f 530/15/4 534/13/4 544/13/4 541/15/4
f 536/14/2 532/16/2 542/16/2 543/14/2
f 545/1/1 553/2/1 554/3/1 547/4/1
f 547/4/2 554/3/2 555/5/2 551/6/2
f 551/6/3 555/5/3 556/7/3 549/8/3
f 549/8/4 556/7/4 553/9/4 545/10/4
f 547/11/5 551/6/5 549/8/5 545/12/5
f 550/13/3 552/14/3 559/14/3 560/13/3
f 546/15/6 548/16/6 554/17/6 553/18/6
f 548/16/6 552/14/6 555/5/6 554/17/6
f 552/14/6 550/13/6 556/7/6 555/5/6
f 550/13/6 546/15/6 553/18/6 556/7/6
f 559/14/6 558/16/6 557/15/6 560/13/6
f 548/16/1 546/15/1 557/15/1 558/16/1
f 546/15/4 550/13/4 560/13/4 557/15/4
f 552/14/2 548/16/2 558/16/2 559/14/2
f 561/1/1 569/2/1 570/3/1 563/4/1
f 563/4/2 570/3/2 571/5/2 567/6/2
f 567/6/3 571/5/3 572/7/3 565/8/3
f 565/8/4 572/7/4 569/9/4 561/10/4
f 563/11/5 567/6/5 565/8/5 561/12/5
f 566/13/3 568/14/3 575/14/3 576/13/3
f 562/15/6 564/16/6 570/17/6 569/18/6
f 564/16/6 568/14/6 571/5/6 570/17/6
f 568/14/6 566/13/6 572/7/6 571/5/6
f 566/13/6 562/15/6 569/18/6 572/7/6
f 575/14/6 574/16/6 573/15/6 576/13/6
f 564/16/1 562/15/1 573/15/1 574/16/1
f 562/15/4 566/13/4 576/13/4 573/15/4
f 568/14/2 564/16/2 574/16/2 575/14/2
f 577/1/1 585/2/1 586/3/1 579/4/1
f 579/4/2 586/3/2 587/5/2 583/6/2
f 583/6/3 587/5/3 588/7/3 581/8/3
f 581/8/4 588/7/4 585/9/4 577/10/4
f 579/11/5 583/6/5 581/8/5 577/12/5
f 582/13/3 584/14/3 591/14/3 592/13/3
f 578/15/6 580/16/6 586/17/6 585/18/6
f 580/16/6 584/14/6 587/5/6 586/17/6
f 584/14/6 582/13/6 588/7/6 587/5/6
f 582/13/6 578/15/6 585/18/6 588/7/6
f 591/14/6 590/16/6 589/15/6 592/13/6
f 580/16/1 578/15/1 589/15/1 590/16/1
f 578/15/4 582/13/4 592/13/4 589/15/4
f 584/14/2 580/16/2 590/16/2 591/14/2
f 593/1/1 601/2/1 602/3/1 595/4/1
f 595/4/2 602/3/2 603/5/2 599/6/2
f 599/6/3 603/5/3 604/7/3 597/8/3
f 597/8/4 604/7/4 601/9/4 593/10/4
f 595/11/5 599/6/5 597/8/5 593/12/5
f 598/13/3 600/14/3 607/14/3 608/13/3
f 594/15/6 596/16/6 602/17/6 601/18/6
f 596/16/6 600/14/6 603/5/6 602/17/6
f 600/14/6 598/13/6 604/7/6 603/5/6
f 598/13/6 594/15/6 601/18/6 604/7/6
f 607/14/6 606/16/6 605/15/6 608/13/6
f 596/16/1 594/15/1 605/15/1 606/16/1
f 594/15/4 598/13/4 608/13/4 605/15/4
f 600/14/2 596/16/2 606/16/2 607/14/2
f 609/1/1 617/2/1 618/3/1 611/4/1
f 611/4/2 618/3/2 619/5/2 615/6/2
f 615/6/3 619/5/3 620/7/3 613/8/3
f 613/8/4 620/7/4 617/9/4 609/10/4
f 611/11/5 615/6/5 613/8/5 609/12/5
f 614/13/3 616/14/3 623/14/3 624/13/3
f 610/15/6 612/16/6 618/17/6 617/18/6
f 612/16/6 616/14/6 619/5/6 618/17/6
f 616/14/6 614/13/6 620/7/6 619/5/6
f 614/13/6 610/15/6 617/18/6 620/7/6
f 623/14/6 622/16/6 621/15/6 624/13/6
f 612/16/1 610/15/1 621/15/1 622/16/1
f 610/15/4 614/13/4 624/13/4 621/15/4
f 616/14/2 612/16/2 622/16/2 623/14/2
f 625/1/1 633/2/1 634/3/1 627/4/1
f 627/4/2 634/3/2 635/5/2 631/6/2
f 631/6/3 635/5/3 636/7/3 629/8/3
f 629/8/4 636/7/4 633/9/4 625/10/4
f 627/11/5 631/6/5 629/8/5 625/12/5
f 630/13/3 632/14/3 639/14/3 640/13/3
f 626/15/6 628/16/6 634/17/6 633/18/6
f 628/16/6 632/14/6 635/5/6 634/17/6
f 632/14/6 630/13/6 636/7/6 635/5/6
f 630/13/6 626/15/6 633/18/6 636/7/6
f 639/14/6 638/16/6 637/15/6 640/13/6
f 628/16/1 626/15/1 637/15/1 638/16/1
f 626/15/4 630/13/4 640/13/4 637/15/4
f 632/14/2 628/16/2 638/16/2 639/14/2
f 641/1/1 649/2/1 650/3/1 643/4/1
f 643/4/2 650/3/2 651/5/2 647/6/2
f 647/6/3 651/5/3 652/7/3 645/8/3
f 645/8/4 652/7/4 649/9/4 641/10/4
f 643/11/5 647/6/5 645/8/5 641/12/5
f 646/13/3 648/14/3 655/14/3 656/13/3
f 642/15/6 644/16/6 650/17/6 649/18/6
f 644/16/6 648/14/6 651/5/6 650/17/6
f 648/14/6 646/13/6 652/7/6 651/5/6
f 646/13/6 642/15/6 649/18/6 652/7/6
f 655/14/6 654/16/6 653/15/6 656/13/6
f 644/16/1 642/15/1 653/15/1 654/16/1
f 642/15/4 646/13/4 656/13/4 653/15/4
f 648/14/2 644/16/2 654/16/2 655/14/2
f 657/1/1 665/2/1 666/3/1 659/4/1
f 659/4/2 666/3/2 667/5/2 663/6/2
f 663/6/3 667/5/3 668/7/3 661/8/3
f 661/8/4 668/7/4 665/9/4 657/10/4
f 659/11/5 663/6/5 661/8/5 657/12/5
f 662/13/3 664/14/3 671/14/3 672/13/3
f 658/15/6 660/16/6 666/17/6 665/18/6
f 660/16/6 664/14/6 667/5/6 666/17/6
f 664/14/6 662/13/6 668/7/6 667/5/6
f 662/13/6 658/15/6 665/18/6 668/7/6
f 671/14/6 670/16/6 669/15/6 672/13/6
f 660/16/1 658/15/1 669/15/1 670/16/1
f 658/15/4 662/13/4 672/13/4 669/15/4
f 664/14/2 660/16/2 670/16/2 671/14/2
f 673/1/1 681/2/1 682/3/1 675/4/1
f 675/4/2 682/3/2 683/5/2 679/6/2
f 679/6/3 683/5/3 684/7/3 677/8/3
f 677/8/4 684/7/4 681/9/4 673/10/4
f 675/11/5 679/6/5 677/8/5 673/12/5
f 678/13/3 680/14/3 687/14/3 688/13/3
f 674/15/6 676/16/6 682/17/6 681/18/6
f 676/16/6 680/14/6 683/5/6 682/17/6
f 680/14/6 678/13/6 684/7/6 683/5/6
f 678/13/6 674/15/6 681/18/6 684/7/6
f 687/14/6 686/16/6 685/15/6 688/13/6
f 676/16/1 674/15/1 685/15/1 686/16/1
f 674/15/4 678/13/4 688/13/4 685/15/4
f 680/14/2 676/16/2 686/16/2 687/14/2
f 689/1/1 697/2/1 698/3/1 691/4/1
f 691/4/2 698/3/2 699/5/2 695/6/2
f 695/6/3 699/5/3 700/7/3 693/8/3
f 693/8/4 700/7/4 697/9/4 689/10/4
f 691/11/5 695/6/5 693/8/5 689/12/5
f 694/13/3 696/14/3 703/14/3 704/13/3
f 690/15/6 692/16/6 698/17/6 697/18/6
f 692/16/6 696/14/6 699/5/6 698/17/6
f 696/14/6 694/13/6 700/7/6 699/5/6
f 694/13/6 690/15/6 697/18/6 700/7/6
f 703/14/6 702/16/6 701/15/6 704/13/6
f 692/16/1 690/15/1 701/15/1 702/16/1
f 690/15/4 694/13/4 704/13/4 701/15/4
f 696/14/2 692/16/2 702/16/2 703/14/2
f 705/1/1 713/2/1 714/3/1 707/4/1
f 707/4/2 714/3/2 715/5/2 711/6/2
f 711/6/3 715/5/3 716/7/3 709/8/3
f 709/8/4 716/7/4 713/9/4 705/10/4
f 707/11/5 711/6/5 709/8/5 705/12/5
f 710/13/3 712/14/3 719/14/3 720/13/3
f 706/15/6 708/16/6 714/17/6 713/18/6
f 708/16/6 712/14/6 715/5/6 714/17/6
f 712/14/6 710/13/6 716/7/6 715/5/6
f 710/13/6 706/15/6 713/18/6 716/7/6
f 719/14/6 718/16/6 717/15/6 720/13/6
f 708/16/1 706/15/1 717/15/1 718/16/1
f 706/15/4 710/13/4 720/13/4 717/15/4
f 712/14/2 708/16/2 718/16/2 719/14/2
f 721/1/1 729/2/1 730/3/1 723/4/1
f 723/4/2 730/3/2 731/5/2 727/6/2
f 727/6/3 731/5/3 732/7/3 725/8/3
f 725/8/4 732/7/4 729/9/4 721/10/4
f 723/11/5 727/6/5 725/8/5 721/12/5
f 726/13/3 728/14/3 735/14/3 736/13/3
f 722/15/6 724/16/6 730/17/6 729/18/6
f 724/16/6 728/14/6 731/5/6 730/17/6
f 728/14/6 726/13/6 732/7/6 731/5/6
f 726/13/6 722/15/6 729/18/6 732/7/6
f 735/14/6 734/16/6 733/15/6 736/13/6
f 724/16/1 722/15/1 733/15/1 734/16/1
f 722/15/4 726/13/4 736/13/4 733/15/4
f 728/14/2 724/16/2 734/16/2 735/14/2
f 737/1/1 745/2/1 746/3/1 739/4/1
f 739/4/2 746/3/2 747/5/2 743/6/2
f 743/6/3 747/5/3 748/7/3 741/8/3
f 741/8/4 748/7/4 745/9/4 737/10/4
f 739/11/5 743/6/5 741/8/5 737/12/5
f 742/13/3 744/14/3 751/14/3 752/13/3
f 738/15/6 740/16/6 746/17/6 745/18/6
f 740/16/6 744/14/6 747/5/6 746/17/6
f 744/14/6 742/13/6 748/7/6 747/5/6
f 742/13/6 738/15/6 745/18/6 748/7/6
f 751/14/6 750/16/6 749/15/6 752/13/6
f 740/16/1 738/15/1 749/15/1 750/16/1
f 738/15/4 742/13/4 752/13/4 749/15/4
f 744/14/2 740/16/2 750/16/2 751/14/2
f 753/1/1 761/2/1 762/3/1 755/4/1
f 755/4/2 762/3/2 763/5/2 759/6/2
f 759/6/3 763/5/3 764/7/3 757/8/3
f 757/8/4 764/7/4 761/9/4 753/10/4
f 755/11/5 759/6/5 757/8/5 753/12/5
f 758/13/3 760/14/3 767/14/3 768/13/3
f 754/15/6 756/16/6 762/17/6 761/18/6
f 756/16/6 760/14/6 763/5/6 762/17/6
f 760/14/6 758/13/6 764/7/6 763/5/6
f 758/13/6 754/15/6 761/18/6 764/7/6
f 767/14/6 766/16/6 765/15/6 768/13/6
f 756/16/1 754/15/1 765/15/1 766/16/1
f 754/15/4 758/13/4 768/13/4 765/15/4
f 760/14/2 756/16/2 766/16/2 767/14/2
f 769/1/1 777/2/1 778/3/1 771/4/1
f 771/4/2 778/3/2 779/5/2 775/6/2
f 775/6/3 779/5/3 780/7/3 773/8/3
f 773/8/4 780/7/4 777/9/4 769/10/4
f 771/11/5 775/6/5 773/8/5 769/12/5
f 774/13/3 776/14/3 783/14/3 784/13/3
f 770/15/6 772/16/6 778/17/6 777/18/6
f 772/16/6 776/14/6 779/5/6 778/17/6
f 776/14/6 774/13/6 780/7/6 779/5/6
f 774/13/6 770/15/6 777/18/6 780/7/6
f 783/14/6 782/16/6 781/15/6 784/13/6
f 772/16/1 770/15/1 781/15/1 782/16/1
f 770/15/4 774/13/4 784/13/4 781/15/4
f 776/14/2 772/16/2 782/16/2 783/14/2
f 785/1/1 793/2/1 794/3/1 787/4/1
f 787/4/2 794/3/2 795/5/2 791/6/2
f 791/6/3 795/5/3 796/7/3 789/8/3
f 789/8/4 796/7/4 793/9/4 785/10/4
f 787/11/5 791/6/5 789/8/5 785/12/5
f 790/13/3 792/14/3 799/14/3 800/13/3
f 786/15/6 788/16/6 794/17/6 793/18/6
f 788/16/6 792/14/6 795/5/6 794/17/6
f 792/14/6 790/13/6 796/7/6 795/5/6
f 790/13/6 786/15/6 793/18/6 796/7/6
f 799/14/6 798/16/6 797/15/6 800/13/6
f 788/16/1 786/15/1 797/15/1 798/16/1
f 786/15/4 790/13/4 800/13/4 797/15/4
f 792/14/2 788/16/2 798/16/2 799/14/2
f 801/1/1 809/2/1 810/3/1 803/4/1
f 803/4/2 810/3/2 811/5/2 807/6/2
f 807/6/3 811/5/3 812/7/3 805/8/3
f 805/8/4 812/7/4 809/9/4 801/10/4
f 803/11/5 807/6/5 805/8/5 801/12/5
f 806/13/3 808/14/3 815/14/3 816/13/3
f 802/15/6 804/16/6 810/17/6 809/18/6
f 804/16/6 808/14/6 811/5/6 810/17/6
f 808/14/6 806/13/6 812/7/6 811/5/6
f 806/13/6 802/15/6 809/18/6 812/7/6
f 815/14/6 814/16/6 813/15/6 816/13/6
f 804/16/1 802/15/1 813/15/1 814/16/1
f 802/15/4 806/13/4 816/13/4 813/15/4
f 808/14/2 804/16/2 814/16/2 815/14/2
f 817/1/1 825/2/1 826/3/1 819/4/1
f 819/4/2 826/3/2 827/5/2 823/6/2
f 823/6/3 827/5/3 828/7/3 821/8/3
f 821/8/4 828/7/4 825/9/4 817/10/4
f 819/11/5 823/6/5 821/8/5 817/12/5
f 822/13/3 824/14/3 831/14/3 832/13/3
f 818/15/6 820/16/6 826/17/6 825/18/6
f 820/16/6 824/14/6 827/5/6 826/17/6
f 824/14/6 822/13/6 828/7/6 827/5/6
f 822/13/6 818/15/6 825/18/6 828/7/6
f 831/14/6 830/16/6 829/15/6 832/13/6
f 820/16/1 818/15/1 829/15/1 830/16/1
f 818/15/4 822/13/4 832/13/4 829/15/4
f 824/14/2 820/16/2 830/16/2 831/14/2
f 833/1/1 841/2/1 842/3/1 835/4/1
f 835/4/2 842/3/2 843/5/2 839/6/2
f 839/6/3 843/5/3 844/7/3 837/8/3
f 837/8/4 844/7/4 841/9/4 833/10/4
f 835/11/5 839/6/5 837/8/5 833/12/5
f 838/13/3 840/14/3 847/14/3 848/13/3
f 834/15/6 836/16/6 842/17/6 841/18/6
f 836/16/6 840/14/6 843/5/6 842/17/6
f 840/14/6 838/13/6 844/7/6 843/5/6
f 838/13/6 834/15/6 841/18/6 844/7/6
f 847/14/6 846/16/6 845/15/6 848/13/6
f 836/16/1 834/15/1 845/15/1 846/16/1
f 834/15/4 838/13/4 848/13/4 845/15/4
f 840/14/2 836/16/2 846/16/2 847/14/2
f 849/1/1 857/2/1 858/3/1 851/4/1
f 851/4/2 858/3/2 859/5/2 855/6/2
f 855/6/3 859/5/3 860/7/3 853/8/3
f 853/8/4 860/7/4 857/9/4 849/10/4
f 851/11/5 855/6/5 853/8/5 849/12/5
f 854/13/3 856/14/3 863/14/3 864/13/3
f 850/15/6 852/16/6 858/17/6 857/18/6
f 852/16/6 856/14/6 859/5/6 858/17/6
f 856/14/6 854/13/6 860/7/6 859/5/6
f 854/13/6 850/15/6 857/18/6 860/7/6
f 863/14/6 862/16/6 861/15/6 864/13/6
f 852/16/1 850/15/1 861/15/1 862/16/1
f 850/15/4 854/13/4 864/13/4 861/15/4
f 856/14/2 852/16/2 862/16/2 863/14/2
f 865/1/1 873/2/1 874/3/1 867/4/1
f 867/4/2 874/3/2 875/5/2 871/6/2
f 871/6/3 875/5/3 876/7/3 869/8/3
f 869/8/4 876/7/4 873/9/4 865/10/4
f 867/11/5 871/6/5 869/8/5 865/12/5
f 870/13/3 872/14/3 879/14/3 880/13/3
f 866/15/6 868/16/6 874/17/6 873/18/6
f 868/16/6 872/14/6 875/5/6 874/17/6
f 872/14/6 870/13/6 876/7/6 875/5/6
f 870/13/6 866/15/6 873/18/6 876/7/6
f 879/14/6 878/16/6 877/15/6 880/13/6
f 868/16/1 866/15/1 877/15/1 878/16/1
f 866/15/4 870/13/4 880/13/4 877/15/4
f 872/14/2 868/16/2 878/16/2 879/14/2
f 881/1/1 889/2/1 890/3/1 883/4/1
f 883/4/2 890/3/2 891/5/2 887/6/2
f 887/6/3 891/5/3 892/7/3 885/8/3
f 885/8/4 892/7/4 889/9/4 881/10/4
f 883/11/5 887/6/5 885/8/5 881/12/5
f 886/13/3 888/14/3 895/14/3 896/13/3
f 882/15/6 884/16/6 890/17/6 889/18/6
f 884/16/6 888/14/6 891/5/6 890/17/6
f 888/14/6 886/13/6 892/7/6 891/5/6
f 886/13/6 882/15/6 889/18/6 892/7/6
f 895/14/6 894/16/6 893/15/6 896/13/6
f 884/16/1 882/15/1 893/15/1 894/16/1
f 882/15/4 886/13/4 896/13/4 893/15/4
f 888/14/2 884/16/2 894/16/2 895/14/2
f 897/1/1 905/2/1 906/3/1 899/4/1
f 899/4/2 906/3/2 907/5/2 903/6/2
f 903/6/3 907/5/3 908/7/3 901/8/3
f 901/8/4 908/7/4 905/9/4 897/10/4
f 899/11/5 903/6/5 901/8/5 897/12/5
f 902/13/3 904/14/3 911/14/3 912/13/3
f 898/15/6 900/16/6 906/17/6 905/18/6
f 900/16/6 904/14/6 907/5/6 906/17/6
f 904/14/6 902/13/6 908/7/6 907/5/6
f 902/13/6 898/15/6 905/18/6 908/7/6
f 911/14/6 910/16/6 909/15/6 912/13/6
f 900/16/1 898/15/1 909/15/1 910/16/1
f 898/15/4 902/13/4 912/13/4 909/15/4
f 904/14/2 900/16/2 910/16/2 911/14/2
f 913/1/1 921/2/1 922/3/1 915/4/1
f 915/4/2 922/3/2 923/5/2 919/6/2
f 919/6/3 923/5/3 924/7/3 917/8/3
f 917/8/4 924/7/4 921/9/4 913/10/4
f 915/11/5 919/6/5 917/8/5 913/12/5
f 918/13/3 920/14/3 927/14/3 928/13/3
f 914/15/6 916/16/6 922/17/6 921/18/6
f 916/16/6 920/14/6 923/5/6 922/17/6
f 920/14/6 918/13/6 924/7/6 923/5/6
f 918/13/6 914/15/6 921/18/6 924/7/6
f 927/14/6 926/16/6 925/15/6 928/13/6
f 916/16/1 914/15/1 925/15/1 926/16/1
f 914/15/4 918/13/4 928/13/4 925/15/4
f 920/14/2 916/16/2 926/16/2 927/14/2
f 929/1/1 937/2/1 938/3/1 931/4/1
f 931/4/2 938/3/2 939/5/2 935/6/2
f 935/6/3 939/5/3 940/7/3 933/8/3
f 933/8/4 940/7/4 937/9/4 929/10/4
f 931/11/5 935/6/5 933/8/5 929/12/5
f 934/13/3 936/14/3 943/14/3 944/13/3
f 930/15/6 932/16/6 938/17/6 937/18/6
f 932/16/6 936/14/6 939/5/6 938/17/6
f 936/14/6 934/13/6 940/7/6 939/5/6
f 934/13/6 930/15/6 937/18/6 940/7/6
f 943/14/6 942/16/6 941/15/6 944/13/6
f 932/16/1 930/15/1 941/15/1 942/16/1
f 930/15/4 934/13/4 944/13/4 941/15/4
f 936/14/2 932/16/2 942/16/2 943/14/2
f 945/1/1 953/2/1 954/3/1 947/4/1
f 947/4/2 954/3/2 955/5/2 951/6/2
f 951/6/3 955/5/3 956/7/3 949/8/3
f 949/8/4 956/7/4 953/9/4 945/10/4
f 947/11/5 951/6/5 949/8/5 945/12/5
f 950/13/3 952/14/3 959/14/3 960/13/3
f 946/15/6 948/16/6 954/17/6 953/18/6
f 948/16/6 952/14/6 955/5/6 954/17/6
f 952/14/6 950/13/6 956/7/6 955/5/6
f 950/13/6 946/15/6 953/18/6 956/7/6
f 959/14/6 958/16/6 957/15/6 960/13/6
f 948/16/1 946/15/1 957/15/1 958/16/1
f 946/15/4 950/13/4 960/13/4 957/15/4
f 952/14/2 948/16/2 958/16/2 959/14/2
f 961/1/1 969/2/1 970/3/1 963/4/1
f 963/4/2 970/3/2 971/5/2 967/6/2
f 967/6/3 971/5/3 972/7/3 965/8/3
f 965/8/4 972/7/4 969/9/4 961/10/4
f 963/11/5 967/6/5 965/8/5 961/12/5
f 966/13/3 968/14/3 975/14/3 976/13/3
f 962/15/6 964/16/6 970/17/6 969/18/6
f 964/16/6 968/14/6 971/5/6 970/17/6
f 968/14/6 966/13/6 972/7/6 971/5/6
f 966/13/6 962/15/6 969/18/6 972/7/6
f 975/14/6 974/16/6 973/15/6 976/13/6
f 964/16/1 962/15/1 973/15/1 974/16/1
f 962/15/4 966/13/4 976/13/4 973/15/4
f 968/14/2 964/16/2 974/16/2 975/14/2
f 977/1/1 985/2/1 986/3/1 979/4/1
f 979/4/2 986/3/2 987/5/2 983/6/2
f 983/6/3 987/5/3 988/7/3 981/8/3
f 981/8/4 988/7/4 985/9/4 977/10/4
f 979/11/5 983/6/5 981/8/5 977/12/5
f 982/13/3 984/14/3 991/14/3 992/13/3
f 978/15/6 980/16/6 986/17/6 985/18/6
f 980/16/6 984/14/6 987/5/6 986/17/6
f 984/14/6 982/13/6 988/7/6 987/5/6
f 982/13/6 978/15/6 985/18/6 988/7/6
f 991/14/6 990/16/6 989/15/6 992/13/6
f 980/16/1 978/15/1 989/15/1 990/16/1
f 978/15/4 982/13/4 992/13/4 989/15/4
f 984/14/2 980/16/2 990/16/2 991/14/2
f 993/1/1 1001/2/1 1002/3/1 995/4/1
f 995/4/2 1002/3/2 1003/5/2 999/6/2
f 999/6/3 1003/5/3 1004/7/3 997/8/3
f 997/8/4 1004/7/4 1001/9/4 993/10/4
f 995/11/5 999/6/5 997/8/5 993/12/5
f 998/13/3 1000/14/3 1007/14/3 1008/13/3
f 994/15/6 996/16/6 1002/17/6 1001/18/6
f 996/16/6 1000/14/6 1003/5/6 1002/17/6
f 1000/14/6 998/13/6 1004/7/6 1003/5/6
f 998/13/6 994/15/6 1001/18/6 1004/7/6
f 1007/14/6 1006/16/6 1005/15/6 1008/13/6
f 996/16/1 994/15/1 1005/15/1 1006/16/1
f 994/15/4 998/13/4 1008/13/4 1005/15/4
f 1000/14/2 996/16/2 1006/16/2 1007/14/2
f 1009/1/1 1017/2/1 1018/3/1 1011/4/1
f 1011/4/2 1018/3/2 1019/5/2 1015/6/2
f 1015/6/3 1019/5/3 1020/7/3 1013/8/3
f 1013/8/4 1020/7/4 1017/9/4 1009/10/4
f 1011/11/5 1015/6/5 1013/8/5 1009/12/5
f 1014/13/3 1016/14/3 1023/14/3 1024/13/3
f 1010/15/6 1012/16/6 1018/17/6 1017/18/6
f 1012/16/6 1016/14/6 1019/5/6 1018/17/6
f 1016/14/6 1014/13/6 1020/7/6 1019/5/6
f 1014/13/6 1010/15/6 1017/18/6 1020/7/6
f 1023/14/6 1022/16/6 1021/15/6 1024/13/6
f 1012/16/1 1010/15/1 1021/15/1 1022/16/1
f 1010/15/4 1014/13/4 1024/13/4 1021/15/4
f 1016/14/2 1012/16/2 1022/16/2 1023/14/2
f 1025/1/1 1033/2/1 1034/3/1 1027/4/1
f 1027/4/2 1034/3/2 1035/5/2 1031/6/2
f 1031/6/3 1035/5/3 1036/7/3 1029/8/3
f 1029/8/4 1036/7/4 1033/9/4 1025/10/4
f 1027/11/5 1031/6/5 1029/8/5 1025/12/5
f 1030/13/3 1032/14/3 1039/14/3 1040/13/3
f 1026/15/6 1028/16/6 1034/17/6 1033/18/6
f 1028/16/6 1032/14/6 1035/5/6 1034/17/6
f 1032/14/6 1030/13/6 1036/7/6 1035/5/6
f 1030/13/6 1026/15/6 1033/18/6 1036/7/6
f 1039/14/6 1038/16/6 1037/15/6 1040/13/6
f 1028/16/1 1026/15/1 1037/15/1 1038/16/1
f 1026/15/4 1030/13/4 1040/13/4 1037/15/4
f 1032/14/2 1028/16/2 1038/16/2 1039/14/2
f 1041/1/1 1049/2/1 1050/3/1 1043/4/1
f 1043/4/2 1050/3/2 1051/5/2 1047/6/2
f 1047/6/3 1051/5/3 1052/7/3 1045/8/3
f 1045/8/4 1052/7/4 1049/9/4 1041/10/4
f 1043/11/5 1047/6/5 1045/8/5 1041/12/5
f 1046/13/3 1048/14/3 1055/14/3 1056/13/3
f 1042/15/6 1044/16/6 1050/17/6 1049/18/6
f 1044/16/6 1048/14/6 1051/5/6 1050/17/6
f 1048/14/6 1046/13/6 1052/7/6 1051/5/6
f 1046/13/6 1042/15/6 1049/18/6 1052/7/6
f 1055/14/6 1054/16/6 1053/15/6 1056/13/6
f 1044/16/1 1042/15/1 1053/15/1 1054/16/1
f 1042/15/4 1046/13/4 1056/13/4 1053/15/4
f 1048/14/2 1044/16/2 1054/16/2 1055/14/2
f 1057/1/1 1065/2/1 1066/3/1 1059/4/1
f 1059/4/2 1066/3/2 1067/5/2 1063/6/2
f 1063/6/3 1067/5/3 1068/7/3 1061/8/3
f 1061/8/4 1068/7/4 1065/9/4 1057/10/4
f 1059/11/5 1063/6/5 1061/8/5 1057/12/5
f 1062/13/3 1064/14/3 1071/14/3 1072/13/3
f 1058/15/6 1060/16/6 1066/17/6 1065/18/6
f 1060/16/6 1064/14/6 1067/5/6 1066/17/6
f 1064/14/6 1062/13/6 1068/7/6 1067/5/6
f 1062/13/6 1058/15/6 1065/18/6 1068/7/6
f 1071/14/6 1070/16/6 1069/15/6 1072/13/6
f 1060/16/1 1058/15/1 1069/15/1 1070/16/1
f 1058/15/4 1062/13/4 1072/13/4 1069/15/4
f 1064/14/2 1060/16/2 1070/16/2 1071/14/2
f 1073/1/1 1081/2/1 1082/3/1 1075/4/1
f 1075/4/2 1082/3/2 1083/5/2 1079/6/2
f 1079/6/3 1083/5/3 1084/7/3 1077/8/3
f 1077/8/4 1084/7/4 1081/9/4 1073/10/4
f 1075/11/5 1079/6/5 1077/8/5 1073/12/5
f 1078/13/3 1080/14/3 1087/14/3 1088/13/3
f 1074/15/6 1076/16/6 1082/17/6 1081/18/6
f 1076/16/6 1080/14/6 1083/5/6 1082/17/6
f 1080/14/6 1078/13/6 1084/7/6 1083/5/6
f 1078/13/6 1074/15/6 1081/18/6 1084/7/6
f 1087/14/6 1086/16/6 1085/15/6 1088/13/6
f 1076/16/1 1074/15/1 1085/15/1 1086/16/1
f 1074/15/4 1078/13/4 1088/13/4 1085/15/4
f 1080/14/2 1076/16/2 1086/16/2 1087/14/2
f 1089/1/1 1097/2/1 1098/3/1 1091/4/1
f 1091/4/2 1098/3/2 1099/5/2 1095/6/2
f 1095/6/3 1099/5/3 1100/7/3 1093/8/3
f 1093/8/4 1100/7/4 1097/9/4 1089/10/4
f 1091/11/5 1095/6/5 1093/8/5 1089/12/5
f 1094/13/3 1096/14/3 1103/14/3 1104/13/3
f 1090/15/6 1092/16/6 1098/17/6 1097/18/6
f 1092/16/6 1096/14/6 1099/5/6 1098/17/6
f 1096/14/6 1094/13/6 1100/7/6 1099/5/6
f 1094/13/6 1090/15/6 1097/18/6 1100/7/6
f 1103/14/6 1102/16/6 1101/15/6 1104/13/6
f 1092/16/1 1090/15/1 1101/15/1 1102/16/1
f 1090/15/4 1094/13/4 1104/13/4 1101/15/4
f 1096/14/2 1092/16/2 1102/16/2 1103/14/2
f 1105/1/1 1113/2/1 1114/3/1 1107/4/1
f 1107/4/2 1114/3/2 1115/5/2 1111/6/2
f 1111/6/3 1115/5/3 1116/7/3 1109/8/3
f 1109/8/4 1116/7/4 1113/9/4 1105/10/4
f 1107/11/5 1111/6/5 1109/8/5 1105/12/5
f 1110/13/3 1112/14/3 1119/14/3 1120/13/3
f 1106/15/6 1108/16/6 1114/17/6 1113/18/6
f 1108/16/6 1112/14/6 1115/5/6 1114/17/6
f 1112/14/6 1110/13/6 1116/7/6 1115/5/6
f 1110/13/6 1106/15/6 1113/18/6 1116/7/6
f 1119/14/6 1118/16/6 1117/15/6 1120/13/6
f 1108/16/1 1106/15/1 1117/15/1 1118/16/1
f 1106/15/4 1110/13/4 1120/13/4 1117/15/4
f 1112/14/2 1108/16/2 1118/16/2 1119/14/2
f 1121/1/1 1129/2/1 1130/3/1 1123/4/1
f 1123/4/2 1130/3/2 1131/5/2 1127/6/2
f 1127/6/3 1131/5/3 1132/7/3 1125/8/3
f 1125/8/4 1132/7/4 1129/9/4 1121/10/4
f 1123/11/5 1127/6/5 1125/8/5 1121/12/5
f 1126/13/3 1128/14/3 1135/14/3 1136/13/3
f 1122/15/6 1124/16/6 1130/17/6 1129/18/6
f 1124/16/6 1128/14/6 1131/5/6 1130/17/6
f 1128/14/6 1126/13/6 1132/7/6 1131/5/6
f 1126/13/6 1122/15/6 1129/18/6 1132/7/6
f 1135/14/6 1134/16/6 1133/15/6 1136/13/6
f 1124/16/1 1122/15/1 1133/15/1 1134/16/1
f 1122/15/4 1126/13/4 1136/13/4 1133/15/4
f 1128/14/2 1124/16/2 1134/16/2 1135/14/2
f 1137/1/1 1145/2/1 1146/3/1 1139/4/1
f 1139/4/2 1146/3/2 1147/5/2 1143/6/2
f 1143/6/3 1147/5/3 1148/7/3 1141/8/3
f 1141/8/4 1148/7/4 1145/9/4 1137/10/4
f 1139/11/5 1143/6/5 1141/8/5 1137/12/5
f 1142/13/3 1144/14/3 1151/14/3 1152/13/3
f 1138/15/6 1140/16/6 1146/17/6 1145/18/6
f 1140/16/6 1144/14/6 1147/5/6 1146/17/6
f 1144/14/6 1142/13/6 1148/7/6 1147/5/6
f 1142/13/6 1138/15/6 1145/18/6 1148/7/6
f 1151/14/6 1150/16/6 1149/15/6 1152/13/6
f 1140/16/1 1138/15/1 1149/15/1 1150/16/1
f 1138/15/4 1142/13/4 1152/13/4 1149/15/4
f 1144/14/2 1140/16/2 1150/16/2 1151/14/2
f 1153/1/1 1161/2/1 1162/3/1 1155/4/1
f 1155/4/2 1162/3/2 1163/5/2 1159/6/2
f 1159/6/3 1163/5/3 1164/7/3 1157/8/3
f 1157/8/4 1164/7/4 1161/9/4 1153/10/4
f 1155/11/5 1159/6/5 1157/8/5 1153/12/5
f 1158/13/3 1160/14/3 1167/14/3 1168/13/3
f 1154/15/6 1156/16/6 1162/17/6 1161/18/6
f 1156/16/6 1160/14/6 1163/5/6 1162/17/6
f 1160/14/6 1158/13/6 1164/7/6 1163/5/6
f 1158/13/6 1154/15/6 1161/18/6 1164/7/6
f 1167/14/6 1166/16/6 1165/15/6 1168/13/6
f 1156/16/1 1154/15/1 1165/15/1 1166/16/1
f 1154/15/4 1158/13/4 1168/13/4 1165/15/4
f 1160/14/2 1156/16/2 1166/16/2 1167/14/2
f 1169/1/1 1177/2/1 1178/3/1 1171/4/1
f 1171/4/2 1178/3/2 1179/5/2 1175/6/2
f 1175/6/3 1179/5/3 1180/7/3 1173/8/3
f 1173/8/4 1180/7/4 1177/9/4 1169/10/4
f 1171/11/5 1175/6/5 1173/8/5 1169/12/5
f 1174/13/3 1176/14/3 1183/14/3 1184/13/3
f 1170/15/6 1172/16/6 1178/17/6 1177/18/6
f 1172/16/6 1176/14/6 1179/5/6 1178/17/6
f 1176/14/6 1174/13/6 1180/7/6 1179/5/6
f 1174/13/6 1170/15/6 1177/18/6 1180/7/6
f 1183/14/6 1182/16/6 1181/15/6 1184/13/6
f 1172/16/1 1170/15/1 1181/15/1 1182/16/1
f 1170/15/4 1174/13/4 1184/13/4 1181/15/4
f 1176/14/2 1172/16/2 1182/16/2 1183/14/2
f 1185/1/1 1193/2/1 1194/3/1 1187/4/1
f 1187/4/2 1194/3/2 1195/5/2 1191/6/2
f 1191/6/3 1195/5/3 1196/7/3 1189/8/3
f 1189/8/4 1196/7/4 1193/9/4 1185/10/4
f 1187/11/5 1191/6/5 1189/8/5 1185/12/5
f 1190/13/3 1192/14/3 1199/14/3 1200/13/3
f 1186/15/6 1188/16/6 1194/17/6 1193/18/6
f 1188/16/6 1192/14/6 1195/5/6 1194/17/6
f 1192/14/6 1190/13/6 1196/7/6 1195/5/6
f 1190/13/6 1186/15/6 1193/18/6 1196/7/6
f 1199/14/6 1198/16/6 1197/15/6 1200/13/6
f 1188/16/1 1186/15/1 1197/15/1 1198/16/1
f 1186/15/4 1190/13/4 1200/13/4 1197/15/4
f 1192/14/2 1188/16/2 1198/16/2 1199/14/2
f 1201/1/1 1209/2/1 1210/3/1 1203/4/1
f 1203/4/2 1210/3/2 1211/5/2 1207/6/2
f 1207/6/3 1211/5/3 1212/7/3 1205/8/3
f 1205/8/4 1212/7/4 1209/9/4 1201/10/4
f 1203/11/5 1207/6/5 1205/8/5 1201/12/5
f 1206/13/3 1208/14/3 1215/14/3 1216/13/3
f 1202/15/6 1204/16/6 1210/17/6 1209/18/6
f 1204/16/6 1208/14/6 1211/5/6 1210/17/6
f 1208/14/6 1206/13/6 1212/7/6 1211/5/6
f 1206/13/6 1202/15/6 1209/18/6 1212/7/6
f 1215/14/6 1214/16/6 1213/15/6 1216/13/6
f 1204/16/1 1202/15/1 1213/15/1 1214/16/1
f 1202/15/4 1206/13/4 1216/13/4 1213/15/4
f 1208/14/2 1204/16/2 1214/16/2 1215/14/2
f 1217/1/1 1225/2/1 1226/3/1 1219/4/1
f 1219/4/2 1226/3/2 1227/5/2 1223/6/2
f 1223/6/3 1227/5/3 1228/7/3 1221/8/3
f 1221/8/4 1228/7/4 1225/9/4 1217/10/4
f 1219/11/5 1223/6/5 1221/8/5 1217/12/5
f 1222/13/3 1224/14/3 1231/14/3 1232/13/3
f 1218/15/6 1220/16/6 1226/17/6 1225/18/6
f 1220/16/6 1224/14/6 1227/5/6 1226/17/6
f 1224/14/6 1222/13/6 1228/7/6 1227/5/6
f 1222/13/6 1218/15/6 1225/18/6 1228/7/6
f 1231/14/6 1230/16/6 1229/15/6 1232/13/6
f 1220/16/1 1218/15/1 1229/15/1 1230/16/1
f 1218/15/4 1222/13/4 1232/13/4 1229/15/4
f 1224/14/2 1220/16/2 1230/16/2 1231/14/2
f 1233/1/1 1241/2/1 1242/3/1 1235/4/1
f 1235/4/2 1242/3/2 1243/5/2 1239/6/2
f 1239/6/3 1243/5/3 1244/7/3 1237/8/3
f 1237/8/4 1244/7/4 1241/9/4 1233/10/4
f 1235/11/5 1239/6/5 1237/8/5 1233/12/5
f 1238/13/3 1240/14/3 1247/14/3 1248/13/3
f 1234/15/6 1236/16/6 1242/17/6 1241/18/6
f 1236/16/6 1240/14/6 1243/5/6 1242/17/6
f 1240/14/6 1238/13/6 1244/7/6 1243/5/6
f 1238/13/6 1234/15/6 1241/18/6 1244/7/6
f 1247/14/6 1246/16/6 1245/15/6 1248/13/6
f 1236/16/1 1234/15/1 1245/15/1 1246/16/1
f 1234/15/4 1238/13/4 1248/13/4 1245/15/4
f 1240/14/2 1236/16/2 1246/16/2 1247/14/2
f 1249/1/1 1257/2/1 1258/3/1 1251/4/1
f 1251/4/2 1258/3/2 1259/5/2 1255/6/2
f 1255/6/3 1259/5/3 1260/7/3 1253/8/3
f 1253/8/4 1260/7/4 1257/9/4 1249/10/4
f 1251/11/5 1255/6/5 1253/8/5 1249/12/5
f 1254/13/3 1256/14/3 1263/14/3 1264/13/3
f 1250/15/6 1252/16/6 1258/17/6 1257/18/6
f 1252/16/6 1256/14/6 1259/5/6 1258/17/6
f 1256/14/6 1254/13/6 1260/7/6 1259/5/6
f 1254/13/6 1250/15/6 1257/18/6 1260/7/6
f 1263/14/6 1262/16/6 1261/15/6 1264/13/6
f 1252/16/1 1250/15/1 1261/15/1 1262/16/1
f 1250/15/4 1254/13/4 1264/13/4 1261/15/4
f 1256/14/2 1252/16/2 1262/16/2 1263/14/2
f 1265/1/1 1273/2/1 1274/3/1 1267/4/1
f 1267/4/2 1274/3/2 1275/5/2 1271/6/2
f 1271/6/3 1275/5/3 1276/7/3 1269/8/3
f 1269/8/4 1276/7/4 1273/9/4 1265/10/4
f 1267/11/5 1271/6/5 1269/8/5 1265/12/5
f 1270/13/3 1272/14/3 1279/14/3 1280/13/3
f 1266/15/6 1268/16/6 1274/17/6 1273/18/6
f 1268/16/6 1272/14/6 1275/5/6 1274/17/6
f 1272/14/6 1270/13/6 1276/7/6 1275/5/6
f 1270/13/6 1266/15/6 1273/18/6 1276/7/6
f 1279/14/6 1278/16/6 1277/15/6 1280/13/6
f 1268/16/1 1266/15/1 1277/15/1 1278/16/1
f 1266/15/4 1270/13/4 1280/13/4 1277/15/4
f 1272/14/2 1268/16/2 1278/16/2 1279/14/2
f 1281/1/1 1289/2/1 1290/3/1 1283/4/1
f 1283/4/2 1290/3/2 1291/5/2 1287/6/2
f 1287/6/3 1291/5/3 1292/7/3 1285/8/3
f 1285/8/4 1292/7/4 1289/9/4 1281/10/4
f 1283/11/5 1287/6/5 1285/8/5 1281/12/5
f 1286/13/3 1288/14/3 1295/14/3 1296/13/3
f 1282/15/6 1284/16/6 1290/17/6 1289/18/6
f 1284/16/6 1288/14/6 1291/5/6 1290/17/6
f 1288/14/6 1286/13/6 1292/7/6 1291/5/6
f 1286/13/6 1282/15/6 1289/18/6 1292/7/6
f 1295/14/6 1294/16/6 1293/15/6 1296/13/6
f 1284/16/1 1282/15/1 1293/15/1 1294/16/1
f 1282/15/4 1286/13/4 1296/13/4 1293/15/4
f 1288/14/2 1284/16/2 1294/16/2 1295/14/2
f 1297/1/1 1305/2/1 1306/3/1 1299/4/1
f 1299/4/2 1306/3/2 1307/5/2 1303/6/2
f 1303/6/3 1307/5/3 1308/7/3 1301/8/3
f 1301/8/4 1308/7/4 1305/9/4 1297/10/4
f 1299/11/5 1303/6/5 1301/8/5 1297/12/5
f 1302/13/3 1304/14/3 1311/14/3 1312/13/3
f 1298/15/6 1300/16/6 1306/17/6 1305/18/6
f 1300/16/6 1304/14/6 1307/5/6 1306/17/6
f 1304/14/6 1302/13/6 1308/7/6 1307/5/6
f 1302/13/6 1298/15/6 1305/18/6 1308/7/6
f 1311/14/6 1310/16/6 1309/15/6 1312/13/6
f 1300/16/1 1298/15/1 1309/15/1 1310/16/1
f 1298/15/4 1302/13/4 1312/13/4 1309/15/4
f 1304/14/2 1300/16/2 1310/16/2 1311/14/2
f 1313/1/1 1321/2/1 1322/3/1 1315/4/1
f 1315/4/2 1322/3/2 1323/5/2 1319/6/2
f 1319/6/3 1323/5/3 1324/7/3 1317/8/3
f 1317/8/4 1324/7/4 1321/9/4 1313/10/4
f 1315/11/5 1319/6/5 1317/8/5 1313/12/5
f 1318/13/3 1320/14/3 1327/14/3 1328/13/3
f 1314/15/6 1316/16/6 1322/17/6 1321/18/6
f 1316/16/6 1320/14/6 1323/5/6 1322/17/6
f 1320/14/6 1318/13/6 1324/7/6 1323/5/6
f 1318/13/6 1314/15/6 1321/18/6 1324/7/6
f 1327/14/6 1326/16/6 1325/15/6 1328/13/6
f 1316/16/1 1314/15/1 1325/15/1 1326/16/1
f 1314/15/4 1318/13/4 1328/13/4 1325/15/4
f 1320/14/2 1316/16/2 1326/16/2 1327/14/2
f 1329/1/1 1337/2/1 1338/3/1 1331/4/1
f 1331/4/2 1338/3/2 1339/5/2 1335/6/2
f 1335/6/3 1339/5/3 1340/7/3 1333/8/3
f 1333/8/4 1340/7/4 1337/9/4 1329/10/4
f 1331/11/5 1335/6/5 1333/8/5 1329/12/5
f 1334/13/3 1336/14/3 1343/14/3 1344/13/3
f 1330/15/6 1332/16/6 1338/17/6 1337/18/6
f 1332/16/6 1336/14/6 1339/5/6 1338/17/6
f 1336/14/6 1334/13/6 1340/7/6 1339/5/6
f 1334/13/6 1330/15/6 1337/18/6 1340/7/6
f 1343/14/6 1342/16/6 1341/15/6 1344/13/6
f 1332/16/1 1330/15/1 1341/15/1 1342/16/1
f 1330/15/4 1334/13/4 1344/13/4 1341/15/4
f 1336/14/2 1332/16/2 1342/16/2 1343/14/2
f 1345/1/1 1353/2/1 1354/3/1 1347/4/1
f 1347/4/2 1354/3/2 1355/5/2 1351/6/2
f 1351/6/3 1355/5/3 1356/7/3 1349/8/3
f 1349/8/4 1356/7/4 1353/9/4 1345/10/4
f 1347/11/5 1351/6/5 1349/8/5 1345/12/5
f 1350/13/3 1352/14/3 1359/14/3 1360/13/3
f 1346/15/6 1348/16/6 1354/17/6 1353/18/6
f 1348/16/6 1352/14/6 1355/5/6 1354/17/6
f 1352/14/6 1350/13/6 1356/7/6 1355/5/6
f 1350/13/6 1346/15/6 1353/18/6 1356/7/6
f 1359/14/6 1358/16/6 1357/15/6 1360/13/6
f 1348/16/1 1346/15/1 1357/15/1 1358/16/1
f 1346/15/4 1350/13/4 1360/13/4 1357/15/4
f 1352/14/2 1348/16/2 1358/16/2 1359/14/2
f 1361/1/1 1369/2/1 1370/3/1 1363/4/1
f 1363/4/2 1370/3/2 1371/5/2 1367/6/2
f 1367/6/3 1371/5/3 1372/7/3 1365/8/3
f 1365/8/4 1372/7/4 1369/9/4 1361/10/4
f 1363/11/5 1367/6/5 1365/8/5 1361/12/5
f 1366/13/3 1368/14/3 1375/14/3 1376/13/3
f 1362/15/6 1364/16/6 1370/17/6 1369/18/6
f 1364/16/6 1368/14/6 1371/5/6 1370/17/6
f 1368/14/6 1366/13/6 1372/7/6 1371/5/6
f 1366/13/6 1362/15/6 1369/18/6 1372/7/6
f 1375/14/6 1374/16/6 1373/15/6 1376/13/6
f 1364/16/1 1362/15/1 1373/15/1 1374/16/1
f 1362/15/4 1366/13/4 1376/13/4 1373/15/4
f 1368/14/2 1364/16/2 1374/16/2 1375/14/2
f 1377/1/1 1385/2/1 1386/3/1 1379/4/1
f 1379/4/2 1386/3/2 1387/5/2 1383/6/2
f 1383/6/3 1387/5/3 1388/7/3 1381/8/3
f 1381/8/4 1388/7/4 1385/9/4 1377/10/4
f 1379/11/5 1383/6/5 1381/8/5 1377/12/5
f 1382/13/3 1384/14/3 1391/14/3 1392/13/3
f 1378/15/6 1380/16/6 1386/17/6 1385/18/6
f 1380/16/6 1384/14/6 1387/5/6 1386/17/6
f 1384/14/6 1382/13/6 1388/7/6 1387/5/6
f 1382/13/6 1378/15/6 1385/18/6 1388/7/6
f 1391/14/6 1390/16/6 1389/15/6 1392/13/6
f 1380/16/1 1378/15/1 1389/15/1 1390/16/1
f 1378/15/4 1382/13/4 1392/13/4 1389/15/4
f 1384/14/2 1380/16/2 1390/16/2 1391/14/2
f 1393/1/1 1401/2/1 1402/3/1 1395/4/1
f 1395/4/2 1402/3/2 1403/5/2 1399/6/2
f 1399/6/3 1403/5/3 1404/7/3 1397/8/3
f 1397/8/4 1404/7/4 1401/9/4 1393/10/4
f 1395/11/5 1399/6/5 1397/8/5 1393/12/5
f 1398/13/3 1400/14/3 1407/14/3 1408/13/3
f 1394/15/6 1396/16/6 1402/17/6 1401/18/6
f 1396/16/6 1400/14/6 1403/5/6 1402/17/6
f 1400/14/6 1398/13/6 1404/7/6 1403/5/6
f 1398/13/6 1394/15/6 1401/18/6 1404/7/6
f 1407/14/6 1406/16/6 1405/15/6 1408/13/6
f 1396/16/1 1394/15/1 1405/15/1 1406/16/1
f 1394/15/4 1398/13/4 1408/13/4 1405/15/4
f 1400/14/2 1396/16/2 1406/16/2 1407/14/2
f 1409/1/1 1417/2/1 1418/3/1 1411/4/1
f 1411/4/2 1418/3/2 1419/5/2 1415/6/2
f 1415/6/3 1419/5/3 1420/7/3 1413/8/3
f 1413/8/4 1420/7/4 1417/9/4 1409/10/4
f 1411/11/5 1415/6/5 1413/8/5 1409/12/5
f 1414/13/3 1416/14/3 1423/14/3 1424/13/3
f 1410/15/6 1412/16/6 1418/17/6 1417/18/6
f 1412/16/6 1416/14/6 1419/5/6 1418/17/6
f 1416/14/6 1414/13/6 1420/7/6 1419/5/6
f 1414/13/6 1410/15/6 1417/18/6 1420/7/6
f 1423/14/6 1422/16/6 1421/15/6 1424/13/6
f 1412/16/1 1410/15/1 1421/15/1 1422/16/1
f 1410/15/4 1414/13/4 1424/13/4 1421/15/4
f 1416/14/2 1412/16/2 1422/16/2 1423/14/2
f 1425/1/1 1433/2/1 1434/3/1 1427/4/1
f 1427/4/2 1434/3/2 1435/5/2 1431/6/2
f 1431/6/3 1435/5/3 1436/7/3 1429/8/3
f 1429/8/4 1436/7/4 1433/9/4 1425/10/4
f 1427/11/5 1431/6/5 1429/8/5 1425/12/5
f 1430/13/3 1432/14/3 1439/14/3 1440/13/3
f 1426/15/6 1428/16/6 1434/17/6 1433/18/6
f 1428/16/6 1432/14/6 1435/5/6 1434/17/6
f 1432/14/6 1430/13/6 1436/7/6 1435/5/6
f 1430/13/6 1426/15/6 1433/18/6 1436/7/6
f 1439/14/6 1438/16/6 1437/15/6 1440/13/6
f 1428/16/1 1426/15/1 1437/15/1 1438/16/1
f 1426/15/4 1430/13/4 1440/13/4 1437/15/4
f 1432/14/2 1428/16/2 1438/16/2 1439/14/2
f 1441/1/1 1449/2/1 1450/3/1 1443/4/1
f 1443/4/2 1450/3/2 1451/5/2 1447/6/2
f 1447/6/3 1451/5/3 1452/7/3 1445/8/3
f 1445/8/4 1452/7/4 1449/9/4 1441/10/4
f 1443/11/5 1447/6/5 1445/8/5 1441/12/5
f 1446/13/3 1448/14/3 1455/14/3 1456/13/3
f 1442/15/6 1444/16/6 1450/17/6 1449/18/6
f 1444/16/6 1448/14/6 1451/5/6 1450/17/6
f 1448/14/6 1446/13/6 1452/7/6 1451/5/6
f 1446/13/6 1442/15/6 1449/18/6 1452/7/6
f 1455/14/6 1454/16/6 1453/15/6 1456/13/6
f 1444/16/1 1442/15/1 1453/15/1 1454/16/1
f 1442/15/4 1446/13/4 1456/13/4 1453/15/4
f 1448/14/2 1444/16/2 1454/16/2 1455/14/2
f 1457/1/1 1465/2/1 1466/3/1 1459/4/1
f 1459/4/2 1466/3/2 1467/5/2 1463/6/2
f 1463/6/3 1467/5/3 1468/7/3 1461/8/3
f 1461/8/4 1468/7/4 1465/9/4 1457/10/4
f 1459/11/5 1463/6/5 1461/8/5 1457/12/5
f 1462/13/3 1464/14/3 1471/14/3 1472/13/3
f 1458/15/6 1460/16/6 1466/17/6 1465/18/6
f 1460/16/6 1464/14/6 1467/5/6 1466/17/6
f 1464/14/6 1462/13/6 1468/7/6 1467/5/6
f 1462/13/6 1458/15/6 1465/18/6 1468/7/6
f 1471/14/6 1470/16/6 1469/15/6 1472/13/6
f 1460/16/1 1458/15/1 1469/15/1 1470/16/1
f 1458/15/4 1462/13/4 1472/13/4 1469/15/4
f 1464/14/2 1460/16/2 1470/16/2 1471/14/2
f 1473/1/1 1481/2/1 1482/3/1 1475/4/1
f 1475/4/2 1482/3/2 1483/5/2 1479/6/2
f 1479/6/3 1483/5/3 1484/7/3 1477/8/3
f 1477/8/4 1484/7/4 1481/9/4 1473/10/4
f 1475/11/5 1479/6/5 1477/8/5 1473/12/5
f 1478/13/3 1480/14/3 1487/14/3 1488/13/3
f 1474/15/6 1476/16/6 1482/17/6 1481/18/6
f 1476/16/6 1480/14/6 1483/5/6 1482/17/6
f 1480/14/6 1478/13/6 1484/7/6 1483/5/6
f 1478/13/6 1474/15/6 1481/18/6 1484/7/6
f 1487/14/6 1486/16/6 1485/15/6 1488/13/6
f 1476/16/1 1474/15/1 1485/15/1 1486/16/1
f 1474/15/4 1478/13/4 1488/13/4 1485/15/4
f 1480/14/2 1476/16/2 1486/16/2 1487/14/2
f 1489/1/1 1497/2/1 1498/3/1 1491/4/1
f 1491/4/2 1498/3/2 1499/5/2 1495/6/2
f 1495/6/3 1499/5/3 1500/7/3 1493/8/3
f 1493/8/4 1500/7/4 1497/9/4 1489/10/4
f 1491/11/5 1495/6/5 1493/8/5 1489/12/5
f 1494/13/3 1496/14/3 1503/14/3 1504/13/3
f 1490/15/6 1492/16/6 1498/17/6 1497/18/6
f 1492/16/6 1496/14/6 1499/5/6 1498/17/6
f 1496/14/6 1494/13/6 1500/7/6 1499/5/6
f 1494/13/6 1490/15/6 1497/18/6 1500/7/6
f 1503/14/6 1502/16/6 1501/15/6 1504/13/6
f 1492/16/1 1490/15/1 1501/15/1 1502/16/1
f 1490/15/4 1494/13/4 1504/13/4 1501/15/4
f 1496/14/2 1492/16/2 1502/16/2 1503/14/2
f 1505/1/1 1513/2/1 1514/3/1 1507/4/1
f 1507/4/2 1514/3/2 1515/5/2 1511/6/2
f 1511/6/3 1515/5/3 1516/7/3 1509/8/3
f 1509/8/4 1516/7/4 1513/9/4 1505/10/4
f 1507/11/5 1511/6/5 1509/8/5 1505/12/5
f 1510/13/3 1512/14/3 1519/14/3 1520/13/3
f 1506/15/6 1508/16/6 1514/17/6 1513/18/6
f 1508/16/6 1512/14/6 1515/5/6 1514/17/6
f 1512/14/6 1510/13/6 1516/7/6 1515/5/6
f 1510/13/6 1506/15/6 1513/18/6 1516/7/6
f 1519/14/6 1518/16/6 1517/15/6 1520/13/6
f 1508/16/1 1506/15/1 1517/15/1 1518/16/1
f 1506/15/4 1510/13/4 1520/13/4 1517/15/4
f 1512/14/2 1508/16/2 1518/16/2 1519/14/2
f 1521/1/1 1529/2/1 1530/3/1 1523/4/1
f 1523/4/2 1530/3/2 1531/5/2 1527/6/2
f 1527/6/3 1531/5/3 1532/7/3 1525/8/3
f 1525/8/4 1532/7/4 1529/9/4 1521/10/4
f 1523/11/5 1527/6/5 1525/8/5 1521/12/5
f 1526/13/3 1528/14/3 1535/14/3 1536/13/3
f 1522/15/6 1524/16/6 1530/17/6 1529/18/6
f 1524/16/6 1528/14/6 1531/5/6 1530/17/6
f 1528/14/6 1526/13/6 1532/7/6 1531/5/6
f 1526/13/6 1522/15/6 1529/18/6 1532/7/6
f 1535/14/6 1534/16/6 1533/15/6 1536/13/6
f 1524/16/1 1522/15/1 1533/15/1 1534/16/1
f 1522/15/4 1526/13/4 1536/13/4 1533/15/4
f 1528/14/2 1524/16/2 1534/16/2 1535/14/2
f 1537/1/1 1545/2/1 1546/3/1 1539/4/1
f 1539/4/2 1546/3/2 1547/5/2 1543/6/2
f 1543/6/3 1547/5/3 1548/7/3 1541/8/3
f 1541/8/4 1548/7/4 1545/9/4 1537/10/4
f 1539/11/5 1543/6/5 1541/8/5 1537/12/5
f 1542/13/3 1544/14/3 1551/14/3 1552/13/3
f 1538/15/6 1540/16/6 1546/17/6 1545/18/6
f 1540/16/6 1544/14/6 1547/5/6 1546/17/6
f 1544/14/6 1542/13/6 1548/7/6 1547/5/6
f 1542/13/6 1538/15/6 1545/18/6 1548/7/6
f 1551/14/6 1550/16/6 1549/15/6 1552/13/6
f 1540/16/1 1538/15/1 1549/15/1 1550/16/1
f 1538/15/4 1542/13/4 1552/13/4 1549/15/4
f 1544/14/2 1540/16/2 1550/16/2 1551/14/2
f 1553/1/1 1561/2/1 1562/3/1 1555/4/1
f 1555/4/2 1562/3/2 1563/5/2 1559/6/2
f 1559/6/3 1563/5/3 1564/7/3 1557/8/3
f 1557/8/4 1564/7/4 1561/9/4 1553/10/4
f 1555/11/5 1559/6/5 1557/8/5 1553/12/5
f 1558/13/3 1560/14/3 1567/14/3 1568/13/3
f 1554/15/6 1556/16/6 1562/17/6 1561/18/6
f 1556/16/6 1560/14/6 1563/5/6 1562/17/6
f 1560/14/6 1558/13/6 1564/7/6 1563/5/6
f 1558/13/6 1554/15/6 1561/18/6 1564/7/6
f 1567/14/6 1566/16/6 1565/15/6 1568/13/6
f 1556/16/1 1554/15/1 1565/15/1 1566/16/1
f 1554/15/4 1558/13/4 1568/13/4 1565/15/4
f 1560/14/2 1556/16/2 1566/16/2 1567/14/2
f 1569/1/1 1577/2/1 1578/3/1 1571/4/1
f 1571/4/2 1578/3/2 1579/5/2 1575/6/2
f 1575/6/3 1579/5/3 1580/7/3 1573/8/3
f 1573/8/4 1580/7/4 1577/9/4 1569/10/4
f 1571/11/5 1575/6/5 1573/8/5 1569/12/5
f 1574/13/3 1576/14/3 1583/14/3 1584/13/3
f 1570/15/6 1572/16/6 1578/17/6 1577/18/6
f 1572/16/6 1576/14/6 1579/5/6 1578/17/6
f 1576/14/6 1574/13/6 1580/7/6 1579/5/6
f 1574/13/6 1570/15/6 1577/18/6 1580/7/6
f 1583/14/6 1582/16/6 1581/15/6 1584/13/6
f 1572/16/1 1570/15/1 1581/15/1 1582/16/1
f 1570/15/4 1574/13/4 1584/13/4 1581/15/4
f 1576/14/2 1572/16/2 1582/16/2 1583/14/2
f 1585/1/1 1593/2/1 1594/3/1 1587/4/1
f 1587/4/2 1594/3/2 1595/5/2 1591/6/2
f 1591/6/3 1595/5/3 1596/7/3 1589/8/3
f 1589/8/4 1596/7/4 1593/9/4 1585/10/4
f 1587/11/5 1591/6/5 1589/8/5 1585/12/5
f 1590/13/3 1592/14/3 1599/14/3 1600/13/3
f 1586/15/6 1588/16/6 1594/17/6 1593/18/6
f 1588/16/6 1592/14/6 1595/5/6 1594/17/6
f 1592/14/6 1590/13/6 1596/7/6 1595/5/6
f 1590/13/6 1586/15/6 1593/18/6 1596/7/6
f 1599/14/6 1598/16/6 1597/15/6 1600/13/6
f 1588/16/1 1586/15/1 1597/15/1 1598/16/1
f 1586/15/4 1590/13/4 1600/13/4 1597/15/4
f 1592/14/2 1588/16/2 1598/16/2 1599/14/2
o Cube.001
v -8.574749 2.848606 1.007550
v -8.529236 2.834617 0.961311
v -8.574749 2.848606 -0.992450
v -8.529236 2.834617 -0.946211
v -8.574749 2.243515 1.007550
v -8.529236 2.257505 0.961311
v -8.574749 2.243515 -0.992450
v -8.529236 2.257505 -0.946211
v -8.529236 2.848606 1.007550
v -8.529236 2.848606 -0.992450
v -8.529236 2.243515 -0.992450
v -8.529236 2.243515 1.007550
v -8.146725 2.834617 0.961311
v -8.146725 2.834617 -0.946211
v -8.146725 2.257505 -0.946211
v -8.146725 2.257505 0.961311
v -8.589048 1.054651 1.000001
v -8.543536 1.040662 0.953762
v -8.589048 1.054651 -0.999999
v -8.543536 1.040662 -0.953760
v -8.589048 0.449561 1.000001
v -8.543535 0.463550 0.953762
v -8.589048 0.449561 -0.999999
v -8.543535 0.463550 -0.953760
v -8.543536 1.054651 1.000001
v -8.543536 1.054651 -0.999999
v -8.543535 0.449561 -0.999999
v -8.543535 0.449561 1.000001
v -8.161024 1.040662 0.953762
v -8.161024 1.040662 -0.953760
v -8.161024 0.463550 -0.953760
v -8.161024 0.463550 0.953762
v -8.589048 1.054651 -0.999695
v -8.543536 1.040662 -1.045934
v -8.589048 1.054651 -2.999695
v -8.543536 1.040662 -2.953456
v -8.589048 0.449561 -0.999695
v -8.543535 0.463550 -1.045934
v -8.589048 0.449561 -2.999695
v -8.543535 0.463550 -2.953456
v -8.543536 1.054651 -0.999695
v -8.543536 1.054651 -2.999695
v -8.543535 0.449561 -2.999695
v -8.543535 0.449561 -0.999695
v -8.161024 1.040662 -1.045934
v -8.161024 1.040662 -2.953456
v -8.161024 0.463550 -2.953456
v -8.161024 0.463550 -1.045934
v -8.574749 1.652428 1.007550
v -8.529236 1.638439 0.961311
v -8.574749 1.652428 -0.992450
v -8.529236 1.638439 -0.946211
v -8.574749 1.047338 1.007550
v -8.529236 1.061327 0.961311
v -8.574749 1.047338 -0.992450
v -8.529236 1.061327 -0.946211
v -8.529236 1.652428 1.007550
v -8.529236 1.652428 -0.992450
v -8.529236 1.047338 -0.992450
v -8.529236 1.047338 1.007550
v -8.146725 1.638439 0.961311
v -8.146725 1.638439 -0.946211
v -8.146725 1.061327 -0.946211
v -8.146725 1.061327 0.961311
v -8.574749 1.652428 -0.992146
v -8.529236 1.638439 -1.038385
v -8.574749 1.652428 -2.992146
v -8.529236 1.638439 -2.945907
v -8.574749 1.047338 -0.992146
v -8.529236 1.061327 -1.038385
v -8.574749 1.047338 -2.992146
v -8.529236 1.061327 -2.945907
v -8.529236 1.652428 -0.992146
v -8.529236 1.652428 -2.992146
v -8.529236 1.047338 -2.992146
v -8.529236 1.047338 -0.992146
v -8.146725 1.638439 -1.038385
v -8.146725 1.638439 -2.945907
v -8.146725 1.061327 -2.945907
v -8.146725 1.061327 -1.038385
v -8.589048 1.054651 -2.992616
v -8.543536 1.040662 -3.038855
v -8.589048 1.054651 -4.992616
v -8.543536 1.040662 -4.946377
v -8.589048 0.449561 -2.992616
v -8.543535 0.463550 -3.038855
v -8.589048 0.449561 -4.992616
v -8.543535 0.463550 -4.946377
v -8.543536 1.054651 -2.992616
v -8.543536 1.054651 -4.992616
v -8.543535 0.449561 -4.992616
v -8.543535 0.449561 -2.992616
v -8.161024 1.040662 -3.038855
v -8.161024 1.040662 -4.946377
v -8.161024 0.463550 -4.946377
v -8.161024 0.463550 -3.038855
v -8.589048 1.054651 -4.992312
v -8.543536 1.040662 -5.038551
v -8.589048 1.054651 -6.992312
v -8.543536 1.040662 -6.946073
v -8.589048 0.449561 -4.992312
v -8.543535 0.463550 -5.038551
v -8.589048 0.449561 -6.992312
v -8.543535 0.463550 -6.946073
v -8.543536 1.054651 -4.992312
v -8.543536 1.054651 -6.992312
v -8.543535 0.449561 -6.992312
v -8.543535 0.449561 -4.992312
v -8.161024 1.040662 -5.038551
v -8.161024 1.040662 -6.946073
v -8.161024 0.463550 -6.946073
v -8.161024 0.463550 -5.038551
v -8.574749 1.652428 -2.985067
v -8.529236 1.638439 -3.031306
v -8.574749 1.652428 -4.985067
v -8.529236 1.638439 -4.938828
v -8.574749 1.047338 -2.985067
v -8.529236 1.061327 -3.031306
v -8.574749 1.047338 -4.985067
v -8.529236 1.061327 -4.938828
v -8.529236 1.652428 -2.985067
v -8.529236 1.652428 -4.985067
v -8.529236 1.047338 -4.985067
v -8.529236 1.047338 -2.985067
v -8.146725 1.638439 -3.031306
v -8.146725 1.638439 -4.938828
v -8.146725 1.061327 -4.938828
v -8.146725 1.061327 -3.031306
v -8.574749 1.652428 -4.984763
v -8.529236 1.638439 -5.031002
v -8.574749 1.652428 -6.984763
v -8.529236 1.638439 -6.938524
v -8.574749 1.047338 -4.984763
v -8.529236 1.061327 -5.031002
v -8.574749 1.047338 -6.984763
v -8.529236 1.061327 -6.938524
v -8.529236 1.652428 -4.984763
v -8.529236 1.652428 -6.984763
v -8.529236 1.047338 -6.984763
v -8.529236 1.047338 -4.984763
v -8.146725 1.638439 -5.031002
v -8.146725 1.638439 -6.938524
v -8.146725 1.061327 -6.938524
v -8.146725 1.061327 -5.031002
v -8.589049 2.250829 1.000001
v -8.543536 2.236840 0.953762
v -8.589049 2.250829 -0.999999
v -8.543536 2.236840 -0.953760
v -8.589049 1.645739 1.000001
v -8.543536 1.659728 0.953762
v -8.589049 1.645739 -0.999999
v -8.543536 1.659728 -0.953760
v -8.543536 2.250829 1.000001
v -8.543536 2.250829 -0.999999
v -8.543536 1.645739 -0.999999
v -8.543536 1.645739 1.000001
v -8.161025 2.236840 0.953762
v -8.161025 2.236840 -0.953760
v -8.161025 1.659728 -0.953760
v -8.161025 1.659728 0.953762
v -8.589049 2.250829 -0.999695
v -8.543536 2.236840 -1.045934
v -8.589049 2.250829 -2.999695
v -8.543536 2.236840 -2.953456
v -8.589049 1.645739 -0.999695
v -8.543536 1.659728 -1.045934
v -8.589049 1.645739 -2.999695
v -8.543536 1.659728 -2.953456
v -8.543536 2.250829 -0.999695
v -8.543536 2.250829 -2.999695
v -8.543536 1.645739 -2.999695
v -8.543536 1.645739 -0.999695
v -8.161025 2.236840 -1.045934
v -8.161025 2.236840 -2.953456
v -8.161025 1.659728 -2.953456
v -8.161025 1.659728 -1.045934
v -8.574749 2.848606 -0.992146
v -8.529236 2.834617 -1.038385
v -8.574749 2.848606 -2.992146
v -8.529236 2.834617 -2.945907
v -8.574749 2.243515 -0.992146
v -8.529236 2.257505 -1.038385
v -8.574749 2.243515 -2.992146
v -8.529236 2.257505 -2.945907
v -8.529236 2.848606 -0.992146
v -8.529236 2.848606 -2.992146
v -8.529236 2.243515 -2.992146
v -8.529236 2.243515 -0.992146
v -8.146725 2.834617 -1.038385
v -8.146725 2.834617 -2.945907
v -8.146725 2.257505 -2.945907
v -8.146725 2.257505 -1.038385
v -8.589049 2.250829 -2.992616
v -8.543536 2.236840 -3.038855
v -8.589049 2.250829 -4.992616
v -8.543536 2.236840 -4.946377
v -8.589049 1.645739 -2.992616
v -8.543536 1.659728 -3.038855
v -8.589049 1.645739 -4.992616
v -8.543536 1.659728 -4.946377
v -8.543536 2.250829 -2.992616
v -8.543536 2.250829 -4.992616
v -8.543536 1.645739 -4.992616
v -8.543536 1.645739 -2.992616
v -8.161025 2.236840 -3.038855
v -8.161025 2.236840 -4.946377
v -8.161025 1.659728 -4.946377
v -8.161025 1.659728 -3.038855
v -8.589049 2.250829 -4.992312
v -8.543536 2.236840 -5.038551
v -8.589049 2.250829 -6.992312
v -8.543536 2.236840 -6.946073
v -8.589049 1.645739 -4.992312
v -8.543536 1.659728 -5.038551
v -8.589049 1.645739 -6.992312
v -8.543536 1.659728 -6.946073
v -8.543536 2.250829 -4.992312
v -8.543536 2.250829 -6.992312
v -8.543536 1.645739 -6.992312
v -8.543536 1.645739 -4.992312
v -8.161025 2.236840 -5.038551
v -8.161025 2.236840 -6.946073
v -8.161025 1.659728 -6.946073
v -8.161025 1.659728 -5.038551
v -8.574749 2.848606 -2.985067
v -8.529236 2.834617 -3.031306
v -8.574749 2.848606 -4.985067
v -8.529236 2.834617 -4.938828
v -8.574749 2.243515 -2.985067
v -8.529236 2.257505 -3.031306
v -8.574749 2.243515 -4.985067
v -8.529236 2.257505 -4.938828
v -8.529236 2.848606 -2.985067
v -8.529236 2.848606 -4.985067
v -8.529236 2.243515 -4.985067
v -8.529236 2.243515 -2.985067
v -8.146725 2.834617 -3.031306
v -8.146725 2.834617 -4.938828
v -8.146725 2.257505 -4.938828
v -8.146725 2.257505 -3.031306
v -8.574749 2.848606 -4.984763
v -8.529236 2.834617 -5.031002
v -8.574749 2.848606 -6.984763
v -8.529236 2.834617 -6.938524
v -8.574749 2.243515 -4.984763
v -8.529236 2.257505 -5.031002
v -8.574749 2.243515 -6.984763
v -8.529236 2.257505 -6.938524
v -8.529236 2.848606 -4.984763
v -8.529236 2.848606 -6.984763
v -8.529236 2.243515 -6.984763
v -8.529236 2.243515 -4.984763
v -8.146725 2.834617 -5.031002
v -8.146725 2.834617 -6.938524
v -8.146725 2.257505 -6.938524
v -8.146725 2.257505 -5.031002
v -8.574749 3.453708 1.007550
v -8.529237 3.439719 0.961311
v -8.574749 3.453708 -0.992450
v -8.529237 3.439719 -0.946211
v -8.574749 2.848618 1.007550
v -8.529236 2.862607 0.961311
v -8.574749 2.848618 -0.992450
v -8.529236 2.862607 -0.946211
v -8.529237 3.453708 1.007550
v -8.529237 3.453708 -0.992450
v -8.529236 2.848618 -0.992450
v -8.529236 2.848618 1.007550
v -8.146725 3.439719 0.961311
v -8.146725 3.439719 -0.946211
v -8.146725 2.862607 -0.946211
v -8.146725 2.862607 0.961311
v -8.574749 3.453708 -0.992146
v -8.529237 3.439719 -1.038385
v -8.574749 3.453708 -2.992146
v -8.529237 3.439719 -2.945907
v -8.574749 2.848618 -0.992146
v -8.529236 2.862607 -1.038385
v -8.574749 2.848618 -2.992146
v -8.529236 2.862607 -2.945907
v -8.529237 3.453708 -0.992146
v -8.529237 3.453708 -2.992146
v -8.529236 2.848618 -2.992146
v -8.529236 2.848618 -0.992146
v -8.146725 3.439719 -1.038385
v -8.146725 3.439719 -2.945907
v -8.146725 2.862607 -2.945907
v -8.146725 2.862607 -1.038385
v -8.574749 3.453708 -2.985067
v -8.529237 3.439719 -3.031306
v -8.574749 3.453708 -4.985067
v -8.529237 3.439719 -4.938828
v -8.574749 2.848618 -2.985067
v -8.529236 2.862607 -3.031306
v -8.574749 2.848618 -4.985067
v -8.529236 2.862607 -4.938828
v -8.529237 3.453708 -2.985067
v -8.529237 3.453708 -4.985067
v -8.529236 2.848618 -4.985067
v -8.529236 2.848618 -2.985067
v -8.146725 3.439719 -3.031306
v -8.146725 3.439719 -4.938828
v -8.146725 2.862607 -4.938828
v -8.146725 2.862607 -3.031306
v -8.574749 3.453708 -4.984763
v -8.529237 3.439719 -5.031002
v -8.574749 3.453708 -6.984763
v -8.529237 3.439719 -6.938524
v -8.574749 2.848618 -4.984763
v -8.529236 2.862607 -5.031002
v -8.574749 2.848618 -6.984763
v -8.529236 2.862607 -6.938524
v -8.529237 3.453708 -4.984763
v -8.529237 3.453708 -6.984763
v -8.529236 2.848618 -6.984763
v -8.529236 2.848618 -4.984763
v -8.146725 3.439719 -5.031002
v -8.146725 3.439719 -6.938524
v -8.146725 2.862607 -6.938524
v -8.146725 2.862607 -5.031002
v -8.589048 1.054651 -6.987965
v -8.543536 1.040662 -7.034204
v -8.589048 1.054651 -8.987965
v -8.543536 1.040662 -8.941726
v -8.589048 0.449561 -6.987965
v -8.543535 0.463550 -7.034204
v -8.589048 0.449561 -8.987965
v -8.543535 0.463550 -8.941726
v -8.543536 1.054651 -6.987965
v -8.543536 1.054651 -8.987965
v -8.543535 0.449561 -8.987965
v -8.543535 0.449561 -6.987965
v -8.161024 1.040662 -7.034204
v -8.161024 1.040662 -8.941726
v -8.161024 0.463550 -8.941726
v -8.161024 0.463550 -7.034204
v -8.574749 1.652428 -6.980416
v -8.529236 1.638439 -7.026655
v -8.574749 1.652428 -8.980416
v -8.529236 1.638439 -8.934177
v -8.574749 1.047338 -6.980416
v -8.529236 1.061327 -7.026655
v -8.574749 1.047338 -8.980416
v -8.529236 1.061327 -8.934177
v -8.529236 1.652428 -6.980416
v -8.529236 1.652428 -8.980416
v -8.529236 1.047338 -8.980416
v -8.529236 1.047338 -6.980416
v -8.146725 1.638439 -7.026655
v -8.146725 1.638439 -8.934177
v -8.146725 1.061327 -8.934177
v -8.146725 1.061327 -7.026655
v -8.589049 2.250829 -6.987965
v -8.543536 2.236840 -7.034204
v -8.589049 2.250829 -8.987965
v -8.543536 2.236840 -8.941726
v -8.589049 1.645739 -6.987965
v -8.543536 1.659728 -7.034204
v -8.589049 1.645739 -8.987965
v -8.543536 1.659728 -8.941726
v -8.543536 2.250829 -6.987965
v -8.543536 2.250829 -8.987965
v -8.543536 1.645739 -8.987965
v -8.543536 1.645739 -6.987965
v -8.161025 2.236840 -7.034204
v -8.161025 2.236840 -8.941726
v -8.161025 1.659728 -8.941726
v -8.161025 1.659728 -7.034204
v -8.574749 2.848606 -6.980416
v -8.529236 2.834617 -7.026655
v -8.574749 2.848606 -8.980416
v -8.529236 2.834617 -8.934177
v -8.574749 2.243515 -6.980416
v -8.529236 2.257505 -7.026655
v -8.574749 2.243515 -8.980416
v -8.529236 2.257505 -8.934177
v -8.529236 2.848606 -6.980416
v -8.529236 2.848606 -8.980416
v -8.529236 2.243515 -8.980416
v -8.529236 2.243515 -6.980416
v -8.146725 2.834617 -7.026655
v -8.146725 2.834617 -8.934177
v -8.146725 2.257505 -8.934177
v -8.146725 2.257505 -7.026655
v -8.574749 3.453708 -6.980416
v -8.529237 3.439719 -7.026655
v -8.574749 3.453708 -8.980416
v -8.529237 3.439719 -8.934177
v -8.574749 2.848618 -6.980416
v -8.529236 2.862607 -7.026655
v -8.574749 2.848618 -8.980416
v -8.529236 2.862607 -8.934177
v -8.529237 3.453708 -6.980416
v -8.529237 3.453708 -8.980416
v -8.529236 2.848618 -8.980416
v -8.529236 2.848618 -6.980416
v -8.146725 3.439719 -7.026655
v -8.146725 3.439719 -8.934177
v -8.146725 2.862607 -8.934177
v -8.146725 2.862607 -7.026655
v -8.574750 5.853514 1.007550
v -8.529237 5.839524 0.961311
v -8.574750 5.853514 -0.992450
v -8.529237 5.839524 -0.946211
v -8.574750 5.248423 1.007550
v -8.529237 5.262413 0.961311
v -8.574750 5.248423 -0.992450
v -8.529237 5.262413 -0.946211
v -8.529237 5.853514 1.007550
v -8.529237 5.853514 -0.992450
v -8.529237 5.248423 -0.992450
v -8.529237 5.248423 1.007550
v -8.146726 5.839524 0.961311
v -8.146726 5.839524 -0.946211
v -8.146726 5.262413 -0.946211
v -8.146726 5.262413 0.961311
v -8.589049 4.059559 1.000001
v -8.543536 4.045569 0.953762
v -8.589049 4.059559 -0.999999
v -8.543536 4.045569 -0.953760
v -8.589049 3.454468 1.000001
v -8.543536 3.468458 0.953762
v -8.589049 3.454468 -0.999999
v -8.543536 3.468458 -0.953760
v -8.543536 4.059559 1.000001
v -8.543536 4.059559 -0.999999
v -8.543536 3.454468 -0.999999
v -8.543536 3.454468 1.000001
v -8.161025 4.045569 0.953762
v -8.161025 4.045569 -0.953760
v -8.161025 3.468458 -0.953760
v -8.161025 3.468458 0.953762
v -8.589049 4.059559 -0.999695
v -8.543536 4.045569 -1.045934
v -8.589049 4.059559 -2.999695
v -8.543536 4.045569 -2.953456
v -8.589049 3.454468 -0.999695
v -8.543536 3.468458 -1.045934
v -8.589049 3.454468 -2.999695
v -8.543536 3.468458 -2.953456
v -8.543536 4.059559 -0.999695
v -8.543536 4.059559 -2.999695
v -8.543536 3.454468 -2.999695
v -8.543536 3.454468 -0.999695
v -8.161025 4.045569 -1.045934
v -8.161025 4.045569 -2.953456
v -8.161025 3.468458 -2.953456
v -8.161025 3.468458 -1.045934
v -8.574750 4.657336 1.007550
v -8.529237 4.643346 0.961311
v -8.574750 4.657336 -0.992450
v -8.529237 4.643346 -0.946211
v -8.574750 4.052245 1.007550
v -8.529237 4.066235 0.961311
v -8.574750 4.052245 -0.992450
v -8.529237 4.066235 -0.946211
v -8.529237 4.657336 1.007550
v -8.529237 4.657336 -0.992450
v -8.529237 4.052245 -0.992450
v -8.529237 4.052245 1.007550
v -8.146726 4.643346 0.961311
v -8.146726 4.643346 -0.946211
v -8.146726 4.066235 -0.946211
v -8.146726 4.066235 0.961311
v -8.574750 4.657336 -0.992146
v -8.529237 4.643346 -1.038385
v -8.574750 4.657336 -2.992146
v -8.529237 4.643346 -2.945907
v -8.574750 4.052245 -0.992146
v -8.529237 4.066235 -1.038385
v -8.574750 4.052245 -2.992146
v -8.529237 4.066235 -2.945907
v -8.529237 4.657336 -0.992146
v -8.529237 4.657336 -2.992146
v -8.529237 4.052245 -2.992146
v -8.529237 4.052245 -0.992146
v -8.146726 4.643346 -1.038385
v -8.146726 4.643346 -2.945907
v -8.146726 4.066235 -2.945907
v -8.146726 4.066235 -1.038385
v -8.589049 4.059559 -2.992616
v -8.543536 4.045569 -3.038855
v -8.589049 4.059559 -4.992616
v -8.543536 4.045569 -4.946377
v -8.589049 3.454468 -2.992616
v -8.543536 3.468458 -3.038855
v -8.589049 3.454468 -4.992616
v -8.543536 3.468458 -4.946377
v -8.543536 4.059559 -2.992616
v -8.543536 4.059559 -4.992616
v -8.543536 3.454468 -4.992616
v -8.543536 3.454468 -2.992616
v -8.161025 4.045569 -3.038855
v -8.161025 4.045569 -4.946377
v -8.161025 3.468458 -4.946377
v -8.161025 3.468458 -3.038855
v -8.589049 4.059559 -4.992312
v -8.543536 4.045569 -5.038551
v -8.589049 4.059559 -6.992312
v -8.543536 4.045569 -6.946073
v -8.589049 3.454468 -4.992312
v -8.543536 3.468458 -5.038551
v -8.589049 3.454468 -6.992312
v -8.543536 3.468458 -6.946073
v -8.543536 4.059559 -4.992312
v -8.543536 4.059559 -6.992312
v -8.543536 3.454468 -6.992312
v -8.543536 3.454468 -4.992312
v -8.161025 4.045569 -5.038551
v -8.161025 4.045569 -6.946073
v -8.161025 3.468458 -6.946073
v -8.161025 3.468458 -5.038551
v -8.574750 4.657336 -2.985067
v -8.529237 4.643346 -3.031306
v -8.574750 4.657336 -4.985067
v -8.529237 4.643346 -4.938828
v -8.574750 4.052245 -2.985067
v -8.529237 4.066235 -3.031306
v -8.574750 4.052245 -4.985067
v -8.529237 4.066235 -4.938828
v -8.529237 4.657336 -2.985067
v -8.529237 4.657336 -4.985067
v -8.529237 4.052245 -4.985067
v -8.529237 4.052245 -2.985067
v -8.146726 4.643346 -3.031306
v -8.146726 4.643346 -4.938828
v -8.146726 4.066235 -4.938828
v -8.146726 4.066235 -3.031306
v -8.574750 4.657336 -4.984763
v -8.529237 4.643346 -5.031002
v -8.574750 4.657336 -6.984763
v -8.529237 4.643346 -6.938524
v -8.574750 4.052245 -4.984763
v -8.529237 4.066235 -5.031002
v -8.574750 4.052245 -6.984763
v -8.529237 4.066235 -6.938524
v -8.529237 4.657336 -4.984763
v -8.529237 4.657336 -6.984763
v -8.529237 4.052245 -6.984763
v -8.529237 4.052245 -4.984763
v -8.146726 4.643346 -5.031002
v -8.146726 4.643346 -6.938524
v -8.146726 4.066235 -6.938524
v -8.146726 4.066235 -5.031002
v -8.589050 5.255737 1.000001
v -8.543537 5.241747 0.953762
v -8.589050 5.255737 -0.999999
v -8.543537 5.241747 -0.953760
v -8.589049 4.650647 1.000001
v -8.543537 4.664636 0.953762
v -8.589049 4.650647 -0.999999
v -8.543537 4.664636 -0.953760
v -8.543537 5.255737 1.000001
v -8.543537 5.255737 -0.999999
v -8.543537 4.650647 -0.999999
v -8.543537 4.650647 1.000001
v -8.161025 5.241747 0.953762
v -8.161025 5.241747 -0.953760
v -8.161025 4.664636 -0.953760
v -8.161025 4.664636 0.953762
v -8.589050 5.255737 -0.999695
v -8.543537 5.241747 -1.045934
v -8.589050 5.255737 -2.999695
v -8.543537 5.241747 -2.953456
v -8.589049 4.650647 -0.999695
v -8.543537 4.664636 -1.045934
v -8.589049 4.650647 -2.999695
v -8.543537 4.664636 -2.953456
v -8.543537 5.255737 -0.999695
v -8.543537 5.255737 -2.999695
v -8.543537 4.650647 -2.999695
v -8.543537 4.650647 -0.999695
v -8.161025 5.241747 -1.045934
v -8.161025 5.241747 -2.953456
v -8.161025 4.664636 -2.953456
v -8.161025 4.664636 -1.045934
v -8.574750 5.853514 -0.992146
v -8.529237 5.839524 -1.038385
v -8.574750 5.853514 -2.992146
v -8.529237 5.839524 -2.945907
v -8.574750 5.248423 -0.992146
v -8.529237 5.262413 -1.038385
v -8.574750 5.248423 -2.992146
v -8.529237 5.262413 -2.945907
v -8.529237 5.853514 -0.992146
v -8.529237 5.853514 -2.992146
v -8.529237 5.248423 -2.992146
v -8.529237 5.248423 -0.992146
v -8.146726 5.839524 -1.038385
v -8.146726 5.839524 -2.945907
v -8.146726 5.262413 -2.945907
v -8.146726 5.262413 -1.038385
v -8.589050 5.255737 -2.992616
v -8.543537 5.241747 -3.038855
v -8.589050 5.255737 -4.992616
v -8.543537 5.241747 -4.946377
v -8.589049 4.650647 -2.992616
v -8.543537 4.664636 -3.038855
v -8.589049 4.650647 -4.992616
v -8.543537 4.664636 -4.946377
v -8.543537 5.255737 -2.992616
v -8.543537 5.255737 -4.992616
v -8.543537 4.650647 -4.992616
v -8.543537 4.650647 -2.992616
v -8.161025 5.241747 -3.038855
v -8.161025 5.241747 -4.946377
v -8.161025 4.664636 -4.946377
v -8.161025 4.664636 -3.038855
v -8.589050 5.255737 -4.992312
v -8.543537 5.241747 -5.038551
v -8.589050 5.255737 -6.992312
v -8.543537 5.241747 -6.946073
v -8.589049 4.650647 -4.992312
v -8.543537 4.664636 -5.038551
v -8.589049 4.650647 -6.992312
v -8.543537 4.664636 -6.946073
v -8.543537 5.255737 -4.992312
v -8.543537 5.255737 -6.992312
v -8.543537 4.650647 -6.992312
v -8.543537 4.650647 -4.992312
v -8.161025 5.241747 -5.038551
v -8.161025 5.241747 -6.946073
v -8.161025 4.664636 -6.946073
v -8.161025 4.664636 -5.038551
v -8.574750 5.853514 -2.985067
v -8.529237 5.839524 -3.031306
v -8.574750 5.853514 -4.985067
v -8.529237 5.839524 -4.938828
v -8.574750 5.248423 -2.985067
v -8.529237 5.262413 -3.031306
v -8.574750 5.248423 -4.985067
v -8.529237 5.262413 -4.938828
v -8.529237 5.853514 -2.985067
v -8.529237 5.853514 -4.985067
v -8.529237 5.248423 -4.985067
v -8.529237 5.248423 -2.985067
v -8.146726 5.839524 -3.031306
v -8.146726 5.839524 -4.938828
v -8.146726 5.262413 -4.938828
v -8.146726 5.262413 -3.031306
v -8.574750 5.853514 -4.984763
v -8.529237 5.839524 -5.031002
v -8.574750 5.853514 -6.984763
v -8.529237 5.839524 -6.938524
v -8.574750 5.248423 -4.984763
v -8.529237 5.262413 -5.031002
v -8.574750 5.248423 -6.984763
v -8.529237 5.262413 -6.938524
v -8.529237 5.853514 -4.984763
v -8.529237 5.853514 -6.984763
v -8.529237 5.248423 -6.984763
v -8.529237 5.248423 -4.984763
v -8.146726 5.839524 -5.031002
v -8.146726 5.839524 -6.938524
v -8.146726 5.262413 -6.938524
v -8.146726 5.262413 -5.031002
v -8.574750 6.458616 1.007550
v -8.529237 6.444626 0.961311
v -8.574750 6.458616 -0.992450
v -8.529237 6.444626 -0.946211
v -8.574750 5.853526 1.007550
v -8.529237 5.867515 0.961311
v -8.574750 5.853526 -0.992450
v -8.529237 5.867515 -0.946211
v -8.529237 6.458616 1.007550
v -8.529237 6.458616 -0.992450
v -8.529237 5.853526 -0.992450
v -8.529237 5.853526 1.007550
v -8.146726 6.444626 0.961311
v -8.146726 6.444626 -0.946211
v -8.146726 5.867515 -0.946211
v -8.146726 5.867515 0.961311
v -8.574750 6.458616 -0.992146
v -8.529237 6.444626 -1.038385
v -8.574750 6.458616 -2.992146
v -8.529237 6.444626 -2.945907
v -8.574750 5.853526 -0.992146
v -8.529237 5.867515 -1.038385
v -8.574750 5.853526 -2.992146
v -8.529237 5.867515 -2.945907
v -8.529237 6.458616 -0.992146
v -8.529237 6.458616 -2.992146
v -8.529237 5.853526 -2.992146
v -8.529237 5.853526 -0.992146
v -8.146726 6.444626 -1.038385
v -8.146726 6.444626 -2.945907
v -8.146726 5.867515 -2.945907
v -8.146726 5.867515 -1.038385
v -8.574750 6.458616 -2.985067
v -8.529237 6.444626 -3.031306
v -8.574750 6.458616 -4.985067
v -8.529237 6.444626 -4.938828
v -8.574750 5.853526 -2.985067
v -8.529237 5.867515 -3.031306
v -8.574750 5.853526 -4.985067
v -8.529237 5.867515 -4.938828
v -8.529237 6.458616 -2.985067
v -8.529237 6.458616 -4.985067
v -8.529237 5.853526 -4.985067
v -8.529237 5.853526 -2.985067
v -8.146726 6.444626 -3.031306
v -8.146726 6.444626 -4.938828
v -8.146726 5.867515 -4.938828
v -8.146726 5.867515 -3.031306
v -8.574750 6.458616 -4.984763
v -8.529237 6.444626 -5.031002
v -8.574750 6.458616 -6.984763
v -8.529237 6.444626 -6.938524
v -8.574750 5.853526 -4.984763
v -8.529237 5.867515 -5.031002
v -8.574750 5.853526 -6.984763
v -8.529237 5.867515 -6.938524
v -8.529237 6.458616 -4.984763
v -8.529237 6.458616 -6.984763
v -8.529237 5.853526 -6.984763
v -8.529237 5.853526 -4.984763
v -8.146726 6.444626 -5.031002
v -8.146726 6.444626 -6.938524
v -8.146726 5.867515 -6.938524
v -8.146726 5.867515 -5.031002
v -8.589049 4.059559 -6.987965
v -8.543536 4.045569 -7.034204
v -8.589049 4.059559 -8.987965
v -8.543536 4.045569 -8.941726
v -8.589049 3.454468 -6.987965
v -8.543536 3.468458 -7.034204
v -8.589049 3.454468 -8.987965
v -8.543536 3.468458 -8.941726
v -8.543536 4.059559 -6.987965
v -8.543536 4.059559 -8.987965
v -8.543536 3.454468 -8.987965
v -8.543536 3.454468 -6.987965
v -8.161025 4.045569 -7.034204
v -8.161025 4.045569 -8.941726
v -8.161025 3.468458 -8.941726
v -8.161025 3.468458 -7.034204
v -8.574750 4.657336 -6.980416
v -8.529237 4.643346 -7.026655
v -8.574750 4.657336 -8.980416
v -8.529237 4.643346 -8.934177
v -8.574750 4.052245 -6.980416
v -8.529237 4.066235 -7.026655
v -8.574750 4.052245 -8.980416
v -8.529237 4.066235 -8.934177
v -8.529237 4.657336 -6.980416
v -8.529237 4.657336 -8.980416
v -8.529237 4.052245 -8.980416
v -8.529237 4.052245 -6.980416
v -8.146726 4.643346 -7.026655
v -8.146726 4.643346 -8.934177
v -8.146726 4.066235 -8.934177
v -8.146726 4.066235 -7.026655
v -8.589050 5.255737 -6.987965
v -8.543537 5.241747 -7.034204
v -8.589050 5.255737 -8.987965
v -8.543537 5.241747 -8.941726
v -8.589049 4.650647 -6.987965
v -8.543537 4.664636 -7.034204
v -8.589049 4.650647 -8.987965
v -8.543537 4.664636 -8.941726
v -8.543537 5.255737 -6.987965
v -8.543537 5.255737 -8.987965
v -8.543537 4.650647 -8.987965
v -8.543537 4.650647 -6.987965
v -8.161025 5.241747 -7.034204
v -8.161025 5.241747 -8.941726
v -8.161025 4.664636 -8.941726
v -8.161025 4.664636 -7.034204
v -8.574750 5.853514 -6.980416
v -8.529237 5.839524 -7.026655
v -8.574750 5.853514 -8.980416
v -8.529237 5.839524 -8.934177
v -8.574750 5.248423 -6.980416
v -8.529237 5.262413 -7.026655
v -8.574750 5.248423 -8.980416
v -8.529237 5.262413 -8.934177
v -8.529237 5.853514 -6.980416
v -8.529237 5.853514 -8.980416
v -8.529237 5.248423 -8.980416
v -8.529237 5.248423 -6.980416
v -8.146726 5.839524 -7.026655
v -8.146726 5.839524 -8.934177
v -8.146726 5.262413 -8.934177
v -8.146726 5.262413 -7.026655
v -8.574750 6.458616 -6.980416
v -8.529237 6.444626 -7.026655
v -8.574750 6.458616 -8.980416
v -8.529237 6.444626 -8.934177
v -8.574750 5.853526 -6.980416
v -8.529237 5.867515 -7.026655
v -8.574750 5.853526 -8.980416
v -8.529237 5.867515 -8.934177
v -8.529237 6.458616 -6.980416
v -8.529237 6.458616 -8.980416
v -8.529237 5.853526 -8.980416
v -8.529237 5.853526 -6.980416
v -8.146726 6.444626 -7.026655
v -8.146726 6.444626 -8.934177
v -8.146726 5.867515 -8.934177
v -8.146726 5.867515 -7.026655
v -8.574750 5.853514 -8.995779
v -8.529237 5.839524 -9.042018
v -8.574750 5.853514 -10.995779
v -8.529237 5.839524 -10.949540
v -8.574750 5.248423 -8.995779
v -8.529237 5.262413 -9.042018
v -8.574750 5.248423 -10.995779
v -8.529237 5.262413 -10.949540
v -8.529237 5.853514 -8.995779
v -8.529237 5.853514 -10.995779
v -8.529237 5.248423 -10.995779
v -8.529237 5.248423 -8.995779
v -8.146726 5.839524 -9.042018
v -8.146726 5.839524 -10.949540
v -8.146726 5.262413 -10.949540
v -8.146726 5.262413 -9.042018
v -8.589049 4.059559 -9.003328
v -8.543536 4.045569 -9.049567
v -8.589049 4.059559 -11.003328
v -8.543536 4.045569 -10.957088
v -8.589049 3.454468 -9.003328
v -8.543536 3.468458 -9.049567
v -8.589049 3.454468 -11.003328
v -8.543536 3.468458 -10.957088
v -8.543536 4.059559 -9.003328
v -8.543536 4.059559 -11.003328
v -8.543536 3.454468 -11.003328
v -8.543536 3.454468 -9.003328
v -8.161025 4.045569 -9.049567
v -8.161025 4.045569 -10.957088
v -8.161025 3.468458 -10.957088
v -8.161025 3.468458 -9.049567
v -8.589049 4.059559 -11.003024
v -8.543536 4.045569 -11.049263
v -8.589049 4.059559 -13.003024
v -8.543536 4.045569 -12.956785
v -8.589049 3.454468 -11.003024
v -8.543536 3.468458 -11.049263
v -8.589049 3.454468 -13.003024
v -8.543536 3.468458 -12.956785
v -8.543536 4.059559 -11.003024
v -8.543536 4.059559 -13.003024
v -8.543536 3.454468 -13.003024
v -8.543536 3.454468 -11.003024
v -8.161025 4.045569 -11.049263
v -8.161025 4.045569 -12.956785
v -8.161025 3.468458 -12.956785
v -8.161025 3.468458 -11.049263
v -8.574750 4.657336 -8.995779
v -8.529237 4.643346 -9.042018
v -8.574750 4.657336 -10.995779
v -8.529237 4.643346 -10.949540
v -8.574750 4.052245 -8.995779
v -8.529237 4.066235 -9.042018
v -8.574750 4.052245 -10.995779
v -8.529237 4.066235 -10.949540
v -8.529237 4.657336 -8.995779
v -8.529237 4.657336 -10.995779
v -8.529237 4.052245 -10.995779
v -8.529237 4.052245 -8.995779
v -8.146726 4.643346 -9.042018
v -8.146726 4.643346 -10.949540
v -8.146726 4.066235 -10.949540
v -8.146726 4.066235 -9.042018
v -8.574750 4.657336 -10.995475
v -8.529237 4.643346 -11.041714
v -8.574750 4.657336 -12.995475
v -8.529237 4.643346 -12.949236
v -8.574750 4.052245 -10.995475
v -8.529237 4.066235 -11.041714
v -8.574750 4.052245 -12.995475
v -8.529237 4.066235 -12.949236
v -8.529237 4.657336 -10.995475
v -8.529237 4.657336 -12.995475
v -8.529237 4.052245 -12.995475
v -8.529237 4.052245 -10.995475
v -8.146726 4.643346 -11.041714
v -8.146726 4.643346 -12.949236
v -8.146726 4.066235 -12.949236
v -8.146726 4.066235 -11.041714
v -8.589049 4.059559 -12.995945
v -8.543536 4.045569 -13.042184
v -8.589049 4.059559 -14.995945
v -8.543536 4.045569 -14.949706
v -8.589049 3.454468 -12.995945
v -8.543536 3.468458 -13.042184
v -8.589049 3.454468 -14.995945
v -8.543536 3.468458 -14.949706
v -8.543536 4.059559 -12.995945
v -8.543536 4.059559 -14.995945
v -8.543536 3.454468 -14.995945
v -8.543536 3.454468 -12.995945
v -8.161025 4.045569 -13.042184
v -8.161025 4.045569 -14.949706
v -8.161025 3.468458 -14.949706
v -8.161025 3.468458 -13.042184
v -8.589049 4.059559 -14.995641
v -8.543536 4.045569 -15.041880
v -8.589049 4.059559 -16.995640
v -8.543536 4.045569 -16.949402
v -8.589049 3.454468 -14.995641
v -8.543536 3.468458 -15.041880
v -8.589049 3.454468 -16.995640
v -8.543536 3.468458 -16.949402
v -8.543536 4.059559 -14.995641
v -8.543536 4.059559 -16.995640
v -8.543536 3.454468 -16.995640
v -8.543536 3.454468 -14.995641
v -8.161025 4.045569 -15.041880
v -8.161025 4.045569 -16.949402
v -8.161025 3.468458 -16.949402
v -8.161025 3.468458 -15.041880
v -8.574750 4.657336 -12.988396
v -8.529237 4.643346 -13.034636
v -8.574750 4.657336 -14.988396
v -8.529237 4.643346 -14.942157
v -8.574750 4.052245 -12.988396
v -8.529237 4.066235 -13.034636
v -8.574750 4.052245 -14.988396
v -8.529237 4.066235 -14.942157
v -8.529237 4.657336 -12.988396
v -8.529237 4.657336 -14.988396
v -8.529237 4.052245 -14.988396
v -8.529237 4.052245 -12.988396
v -8.146726 4.643346 -13.034636
v -8.146726 4.643346 -14.942157
v -8.146726 4.066235 -14.942157
v -8.146726 4.066235 -13.034636
v -8.574750 4.657336 -14.988092
v -8.529237 4.643346 -15.034330
v -8.574750 4.657336 -16.988092
v -8.529237 4.643346 -16.941853
v -8.574750 4.052245 -14.988092
v -8.529237 4.066235 -15.034330
v -8.574750 4.052245 -16.988092
v -8.529237 4.066235 -16.941853
v -8.529237 4.657336 -14.988092
v -8.529237 4.657336 -16.988092
v -8.529237 4.052245 -16.988092
v -8.529237 4.052245 -14.988092
v -8.146726 4.643346 -15.034330
v -8.146726 4.643346 -16.941853
v -8.146726 4.066235 -16.941853
v -8.146726 4.066235 -15.034330
v -8.589050 5.255737 -9.003328
v -8.543537 5.241747 -9.049567
v -8.589050 5.255737 -11.003328
v -8.543537 5.241747 -10.957088
v -8.589049 4.650647 -9.003328
v -8.543537 4.664636 -9.049567
v -8.589049 4.650647 -11.003328
v -8.543537 4.664636 -10.957088
v -8.543537 5.255737 -9.003328
v -8.543537 5.255737 -11.003328
v -8.543537 4.650647 -11.003328
v -8.543537 4.650647 -9.003328
v -8.161025 5.241747 -9.049567
v -8.161025 5.241747 -10.957088
v -8.161025 4.664636 -10.957088
v -8.161025 4.664636 -9.049567
v -8.589050 5.255737 -11.003024
v -8.543537 5.241747 -11.049263
v -8.589050 5.255737 -13.003024
v -8.543537 5.241747 -12.956785
v -8.589049 4.650647 -11.003024
v -8.543537 4.664636 -11.049263
v -8.589049 4.650647 -13.003024
v -8.543537 4.664636 -12.956785
v -8.543537 5.255737 -11.003024
v -8.543537 5.255737 -13.003024
v -8.543537 4.650647 -13.003024
v -8.543537 4.650647 -11.003024
v -8.161025 5.241747 -11.049263
v -8.161025 5.241747 -12.956785
v -8.161025 4.664636 -12.956785
v -8.161025 4.664636 -11.049263
v -8.574750 5.853514 -10.995475
v -8.529237 5.839524 -11.041714
v -8.574750 5.853514 -12.995475
v -8.529237 5.839524 -12.949236
v -8.574750 5.248423 -10.995475
v -8.529237 5.262413 -11.041714
v -8.574750 5.248423 -12.995475
v -8.529237 5.262413 -12.949236
v -8.529237 5.853514 -10.995475
v -8.529237 5.853514 -12.995475
v -8.529237 5.248423 -12.995475
v -8.529237 5.248423 -10.995475
v -8.146726 5.839524 -11.041714
v -8.146726 5.839524 -12.949236
v -8.146726 5.262413 -12.949236
v -8.146726 5.262413 -11.041714
v -8.589050 5.255737 -12.995945
v -8.543537 5.241747 -13.042184
v -8.589050 5.255737 -14.995945
v -8.543537 5.241747 -14.949706
v -8.589049 4.650647 -12.995945
v -8.543537 4.664636 -13.042184
v -8.589049 4.650647 -14.995945
v -8.543537 4.664636 -14.949706
v -8.543537 5.255737 -12.995945
v -8.543537 5.255737 -14.995945
v -8.543537 4.650647 -14.995945
v -8.543537 4.650647 -12.995945
v -8.161025 5.241747 -13.042184
v -8.161025 5.241747 -14.949706
v -8.161025 4.664636 -14.949706
v -8.161025 4.664636 -13.042184
v -8.589050 5.255737 -14.995641
v -8.543537 5.241747 -15.041880
v -8.589050 5.255737 -16.995640
v -8.543537 5.241747 -16.949402
v -8.589049 4.650647 -14.995641
v -8.543537 4.664636 -15.041880
v -8.589049 4.650647 -16.995640
v -8.543537 4.664636 -16.949402
v -8.543537 5.255737 -14.995641
v -8.543537 5.255737 -16.995640
v -8.543537 4.650647 -16.995640
v -8.543537 4.650647 -14.995641
v -8.161025 5.241747 -15.041880
v -8.161025 5.241747 -16.949402
v -8.161025 4.664636 -16.949402
v -8.161025 4.664636 -15.041880
v -8.574750 5.853514 -12.988396
v -8.529237 5.839524 -13.034636
v -8.574750 5.853514 -14.988396
v -8.529237 5.839524 -14.942157
v -8.574750 5.248423 -12.988396
v -8.529237 5.262413 -13.034636
v -8.574750 5.248423 -14.988396
v -8.529237 5.262413 -14.942157
v -8.529237 5.853514 -12.988396
v -8.529237 5.853514 -14.988396
v -8.529237 5.248423 -14.988396
v -8.529237 5.248423 -12.988396
v -8.146726 5.839524 -13.034636
v -8.146726 5.839524 -14.942157
v -8.146726 5.262413 -14.942157
v -8.146726 5.262413 -13.034636
v -8.574750 5.853514 -14.988092
v -8.529237 5.839524 -15.034330
v -8.574750 5.853514 -16.988092
v -8.529237 5.839524 -16.941853
v -8.574750 5.248423 -14.988092
v -8.529237 5.262413 -15.034330
v -8.574750 5.248423 -16.988092
v -8.529237 5.262413 -16.941853
v -8.529237 5.853514 -14.988092
v -8.529237 5.853514 -16.988092
v -8.529237 5.248423 -16.988092
v -8.529237 5.248423 -14.988092
v -8.146726 5.839524 -15.034330
v -8.146726 5.839524 -16.941853
v -8.146726 5.262413 -16.941853
v -8.146726 5.262413 -15.034330
v -8.574750 6.458616 -8.995779
v -8.529237 6.444626 -9.042018
v -8.574750 6.458616 -10.995779
v -8.529237 6.444626 -10.949540
v -8.574750 5.853526 -8.995779
v -8.529237 5.867515 -9.042018
v -8.574750 5.853526 -10.995779
v -8.529237 5.867515 -10.949540
v -8.529237 6.458616 -8.995779
v -8.529237 6.458616 -10.995779
v -8.529237 5.853526 -10.995779
v -8.529237 5.853526 -8.995779
v -8.146726 6.444626 -9.042018
v -8.146726 6.444626 -10.949540
v -8.146726 5.867515 -10.949540
v -8.146726 5.867515 -9.042018
v -8.574750 6.458616 -10.995475
v -8.529237 6.444626 -11.041714
v -8.574750 6.458616 -12.995475
v -8.529237 6.444626 -12.949236
v -8.574750 5.853526 -10.995475
v -8.529237 5.867515 -11.041714
v -8.574750 5.853526 -12.995475
v -8.529237 5.867515 -12.949236
v -8.529237 6.458616 -10.995475
v -8.529237 6.458616 -12.995475
v -8.529237 5.853526 -12.995475
v -8.529237 5.853526 -10.995475
v -8.146726 6.444626 -11.041714
v -8.146726 6.444626 -12.949236
v -8.146726 5.867515 -12.949236
v -8.146726 5.867515 -11.041714
v -8.574750 6.458616 -12.988396
v -8.529237 6.444626 -13.034636
v -8.574750 6.458616 -14.988396
v -8.529237 6.444626 -14.942157
v -8.574750 5.853526 -12.988396
v -8.529237 5.867515 -13.034636
v -8.574750 5.853526 -14.988396
v -8.529237 5.867515 -14.942157
v -8.529237 6.458616 -12.988396
v -8.529237 6.458616 -14.988396
v -8.529237 5.853526 -14.988396
v -8.529237 5.853526 -12.988396
v -8.146726 6.444626 -13.034636
v -8.146726 6.444626 -14.942157
v -8.146726 5.867515 -14.942157
v -8.146726 5.867515 -13.034636
v -8.574750 6.458616 -14.988092
v -8.529237 6.444626 -15.034330
v -8.574750 6.458616 -16.988092
v -8.529237 6.444626 -16.941853
v -8.574750 5.853526 -14.988092
v -8.529237 5.867515 -15.034330
v -8.574750 5.853526 -16.988092
v -8.529237 5.867515 -16.941853
v -8.529237 6.458616 -14.988092
v -8.529237 6.458616 -16.988092
v -8.529237 5.853526 -16.988092
v -8.529237 5.853526 -14.988092
v -8.146726 6.444626 -15.034330
v -8.146726 6.444626 -16.941853
v -8.146726 5.867515 -16.941853
v -8.146726 5.867515 -15.034330
v -8.589049 4.059559 -16.991293
v -8.543536 4.045569 -17.037533
v -8.589049 4.059559 -18.991293
v -8.543536 4.045569 -18.945053
v -8.589049 3.454468 -16.991293
v -8.543536 3.468458 -17.037533
v -8.589049 3.454468 -18.991293
v -8.543536 3.468458 -18.945053
v -8.543536 4.059559 -16.991293
v -8.543536 4.059559 -18.991293
v -8.543536 3.454468 -18.991293
v -8.543536 3.454468 -16.991293
v -8.161025 4.045569 -17.037533
v -8.161025 4.045569 -18.945053
v -8.161025 3.468458 -18.945053
v -8.161025 3.468458 -17.037533
v -8.574750 4.657336 -16.983746
v -8.529237 4.643346 -17.029984
v -8.574750 4.657336 -18.983746
v -8.529237 4.643346 -18.937506
v -8.574750 4.052245 -16.983746
v -8.529237 4.066235 -17.029984
v -8.574750 4.052245 -18.983746
v -8.529237 4.066235 -18.937506
v -8.529237 4.657336 -16.983746
v -8.529237 4.657336 -18.983746
v -8.529237 4.052245 -18.983746
v -8.529237 4.052245 -16.983746
v -8.146726 4.643346 -17.029984
v -8.146726 4.643346 -18.937506
v -8.146726 4.066235 -18.937506
v -8.146726 4.066235 -17.029984
v -8.589050 5.255737 -16.991293
v -8.543537 5.241747 -17.037533
v -8.589050 5.255737 -18.991293
v -8.543537 5.241747 -18.945053
v -8.589049 4.650647 -16.991293
v -8.543537 4.664636 -17.037533
v -8.589049 4.650647 -18.991293
v -8.543537 4.664636 -18.945053
v -8.543537 5.255737 -16.991293
v -8.543537 5.255737 -18.991293
v -8.543537 4.650647 -18.991293
v -8.543537 4.650647 -16.991293
v -8.161025 5.241747 -17.037533
v -8.161025 5.241747 -18.945053
v -8.161025 4.664636 -18.945053
v -8.161025 4.664636 -17.037533
v -8.574750 5.853514 -16.983746
v -8.529237 5.839524 -17.029984
v -8.574750 5.853514 -18.983746
v -8.529237 5.839524 -18.937506
v -8.574750 5.248423 -16.983746
v -8.529237 5.262413 -17.029984
v -8.574750 5.248423 -18.983746
v -8.529237 5.262413 -18.937506
v -8.529237 5.853514 -16.983746
v -8.529237 5.853514 -18.983746
v -8.529237 5.248423 -18.983746
v -8.529237 5.248423 -16.983746
v -8.146726 5.839524 -17.029984
v -8.146726 5.839524 -18.937506
v -8.146726 5.262413 -18.937506
v -8.146726 5.262413 -17.029984
v -8.574750 6.458616 -16.983746
v -8.529237 6.444626 -17.029984
v -8.574750 6.458616 -18.983746
v -8.529237 6.444626 -18.937506
v -8.574750 5.853526 -16.983746
v -8.529237 5.867515 -17.029984
v -8.574750 5.853526 -18.983746
v -8.529237 5.867515 -18.937506
v -8.529237 6.458616 -16.983746
v -8.529237 6.458616 -18.983746
v -8.529237 5.853526 -18.983746
v -8.529237 5.853526 -16.983746
v -8.146726 6.444626 -17.029984
v -8.146726 6.444626 -18.937506
v -8.146726 5.867515 -18.937506
v -8.146726 5.867515 -17.029984
v -8.574749 2.848606 -8.995779
v -8.529236 2.834617 -9.042018
v -8.574749 2.848606 -10.995779
v -8.529236 2.834617 -10.949540
v -8.574749 2.243515 -8.995779
v -8.529236 2.257505 -9.042018
v -8.574749 2.243515 -10.995779
v -8.529236 2.257505 -10.949540
v -8.529236 2.848606 -8.995779
v -8.529236 2.848606 -10.995779
v -8.529236 2.243515 -10.995779
v -8.529236 2.243515 -8.995779
v -8.146725 2.834617 -9.042018
v -8.146725 2.834617 -10.949540
v -8.146725 2.257505 -10.949540
v -8.146725 2.257505 -9.042018
v -8.589048 1.054651 -9.003328
v -8.543536 1.040662 -9.049567
v -8.589048 1.054651 -11.003328
v -8.543536 1.040662 -10.957088
v -8.589048 0.449561 -9.003328
v -8.543535 0.463550 -9.049567
v -8.589048 0.449561 -11.003328
v -8.543535 0.463550 -10.957088
v -8.543536 1.054651 -9.003328
v -8.543536 1.054651 -11.003328
v -8.543535 0.449561 -11.003328
v -8.543535 0.449561 -9.003328
v -8.161024 1.040662 -9.049567
v -8.161024 1.040662 -10.957088
v -8.161024 0.463550 -10.957088
v -8.161024 0.463550 -9.049567
v -8.589048 1.054651 -11.003024
v -8.543536 1.040662 -11.049263
v -8.589048 1.054651 -13.003024
v -8.543536 1.040662 -12.956785
v -8.589048 0.449561 -11.003024
v -8.543535 0.463550 -11.049263
v -8.589048 0.449561 -13.003024
v -8.543535 0.463550 -12.956785
v -8.543536 1.054651 -11.003024
v -8.543536 1.054651 -13.003024
v -8.543535 0.449561 -13.003024
v -8.543535 0.449561 -11.003024
v -8.161024 1.040662 -11.049263
v -8.161024 1.040662 -12.956785
v -8.161024 0.463550 -12.956785
v -8.161024 0.463550 -11.049263
v -8.574749 1.652428 -8.995779
v -8.529236 1.638439 -9.042018
v -8.574749 1.652428 -10.995779
v -8.529236 1.638439 -10.949540
v -8.574749 1.047338 -8.995779
v -8.529236 1.061327 -9.042018
v -8.574749 1.047338 -10.995779
v -8.529236 1.061327 -10.949540
v -8.529236 1.652428 -8.995779
v -8.529236 1.652428 -10.995779
v -8.529236 1.047338 -10.995779
v -8.529236 1.047338 -8.995779
v -8.146725 1.638439 -9.042018
v -8.146725 1.638439 -10.949540
v -8.146725 1.061327 -10.949540
v -8.146725 1.061327 -9.042018
v -8.574749 1.652428 -10.995475
v -8.529236 1.638439 -11.041714
v -8.574749 1.652428 -12.995475
v -8.529236 1.638439 -12.949236
v -8.574749 1.047338 -10.995475
v -8.529236 1.061327 -11.041714
v -8.574749 1.047338 -12.995475
v -8.529236 1.061327 -12.949236
v -8.529236 1.652428 -10.995475
v -8.529236 1.652428 -12.995475
v -8.529236 1.047338 -12.995475
v -8.529236 1.047338 -10.995475
v -8.146725 1.638439 -11.041714
v -8.146725 1.638439 -12.949236
v -8.146725 1.061327 -12.949236
v -8.146725 1.061327 -11.041714
v -8.589048 1.054651 -12.995945
v -8.543536 1.040662 -13.042184
v -8.589048 1.054651 -14.995945
v -8.543536 1.040662 -14.949706
v -8.589048 0.449561 -12.995945
v -8.543535 0.463550 -13.042184
v -8.589048 0.449561 -14.995945
v -8.543535 0.463550 -14.949706
v -8.543536 1.054651 -12.995945
v -8.543536 1.054651 -14.995945
v -8.543535 0.449561 -14.995945
v -8.543535 0.449561 -12.995945
v -8.161024 1.040662 -13.042184
v -8.161024 1.040662 -14.949706
v -8.161024 0.463550 -14.949706
v -8.161024 0.463550 -13.042184
v -8.589048 1.054651 -14.995641
v -8.543536 1.040662 -15.041880
v -8.589048 1.054651 -16.995640
v -8.543536 1.040662 -16.949402
v -8.589048 0.449561 -14.995641
v -8.543535 0.463550 -15.041880
v -8.589048 0.449561 -16.995640
v -8.543535 0.463550 -16.949402
v -8.543536 1.054651 -14.995641
v -8.543536 1.054651 -16.995640
v -8.543535 0.449561 -16.995640
v -8.543535 0.449561 -14.995641
v -8.161024 1.040662 -15.041880
v -8.161024 1.040662 -16.949402
v -8.161024 0.463550 -16.949402
v -8.161024 0.463550 -15.041880
v -8.574749 1.652428 -12.988396
v -8.529236 1.638439 -13.034636
v -8.574749 1.652428 -14.988396
v -8.529236 1.638439 -14.942157
v -8.574749 1.047338 -12.988396
v -8.529236 1.061327 -13.034636
v -8.574749 1.047338 -14.988396
v -8.529236 1.061327 -14.942157
v -8.529236 1.652428 -12.988396
v -8.529236 1.652428 -14.988396
v -8.529236 1.047338 -14.988396
v -8.529236 1.047338 -12.988396
v -8.146725 1.638439 -13.034636
v -8.146725 1.638439 -14.942157
v -8.146725 1.061327 -14.942157
v -8.146725 1.061327 -13.034636
v -8.574749 1.652428 -14.988092
v -8.529236 1.638439 -15.034330
v -8.574749 1.652428 -16.988092
v -8.529236 1.638439 -16.941853
v -8.574749 1.047338 -14.988092
v -8.529236 1.061327 -15.034330
v -8.574749 1.047338 -16.988092
v -8.529236 1.061327 -16.941853
v -8.529236 1.652428 -14.988092
v -8.529236 1.652428 -16.988092
v -8.529236 1.047338 -16.988092
v -8.529236 1.047338 -14.988092
v -8.146725 1.638439 -15.034330
v -8.146725 1.638439 -16.941853
v -8.146725 1.061327 -16.941853
v -8.146725 1.061327 -15.034330
v -8.589049 2.250829 -9.003328
v -8.543536 2.236840 -9.049567
v -8.589049 2.250829 -11.003328
v -8.543536 2.236840 -10.957088
v -8.589049 1.645739 -9.003328
v -8.543536 1.659728 -9.049567
v -8.589049 1.645739 -11.003328
v -8.543536 1.659728 -10.957088
v -8.543536 2.250829 -9.003328
v -8.543536 2.250829 -11.003328
v -8.543536 1.645739 -11.003328
v -8.543536 1.645739 -9.003328
v -8.161025 2.236840 -9.049567
v -8.161025 2.236840 -10.957088
v -8.161025 1.659728 -10.957088
v -8.161025 1.659728 -9.049567
v -8.589049 2.250829 -11.003024
v -8.543536 2.236840 -11.049263
v -8.589049 2.250829 -13.003024
v -8.543536 2.236840 -12.956785
v -8.589049 1.645739 -11.003024
v -8.543536 1.659728 -11.049263
v -8.589049 1.645739 -13.003024
v -8.543536 1.659728 -12.956785
v -8.543536 2.250829 -11.003024
v -8.543536 2.250829 -13.003024
v -8.543536 1.645739 -13.003024
v -8.543536 1.645739 -11.003024
v -8.161025 2.236840 -11.049263
v -8.161025 2.236840 -12.956785
v -8.161025 1.659728 -12.956785
v -8.161025 1.659728 -11.049263
v -8.574749 2.848606 -10.995475
v -8.529236 2.834617 -11.041714
v -8.574749 2.848606 -12.995475
v -8.529236 2.834617 -12.949236
v -8.574749 2.243515 -10.995475
v -8.529236 2.257505 -11.041714
v -8.574749 2.243515 -12.995475
v -8.529236 2.257505 -12.949236
v -8.529236 2.848606 -10.995475
v -8.529236 2.848606 -12.995475
v -8.529236 2.243515 -12.995475
v -8.529236 2.243515 -10.995475
v -8.146725 2.834617 -11.041714
v -8.146725 2.834617 -12.949236
v -8.146725 2.257505 -12.949236
v -8.146725 2.257505 -11.041714
v -8.589049 2.250829 -12.995945
v -8.543536 2.236840 -13.042184
v -8.589049 2.250829 -14.995945
v -8.543536 2.236840 -14.949706
v -8.589049 1.645739 -12.995945
v -8.543536 1.659728 -13.042184
v -8.589049 1.645739 -14.995945
v -8.543536 1.659728 -14.949706
v -8.543536 2.250829 -12.995945
v -8.543536 2.250829 -14.995945
v -8.543536 1.645739 -14.995945
v -8.543536 1.645739 -12.995945
v -8.161025 2.236840 -13.042184
v -8.161025 2.236840 -14.949706
v -8.161025 1.659728 -14.949706
v -8.161025 1.659728 -13.042184
v -8.589049 2.250829 -14.995641
v -8.543536 2.236840 -15.041880
v -8.589049 2.250829 -16.995640
v -8.543536 2.236840 -16.949402
v -8.589049 1.645739 -14.995641
v -8.543536 1.659728 -15.041880
v -8.589049 1.645739 -16.995640
v -8.543536 1.659728 -16.949402
v -8.543536 2.250829 -14.995641
v -8.543536 2.250829 -16.995640
v -8.543536 1.645739 -16.995640
v -8.543536 1.645739 -14.995641
v -8.161025 2.236840 -15.041880
v -8.161025 2.236840 -16.949402
v -8.161025 1.659728 -16.949402
v -8.161025 1.659728 -15.041880
v -8.574749 2.848606 -12.988396
v -8.529236 2.834617 -13.034636
v -8.574749 2.848606 -14.988396
v -8.529236 2.834617 -14.942157
v -8.574749 2.243515 -12.988396
v -8.529236 2.257505 -13.034636
v -8.574749 2.243515 -14.988396
v -8.529236 2.257505 -14.942157
v -8.529236 2.848606 -12.988396
v -8.529236 2.848606 -14.988396
v -8.529236 2.243515 -14.988396
v -8.529236 2.243515 -12.988396
v -8.146725 2.834617 -13.034636
v -8.146725 2.834617 -14.942157
v -8.146725 2.257505 -14.942157
v -8.146725 2.257505 -13.034636
v -8.574749 2.848606 -14.988092
v -8.529236 2.834617 -15.034330
v -8.574749 2.848606 -16.988092
v -8.529236 2.834617 -16.941853
v -8.574749 2.243515 -14.988092
v -8.529236 2.257505 -15.034330
v -8.574749 2.243515 -16.988092
v -8.529236 2.257505 -16.941853
v -8.529236 2.848606 -14.988092
v -8.529236 2.848606 -16.988092
v -8.529236 2.243515 -16.988092
v -8.529236 2.243515 -14.988092
v -8.146725 2.834617 -15.034330
v -8.146725 2.834617 -16.941853
v -8.146725 2.257505 -16.941853
v -8.146725 2.257505 -15.034330
v -8.574749 3.453708 -8.995779
v -8.529237 3.439719 -9.042018
v -8.574749 3.453708 -10.995779
v -8.529237 3.439719 -10.949540
v -8.574749 2.848618 -8.995779
v -8.529236 2.862607 -9.042018
v -8.574749 2.848618 -10.995779
v -8.529236 2.862607 -10.949540
v -8.529237 3.453708 -8.995779
v -8.529237 3.453708 -10.995779
v -8.529236 2.848618 -10.995779
v -8.529236 2.848618 -8.995779
v -8.146725 3.439719 -9.042018
v -8.146725 3.439719 -10.949540
v -8.146725 2.862607 -10.949540
v -8.146725 2.862607 -9.042018
v -8.574749 3.453708 -10.995475
v -8.529237 3.439719 -11.041714
v -8.574749 3.453708 -12.995475
v -8.529237 3.439719 -12.949236
v -8.574749 2.848618 -10.995475
v -8.529236 2.862607 -11.041714
v -8.574749 2.848618 -12.995475
v -8.529236 2.862607 -12.949236
v -8.529237 3.453708 -10.995475
v -8.529237 3.453708 -12.995475
v -8.529236 2.848618 -12.995475
v -8.529236 2.848618 -10.995475
v -8.146725 3.439719 -11.041714
v -8.146725 3.439719 -12.949236
v -8.146725 2.862607 -12.949236
v -8.146725 2.862607 -11.041714
v -8.574749 3.453708 -12.988396
v -8.529237 3.439719 -13.034636
v -8.574749 3.453708 -14.988396
v -8.529237 3.439719 -14.942157
v -8.574749 2.848618 -12.988396
v -8.529236 2.862607 -13.034636
v -8.574749 2.848618 -14.988396
v -8.529236 2.862607 -14.942157
v -8.529237 3.453708 -12.988396
v -8.529237 3.453708 -14.988396
v -8.529236 2.848618 -14.988396
v -8.529236 2.848618 -12.988396
v -8.146725 3.439719 -13.034636
v -8.146725 3.439719 -14.942157
v -8.146725 2.862607 -14.942157
v -8.146725 2.862607 -13.034636
v -8.574749 3.453708 -14.988092
v -8.529237 3.439719 -15.034330
v -8.574749 3.453708 -16.988092
v -8.529237 3.439719 -16.941853
v -8.574749 2.848618 -14.988092
v -8.529236 2.862607 -15.034330
v -8.574749 2.848618 -16.988092
v -8.529236 2.862607 -16.941853
v -8.529237 3.453708 -14.988092
v -8.529237 3.453708 -16.988092
v -8.529236 2.848618 -16.988092
v -8.529236 2.848618 -14.988092
v -8.146725 3.439719 -15.034330
v -8.146725 3.439719 -16.941853
v -8.146725 2.862607 -16.941853
v -8.146725 2.862607 -15.034330
v -8.589048 1.054651 -16.991293
v -8.543536 1.040662 -17.037533
v -8.589048 1.054651 -18.991293
v -8.543536 1.040662 -18.945053
v -8.589048 0.449561 -16.991293
v -8.543535 0.463550 -17.037533
v -8.589048 0.449561 -18.991293
v -8.543535 0.463550 -18.945053
v -8.543536 1.054651 -16.991293
v -8.543536 1.054651 -18.991293
v -8.543535 0.449561 -18.991293
v -8.543535 0.449561 -16.991293
v -8.161024 1.040662 -17.037533
v -8.161024 1.040662 -18.945053
v -8.161024 0.463550 -18.945053
v -8.161024 0.463550 -17.037533
v -8.574749 1.652428 -16.983746
v -8.529236 1.638439 -17.029984
v -8.574749 1.652428 -18.983746
v -8.529236 1.638439 -18.937506
v -8.574749 1.047338 -16.983746
v -8.529236 1.061327 -17.029984
v -8.574749 1.047338 -18.983746
v -8.529236 1.061327 -18.937506
v -8.529236 1.652428 -16.983746
v -8.529236 1.652428 -18.983746
v -8.529236 1.047338 -18.983746
v -8.529236 1.047338 -16.983746
v -8.146725 1.638439 -17.029984
v -8.146725 1.638439 -18.937506
v -8.146725 1.061327 -18.937506
v -8.146725 1.061327 -17.029984
v -8.589049 2.250829 -16.991293
v -8.543536 2.236840 -17.037533
v -8.589049 2.250829 -18.991293
v -8.543536 2.236840 -18.945053
v -8.589049 1.645739 -16.991293
v -8.543536 1.659728 -17.037533
v -8.589049 1.645739 -18.991293
v -8.543536 1.659728 -18.945053
v -8.543536 2.250829 -16.991293
v -8.543536 2.250829 -18.991293
v -8.543536 1.645739 -18.991293
v -8.543536 1.645739 -16.991293
v -8.161025 2.236840 -17.037533
v -8.161025 2.236840 -18.945053
v -8.161025 1.659728 -18.945053
v -8.161025 1.659728 -17.037533
v -8.574749 2.848606 -16.983746
v -8.529236 2.834617 -17.029984
v -8.574749 2.848606 -18.983746
v -8.529236 2.834617 -18.937506
v -8.574749 2.243515 -16.983746
v -8.529236 2.257505 -17.029984
v -8.574749 2.243515 -18.983746
v -8.529236 2.257505 -18.937506
v -8.529236 2.848606 -16.983746
v -8.529236 2.848606 -18.983746
v -8.529236 2.243515 -18.983746
v -8.529236 2.243515 -16.983746
v -8.146725 2.834617 -17.029984
v -8.146725 2.834617 -18.937506
v -8.146725 2.257505 -18.937506
v -8.146725 2.257505 -17.029984
v -8.574749 3.453708 -16.983746
v -8.529237 3.439719 -17.029984
v -8.574749 3.453708 -18.983746
v -8.529237 3.439719 -18.937506
v -8.574749 2.848618 -16.983746
v -8.529236 2.862607 -17.029984
v -8.574749 2.848618 -18.983746
v -8.529236 2.862607 -18.937506
v -8.529237 3.453708 -16.983746
v -8.529237 3.453708 -18.983746
v -8.529236 2.848618 -18.983746
v -8.529236 2.848618 -16.983746
v -8.146725 3.439719 -17.029984
v -8.146725 3.439719 -18.937506
v -8.146725 2.862607 -18.937506
v -8.146725 2.862607 -17.029984
vn -0.0000 1.0000 -0.0000
vn -0.0000 -0.0000 -1.0000
vn -0.0000 -1.0000 -0.0000
vn -0.0000 -0.0000 1.0000
vn -1.0000 -0.0000 -0.0000
vn 1.0000 -0.0000 -0.0000
vt 0.375000 0.000000
vt 0.625000 0.000000
vt 0.625000 0.250000
vt 0.375000 0.250000
vt 0.625000 0.500000
vt 0.375000 0.500000
vt 0.625000 0.750000
vt 0.375000 0.750000
vt 0.625000 1.000000
vt 0.375000 1.000000
vt 0.125000 0.500000
vt 0.125000 0.750000
vt 0.630780 0.744220
vt 0.630780 0.505780
vt 0.869220 0.744220
vt 0.869220 0.505780
vt 0.875000 0.500000
vt 0.875000 0.750000
s 0
f 1601/19/7 1609/20/7 1610/21/7 1603/22/7
f 1603/22/8 1610/21/8 1611/23/8 1607/24/8
f 1607/24/9 1611/23/9 1612/25/9 1605/26/9
f 1605/26/10 1612/25/10 1609/27/10 1601/28/10
f 1603/29/11 1607/24/11 1605/26/11 1601/30/11
f 1606/31/9 1608/32/9 1615/32/9 1616/31/9
f 1602/33/12 1604/34/12 1610/35/12 1609/36/12
f 1604/34/12 1608/32/12 1611/23/12 1610/35/12
f 1608/32/12 1606/31/12 1612/25/12 1611/23/12
f 1606/31/12 1602/33/12 1609/36/12 1612/25/12
f 1615/32/12 1614/34/12 1613/33/12 1616/31/12
f 1604/34/7 1602/33/7 1613/33/7 1614/34/7
f 1602/33/10 1606/31/10 1616/31/10 1613/33/10
f 1608/32/8 1604/34/8 1614/34/8 1615/32/8
f 1617/19/7 1625/20/7 1626/21/7 1619/22/7
f 1619/22/8 1626/21/8 1627/23/8 1623/24/8
f 1623/24/9 1627/23/9 1628/25/9 1621/26/9
f 1621/26/10 1628/25/10 1625/27/10 1617/28/10
f 1619/29/11 1623/24/11 1621/26/11 1617/30/11
f 1622/31/9 1624/32/9 1631/32/9 1632/31/9
f 1618/33/12 1620/34/12 1626/35/12 1625/36/12
f 1620/34/12 1624/32/12 1627/23/12 1626/35/12
f 1624/32/12 1622/31/12 1628/25/12 1627/23/12
f 1622/31/12 1618/33/12 1625/36/12 1628/25/12
f 1631/32/12 1630/34/12 1629/33/12 1632/31/12
f 1620/34/7 1618/33/7 1629/33/7 1630/34/7
f 1618/33/10 1622/31/10 1632/31/10 1629/33/10
f 1624/32/8 1620/34/8 1630/34/8 1631/32/8
f 1633/19/7 1641/20/7 1642/21/7 1635/22/7
f 1635/22/8 1642/21/8 1643/23/8 1639/24/8
f 1639/24/9 1643/23/9 1644/25/9 1637/26/9
f 1637/26/10 1644/25/10 1641/27/10 1633/28/10
f 1635/29/11 1639/24/11 1637/26/11 1633/30/11
f 1638/31/9 1640/32/9 1647/32/9 1648/31/9
f 1634/33/12 1636/34/12 1642/35/12 1641/36/12
f 1636/34/12 1640/32/12 1643/23/12 1642/35/12
f 1640/32/12 1638/31/12 1644/25/12 1643/23/12
f 1638/31/12 1634/33/12 1641/36/12 1644/25/12
f 1647/32/12 1646/34/12 1645/33/12 1648/31/12
f 1636/34/7 1634/33/7 1645/33/7 1646/34/7
f 1634/33/10 1638/31/10 1648/31/10 1645/33/10
f 1640/32/8 1636/34/8 1646/34/8 1647/32/8
f 1649/19/7 1657/20/7 1658/21/7 1651/22/7
f 1651/22/8 1658/21/8 1659/23/8 1655/24/8
f 1655/24/9 1659/23/9 1660/25/9 1653/26/9
f 1653/26/10 1660/25/10 1657/27/10 1649/28/10
f 1651/29/11 1655/24/11 1653/26/11 1649/30/11
f 1654/31/9 1656/32/9 1663/32/9 1664/31/9
f 1650/33/12 1652/34/12 1658/35/12 1657/36/12
f 1652/34/12 1656/32/12 1659/23/12 1658/35/12
f 1656/32/12 1654/31/12 1660/25/12 1659/23/12
f 1654/31/12 1650/33/12 1657/36/12 1660/25/12
f 1663/32/12 1662/34/12 1661/33/12 1664/31/12
f 1652/34/7 1650/33/7 1661/33/7 1662/34/7
f 1650/33/10 1654/31/10 1664/31/10 1661/33/10
f 1656/32/8 1652/34/8 1662/34/8 1663/32/8
f 1665/19/7 1673/20/7 1674/21/7 1667/22/7
f 1667/22/8 1674/21/8 1675/23/8 1671/24/8
f 1671/24/9 1675/23/9 1676/25/9 1669/26/9
f 1669/26/10 1676/25/10 1673/27/10 1665/28/10
f 1667/29/11 1671/24/11 1669/26/11 1665/30/11
f 1670/31/9 1672/32/9 1679/32/9 1680/31/9
f 1666/33/12 1668/34/12 1674/35/12 1673/36/12
f 1668/34/12 1672/32/12 1675/23/12 1674/35/12
f 1672/32/12 1670/31/12 1676/25/12 1675/23/12
f 1670/31/12 1666/33/12 1673/36/12 1676/25/12
f 1679/32/12 1678/34/12 1677/33/12 1680/31/12
f 1668/34/7 1666/33/7 1677/33/7 1678/34/7
f 1666/33/10 1670/31/10 1680/31/10 1677/33/10
f 1672/32/8 1668/34/8 1678/34/8 1679/32/8
f 1681/19/7 1689/20/7 1690/21/7 1683/22/7
f 1683/22/8 1690/21/8 1691/23/8 1687/24/8
f 1687/24/9 1691/23/9 1692/25/9 1685/26/9
f 1685/26/10 1692/25/10 1689/27/10 1681/28/10
f 1683/29/11 1687/24/11 1685/26/11 1681/30/11
f 1686/31/9 1688/32/9 1695/32/9 1696/31/9
f 1682/33/12 1684/34/12 1690/35/12 1689/36/12
f 1684/34/12 1688/32/12 1691/23/12 1690/35/12
f 1688/32/12 1686/31/12 1692/25/12 1691/23/12
f 1686/31/12 1682/33/12 1689/36/12 1692/25/12
f 1695/32/12 1694/34/12 1693/33/12 1696/31/12
f 1684/34/7 1682/33/7 1693/33/7 1694/34/7
f 1682/33/10 1686/31/10 1696/31/10 1693/33/10
f 1688/32/8 1684/34/8 1694/34/8 1695/32/8
f 1697/19/7 1705/20/7 1706/21/7 1699/22/7
f 1699/22/8 1706/21/8 1707/23/8 1703/24/8
f 1703/24/9 1707/23/9 1708/25/9 1701/26/9
f 1701/26/10 1708/25/10 1705/27/10 1697/28/10
f 1699/29/11 1703/24/11 1701/26/11 1697/30/11
f 1702/31/9 1704/32/9 1711/32/9 1712/31/9
f 1698/33/12 1700/34/12 1706/35/12 1705/36/12
f 1700/34/12 1704/32/12 1707/23/12 1706/35/12
f 1704/32/12 1702/31/12 1708/25/12 1707/23/12
f 1702/31/12 1698/33/12 1705/36/12 1708/25/12
f 1711/32/12 1710/34/12 1709/33/12 1712/31/12
f 1700/34/7 1698/33/7 1709/33/7 1710/34/7
f 1698/33/10 1702/31/10 1712/31/10 1709/33/10
f 1704/32/8 1700/34/8 1710/34/8 1711/32/8
f 1713/19/7 1721/20/7 1722/21/7 1715/22/7
f 1715/22/8 1722/21/8 1723/23/8 1719/24/8
f 1719/24/9 1723/23/9 1724/25/9 1717/26/9
f 1717/26/10 1724/25/10 1721/27/10 1713/28/10
f 1715/29/11 1719/24/11 1717/26/11 1713/30/11
f 1718/31/9 1720/32/9 1727/32/9 1728/31/9
f 1714/33/12 1716/34/12 1722/35/12 1721/36/12
f 1716/34/12 1720/32/12 1723/23/12 1722/35/12
f 1720/32/12 1718/31/12 1724/25/12 1723/23/12
f 1718/31/12 1714/33/12 1721/36/12 1724/25/12
f 1727/32/12 1726/34/12 1725/33/12 1728/31/12
f 1716/34/7 1714/33/7 1725/33/7 1726/34/7
f 1714/33/10 1718/31/10 1728/31/10 1725/33/10
f 1720/32/8 1716/34/8 1726/34/8 1727/32/8
f 1729/19/7 1737/20/7 1738/21/7 1731/22/7
f 1731/22/8 1738/21/8 1739/23/8 1735/24/8
f 1735/24/9 1739/23/9 1740/25/9 1733/26/9
f 1733/26/10 1740/25/10 1737/27/10 1729/28/10
f 1731/29/11 1735/24/11 1733/26/11 1729/30/11
f 1734/31/9 1736/32/9 1743/32/9 1744/31/9
f 1730/33/12 1732/34/12 1738/35/12 1737/36/12
f 1732/34/12 1736/32/12 1739/23/12 1738/35/12
f 1736/32/12 1734/31/12 1740/25/12 1739/23/12
f 1734/31/12 1730/33/12 1737/36/12 1740/25/12
f 1743/32/12 1742/34/12 1741/33/12 1744/31/12
f 1732/34/7 1730/33/7 1741/33/7 1742/34/7
f 1730/33/10 1734/31/10 1744/31/10 1741/33/10
f 1736/32/8 1732/34/8 1742/34/8 1743/32/8
f 1745/19/7 1753/20/7 1754/21/7 1747/22/7
f 1747/22/8 1754/21/8 1755/23/8 1751/24/8
f 1751/24/9 1755/23/9 1756/25/9 1749/26/9
f 1749/26/10 1756/25/10 1753/27/10 1745/28/10
f 1747/29/11 1751/24/11 1749/26/11 1745/30/11
f 1750/31/9 1752/32/9 1759/32/9 1760/31/9
f 1746/33/12 1748/34/12 1754/35/12 1753/36/12
f 1748/34/12 1752/32/12 1755/23/12 1754/35/12
f 1752/32/12 1750/31/12 1756/25/12 1755/23/12
f 1750/31/12 1746/33/12 1753/36/12 1756/25/12
f 1759/32/12 1758/34/12 1757/33/12 1760/31/12
f 1748/34/7 1746/33/7 1757/33/7 1758/34/7
f 1746/33/10 1750/31/10 1760/31/10 1757/33/10
f 1752/32/8 1748/34/8 1758/34/8 1759/32/8
f 1761/19/7 1769/20/7 1770/21/7 1763/22/7
f 1763/22/8 1770/21/8 1771/23/8 1767/24/8
f 1767/24/9 1771/23/9 1772/25/9 1765/26/9
f 1765/26/10 1772/25/10 1769/27/10 1761/28/10
f 1763/29/11 1767/24/11 1765/26/11 1761/30/11
f 1766/31/9 1768/32/9 1775/32/9 1776/31/9
f 1762/33/12 1764/34/12 1770/35/12 1769/36/12
f 1764/34/12 1768/32/12 1771/23/12 1770/35/12
f 1768/32/12 1766/31/12 1772/25/12 1771/23/12
f 1766/31/12 1762/33/12 1769/36/12 1772/25/12
f 1775/32/12 1774/34/12 1773/33/12 1776/31/12
f 1764/34/7 1762/33/7 1773/33/7 1774/34/7
f 1762/33/10 1766/31/10 1776/31/10 1773/33/10
f 1768/32/8 1764/34/8 1774/34/8 1775/32/8
f 1777/19/7 1785/20/7 1786/21/7 1779/22/7
f 1779/22/8 1786/21/8 1787/23/8 1783/24/8
f 1783/24/9 1787/23/9 1788/25/9 1781/26/9
f 1781/26/10 1788/25/10 1785/27/10 1777/28/10
f 1779/29/11 1783/24/11 1781/26/11 1777/30/11
f 1782/31/9 1784/32/9 1791/32/9 1792/31/9
f 1778/33/12 1780/34/12 1786/35/12 1785/36/12
f 1780/34/12 1784/32/12 1787/23/12 1786/35/12
f 1784/32/12 1782/31/12 1788/25/12 1787/23/12
f 1782/31/12 1778/33/12 1785/36/12 1788/25/12
f 1791/32/12 1790/34/12 1789/33/12 1792/31/12
f 1780/34/7 1778/33/7 1789/33/7 1790/34/7
f 1778/33/10 1782/31/10 1792/31/10 1789/33/10
f 1784/32/8 1780/34/8 1790/34/8 1791/32/8
f 1793/19/7 1801/20/7 1802/21/7 1795/22/7
f 1795/22/8 1802/21/8 1803/23/8 1799/24/8
f 1799/24/9 1803/23/9 1804/25/9 1797/26/9
f 1797/26/10 1804/25/10 1801/27/10 1793/28/10
f 1795/29/11 1799/24/11 1797/26/11 1793/30/11
f 1798/31/9 1800/32/9 1807/32/9 1808/31/9
f 1794/33/12 1796/34/12 1802/35/12 1801/36/12
f 1796/34/12 1800/32/12 1803/23/12 1802/35/12
f 1800/32/12 1798/31/12 1804/25/12 1803/23/12
f 1798/31/12 1794/33/12 1801/36/12 1804/25/12
f 1807/32/12 1806/34/12 1805/33/12 1808/31/12
f 1796/34/7 1794/33/7 1805/33/7 1806/34/7
f 1794/33/10 1798/31/10 1808/31/10 1805/33/10
f 1800/32/8 1796/34/8 1806/34/8 1807/32/8
f 1809/19/7 1817/20/7 1818/21/7 1811/22/7
f 1811/22/8 1818/21/8 1819/23/8 1815/24/8
f 1815/24/9 1819/23/9 1820/25/9 1813/26/9
f 1813/26/10 1820/25/10 1817/27/10 1809/28/10
f 1811/29/11 1815/24/11 1813/26/11 1809/30/11
f 1814/31/9 1816/32/9 1823/32/9 1824/31/9
f 1810/33/12 1812/34/12 1818/35/12 1817/36/12
f 1812/34/12 1816/32/12 1819/23/12 1818/35/12
f 1816/32/12 1814/31/12 1820/25/12 1819/23/12
f 1814/31/12 1810/33/12 1817/36/12 1820/25/12
f 1823/32/12 1822/34/12 1821/33/12 1824/31/12
f 1812/34/7 1810/33/7 1821/33/7 1822/34/7
f 1810/33/10 1814/31/10 1824/31/10 1821/33/10
f 1816/32/8 1812/34/8 1822/34/8 1823/32/8
f 1825/19/7 1833/20/7 1834/21/7 1827/22/7
f 1827/22/8 1834/21/8 1835/23/8 1831/24/8
f 1831/24/9 1835/23/9 1836/25/9 1829/26/9
f 1829/26/10 1836/25/10 1833/27/10 1825/28/10
f 1827/29/11 1831/24/11 1829/26/11 1825/30/11
f 1830/31/9 1832/32/9 1839/32/9 1840/31/9
f 1826/33/12 1828/34/12 1834/35/12 1833/36/12
f 1828/34/12 1832/32/12 1835/23/12 1834/35/12
f 1832/32/12 1830/31/12 1836/25/12 1835/23/12
f 1830/31/12 1826/33/12 1833/36/12 1836/25/12
f 1839/32/12 1838/34/12 1837/33/12 1840/31/12
f 1828/34/7 1826/33/7 1837/33/7 1838/34/7
f 1826/33/10 1830/31/10 1840/31/10 1837/33/10
f 1832/32/8 1828/34/8 1838/34/8 1839/32/8
f 1841/19/7 1849/20/7 1850/21/7 1843/22/7
f 1843/22/8 1850/21/8 1851/23/8 1847/24/8
f 1847/24/9 1851/23/9 1852/25/9 1845/26/9
f 1845/26/10 1852/25/10 1849/27/10 1841/28/10
f 1843/29/11 1847/24/11 1845/26/11 1841/30/11
f 1846/31/9 1848/32/9 1855/32/9 1856/31/9
f 1842/33/12 1844/34/12 1850/35/12 1849/36/12
f 1844/34/12 1848/32/12 1851/23/12 1850/35/12
f 1848/32/12 1846/31/12 1852/25/12 1851/23/12
f 1846/31/12 1842/33/12 1849/36/12 1852/25/12
f 1855/32/12 1854/34/12 1853/33/12 1856/31/12
f 1844/34/7 1842/33/7 1853/33/7 1854/34/7
f 1842/33/10 1846/31/10 1856/31/10 1853/33/10
f 1848/32/8 1844/34/8 1854/34/8 1855/32/8
f 1857/19/7 1865/20/7 1866/21/7 1859/22/7
f 1859/22/8 1866/21/8 1867/23/8 1863/24/8
f 1863/24/9 1867/23/9 1868/25/9 1861/26/9
f 1861/26/10 1868/25/10 1865/27/10 1857/28/10
f 1859/29/11 1863/24/11 1861/26/11 1857/30/11
f 1862/31/9 1864/32/9 1871/32/9 1872/31/9
f 1858/33/12 1860/34/12 1866/35/12 1865/36/12
f 1860/34/12 1864/32/12 1867/23/12 1866/35/12
f 1864/32/12 1862/31/12 1868/25/12 1867/23/12
f 1862/31/12 1858/33/12 1865/36/12 1868/25/12
f 1871/32/12 1870/34/12 1869/33/12 1872/31/12
f 1860/34/7 1858/33/7 1869/33/7 1870/34/7
f 1858/33/10 1862/31/10 1872/31/10 1869/33/10
f 1864/32/8 1860/34/8 1870/34/8 1871/32/8
f 1873/19/7 1881/20/7 1882/21/7 1875/22/7
f 1875/22/8 1882/21/8 1883/23/8 1879/24/8
f 1879/24/9 1883/23/9 1884/25/9 1877/26/9
f 1877/26/10 1884/25/10 1881/27/10 1873/28/10
f 1875/29/11 1879/24/11 1877/26/11 1873/30/11
f 1878/31/9 1880/32/9 1887/32/9 1888/31/9
f 1874/33/12 1876/34/12 1882/35/12 1881/36/12
f 1876/34/12 1880/32/12 1883/23/12 1882/35/12
f 1880/32/12 1878/31/12 1884/25/12 1883/23/12
f 1878/31/12 1874/33/12 1881/36/12 1884/25/12
f 1887/32/12 1886/34/12 1885/33/12 1888/31/12
f 1876/34/7 1874/33/7 1885/33/7 1886/34/7
f 1874/33/10 1878/31/10 1888/31/10 1885/33/10
f 1880/32/8 1876/34/8 1886/34/8 1887/32/8
f 1889/19/7 1897/20/7 1898/21/7 1891/22/7
f 1891/22/8 1898/21/8 1899/23/8 1895/24/8
f 1895/24/9 1899/23/9 1900/25/9 1893/26/9
f 1893/26/10 1900/25/10 1897/27/10 1889/28/10
f 1891/29/11 1895/24/11 1893/26/11 1889/30/11
f 1894/31/9 1896/32/9 1903/32/9 1904/31/9
f 1890/33/12 1892/34/12 1898/35/12 1897/36/12
f 1892/34/12 1896/32/12 1899/23/12 1898/35/12
f 1896/32/12 1894/31/12 1900/25/12 1899/23/12
f 1894/31/12 1890/33/12 1897/36/12 1900/25/12
f 1903/32/12 1902/34/12 1901/33/12 1904/31/12
f 1892/34/7 1890/33/7 1901/33/7 1902/34/7
f 1890/33/10 1894/31/10 1904/31/10 1901/33/10
f 1896/32/8 1892/34/8 1902/34/8 1903/32/8
f 1905/19/7 1913/20/7 1914/21/7 1907/22/7
f 1907/22/8 1914/21/8 1915/23/8 1911/24/8
f 1911/24/9 1915/23/9 1916/25/9 1909/26/9
f 1909/26/10 1916/25/10 1913/27/10 1905/28/10
f 1907/29/11 1911/24/11 1909/26/11 1905/30/11
f 1910/31/9 1912/32/9 1919/32/9 1920/31/9
f 1906/33/12 1908/34/12 1914/35/12 1913/36/12
f 1908/34/12 1912/32/12 1915/23/12 1914/35/12
f 1912/32/12 1910/31/12 1916/25/12 1915/23/12
f 1910/31/12 1906/33/12 1913/36/12 1916/25/12
f 1919/32/12 1918/34/12 1917/33/12 1920/31/12
f 1908/34/7 1906/33/7 1917/33/7 1918/34/7
f 1906/33/10 1910/31/10 1920/31/10 1917/33/10
f 1912/32/8 1908/34/8 1918/34/8 1919/32/8
f 1921/19/7 1929/20/7 1930/21/7 1923/22/7
f 1923/22/8 1930/21/8 1931/23/8 1927/24/8
f 1927/24/9 1931/23/9 1932/25/9 1925/26/9
f 1925/26/10 1932/25/10 1929/27/10 1921/28/10
f 1923/29/11 1927/24/11 1925/26/11 1921/30/11
f 1926/31/9 1928/32/9 1935/32/9 1936/31/9
f 1922/33/12 1924/34/12 1930/35/12 1929/36/12
f 1924/34/12 1928/32/12 1931/23/12 1930/35/12
f 1928/32/12 1926/31/12 1932/25/12 1931/23/12
f 1926/31/12 1922/33/12 1929/36/12 1932/25/12
f 1935/32/12 1934/34/12 1933/33/12 1936/31/12
f 1924/34/7 1922/33/7 1933/33/7 1934/34/7
f 1922/33/10 1926/31/10 1936/31/10 1933/33/10
f 1928/32/8 1924/34/8 1934/34/8 1935/32/8
f 1937/19/7 1945/20/7 1946/21/7 1939/22/7
f 1939/22/8 1946/21/8 1947/23/8 1943/24/8
f 1943/24/9 1947/23/9 1948/25/9 1941/26/9
f 1941/26/10 1948/25/10 1945/27/10 1937/28/10
f 1939/29/11 1943/24/11 1941/26/11 1937/30/11
f 1942/31/9 1944/32/9 1951/32/9 1952/31/9
f 1938/33/12 1940/34/12 1946/35/12 1945/36/12
f 1940/34/12 1944/32/12 1947/23/12 1946/35/12
f 1944/32/12 1942/31/12 1948/25/12 1947/23/12
f 1942/31/12 1938/33/12 1945/36/12 1948/25/12
f 1951/32/12 1950/34/12 1949/33/12 1952/31/12
f 1940/34/7 1938/33/7 1949/33/7 1950/34/7
f 1938/33/10 1942/31/10 1952/31/10 1949/33/10
f 1944/32/8 1940/34/8 1950/34/8 1951/32/8
f 1953/19/7 1961/20/7 1962/21/7 1955/22/7
f 1955/22/8 1962/21/8 1963/23/8 1959/24/8
f 1959/24/9 1963/23/9 1964/25/9 1957/26/9
f 1957/26/10 1964/25/10 1961/27/10 1953/28/10
f 1955/29/11 1959/24/11 1957/26/11 1953/30/11
f 1958/31/9 1960/32/9 1967/32/9 1968/31/9
f 1954/33/12 1956/34/12 1962/35/12 1961/36/12
f 1956/34/12 1960/32/12 1963/23/12 1962/35/12
f 1960/32/12 1958/31/12 1964/25/12 1963/23/12
f 1958/31/12 1954/33/12 1961/36/12 1964/25/12
f 1967/32/12 1966/34/12 1965/33/12 1968/31/12
f 1956/34/7 1954/33/7 1965/33/7 1966/34/7
f 1954/33/10 1958/31/10 1968/31/10 1965/33/10
f 1960/32/8 1956/34/8 1966/34/8 1967/32/8
f 1969/19/7 1977/20/7 1978/21/7 1971/22/7
f 1971/22/8 1978/21/8 1979/23/8 1975/24/8
f 1975/24/9 1979/23/9 1980/25/9 1973/26/9
f 1973/26/10 1980/25/10 1977/27/10 1969/28/10
f 1971/29/11 1975/24/11 1973/26/11 1969/30/11
f 1974/31/9 1976/32/9 1983/32/9 1984/31/9
f 1970/33/12 1972/34/12 1978/35/12 1977/36/12
f 1972/34/12 1976/32/12 1979/23/12 1978/35/12
f 1976/32/12 1974/31/12 1980/25/12 1979/23/12
f 1974/31/12 1970/33/12 1977/36/12 1980/25/12
f 1983/32/12 1982/34/12 1981/33/12 1984/31/12
f 1972/34/7 1970/33/7 1981/33/7 1982/34/7
f 1970/33/10 1974/31/10 1984/31/10 1981/33/10
f 1976/32/8 1972/34/8 1982/34/8 1983/32/8
f 1985/19/7 1993/20/7 1994/21/7 1987/22/7
f 1987/22/8 1994/21/8 1995/23/8 1991/24/8
f 1991/24/9 1995/23/9 1996/25/9 1989/26/9
f 1989/26/10 1996/25/10 1993/27/10 1985/28/10
f 1987/29/11 1991/24/11 1989/26/11 1985/30/11
f 1990/31/9 1992/32/9 1999/32/9 2000/31/9
f 1986/33/12 1988/34/12 1994/35/12 1993/36/12
f 1988/34/12 1992/32/12 1995/23/12 1994/35/12
f 1992/32/12 1990/31/12 1996/25/12 1995/23/12
f 1990/31/12 1986/33/12 1993/36/12 1996/25/12
f 1999/32/12 1998/34/12 1997/33/12 2000/31/12
f 1988/34/7 1986/33/7 1997/33/7 1998/34/7
f 1986/33/10 1990/31/10 2000/31/10 1997/33/10
f 1992/32/8 1988/34/8 1998/34/8 1999/32/8
f 2001/19/7 2009/20/7 2010/21/7 2003/22/7
f 2003/22/8 2010/21/8 2011/23/8 2007/24/8
f 2007/24/9 2011/23/9 2012/25/9 2005/26/9
f 2005/26/10 2012/25/10 2009/27/10 2001/28/10
f 2003/29/11 2007/24/11 2005/26/11 2001/30/11
f 2006/31/9 2008/32/9 2015/32/9 2016/31/9
f 2002/33/12 2004/34/12 2010/35/12 2009/36/12
f 2004/34/12 2008/32/12 2011/23/12 2010/35/12
f 2008/32/12 2006/31/12 2012/25/12 2011/23/12
f 2006/31/12 2002/33/12 2009/36/12 2012/25/12
f 2015/32/12 2014/34/12 2013/33/12 2016/31/12
f 2004/34/7 2002/33/7 2013/33/7 2014/34/7
f 2002/33/10 2006/31/10 2016/31/10 2013/33/10
f 2008/32/8 2004/34/8 2014/34/8 2015/32/8
f 2017/19/7 2025/20/7 2026/21/7 2019/22/7
f 2019/22/8 2026/21/8 2027/23/8 2023/24/8
f 2023/24/9 2027/23/9 2028/25/9 2021/26/9
f 2021/26/10 2028/25/10 2025/27/10 2017/28/10
f 2019/29/11 2023/24/11 2021/26/11 2017/30/11
f 2022/31/9 2024/32/9 2031/32/9 2032/31/9
f 2018/33/12 2020/34/12 2026/35/12 2025/36/12
f 2020/34/12 2024/32/12 2027/23/12 2026/35/12
f 2024/32/12 2022/31/12 2028/25/12 2027/23/12
f 2022/31/12 2018/33/12 2025/36/12 2028/25/12
f 2031/32/12 2030/34/12 2029/33/12 2032/31/12
f 2020/34/7 2018/33/7 2029/33/7 2030/34/7
f 2018/33/10 2022/31/10 2032/31/10 2029/33/10
f 2024/32/8 2020/34/8 2030/34/8 2031/32/8
f 2033/19/7 2041/20/7 2042/21/7 2035/22/7
f 2035/22/8 2042/21/8 2043/23/8 2039/24/8
f 2039/24/9 2043/23/9 2044/25/9 2037/26/9
f 2037/26/10 2044/25/10 2041/27/10 2033/28/10
f 2035/29/11 2039/24/11 2037/26/11 2033/30/11
f 2038/31/9 2040/32/9 2047/32/9 2048/31/9
f 2034/33/12 2036/34/12 2042/35/12 2041/36/12
f 2036/34/12 2040/32/12 2043/23/12 2042/35/12
f 2040/32/12 2038/31/12 2044/25/12 2043/23/12
f 2038/31/12 2034/33/12 2041/36/12 2044/25/12
f 2047/32/12 2046/34/12 2045/33/12 2048/31/12
f 2036/34/7 2034/33/7 2045/33/7 2046/34/7
f 2034/33/10 2038/31/10 2048/31/10 2045/33/10
f 2040/32/8 2036/34/8 2046/34/8 2047/32/8
f 2049/19/7 2057/20/7 2058/21/7 2051/22/7
f 2051/22/8 2058/21/8 2059/23/8 2055/24/8
f 2055/24/9 2059/23/9 2060/25/9 2053/26/9
f 2053/26/10 2060/25/10 2057/27/10 2049/28/10
f 2051/29/11 2055/24/11 2053/26/11 2049/30/11
f 2054/31/9 2056/32/9 2063/32/9 2064/31/9
f 2050/33/12 2052/34/12 2058/35/12 2057/36/12
f 2052/34/12 2056/32/12 2059/23/12 2058/35/12
f 2056/32/12 2054/31/12 2060/25/12 2059/23/12
f 2054/31/12 2050/33/12 2057/36/12 2060/25/12
f 2063/32/12 2062/34/12 2061/33/12 2064/31/12
f 2052/34/7 2050/33/7 2061/33/7 2062/34/7
f 2050/33/10 2054/31/10 2064/31/10 2061/33/10
f 2056/32/8 2052/34/8 2062/34/8 2063/32/8
f 2065/19/7 2073/20/7 2074/21/7 2067/22/7
f 2067/22/8 2074/21/8 2075/23/8 2071/24/8
f 2071/24/9 2075/23/9 2076/25/9 2069/26/9
f 2069/26/10 2076/25/10 2073/27/10 2065/28/10
f 2067/29/11 2071/24/11 2069/26/11 2065/30/11
f 2070/31/9 2072/32/9 2079/32/9 2080/31/9
f 2066/33/12 2068/34/12 2074/35/12 2073/36/12
f 2068/34/12 2072/32/12 2075/23/12 2074/35/12
f 2072/32/12 2070/31/12 2076/25/12 2075/23/12
f 2070/31/12 2066/33/12 2073/36/12 2076/25/12
f 2079/32/12 2078/34/12 2077/33/12 2080/31/12
f 2068/34/7 2066/33/7 2077/33/7 2078/34/7
f 2066/33/10 2070/31/10 2080/31/10 2077/33/10
f 2072/32/8 2068/34/8 2078/34/8 2079/32/8
f 2081/19/7 2089/20/7 2090/21/7 2083/22/7
f 2083/22/8 2090/21/8 2091/23/8 2087/24/8
f 2087/24/9 2091/23/9 2092/25/9 2085/26/9
f 2085/26/10 2092/25/10 2089/27/10 2081/28/10
f 2083/29/11 2087/24/11 2085/26/11 2081/30/11
f 2086/31/9 2088/32/9 2095/32/9 2096/31/9
f 2082/33/12 2084/34/12 2090/35/12 2089/36/12
f 2084/34/12 2088/32/12 2091/23/12 2090/35/12
f 2088/32/12 2086/31/12 2092/25/12 2091/23/12
f 2086/31/12 2082/33/12 2089/36/12 2092/25/12
f 2095/32/12 2094/34/12 2093/33/12 2096/31/12
f 2084/34/7 2082/33/7 2093/33/7 2094/34/7
f 2082/33/10 2086/31/10 2096/31/10 2093/33/10
f 2088/32/8 2084/34/8 2094/34/8 2095/32/8
f 2097/19/7 2105/20/7 2106/21/7 2099/22/7
f 2099/22/8 2106/21/8 2107/23/8 2103/24/8
f 2103/24/9 2107/23/9 2108/25/9 2101/26/9
f 2101/26/10 2108/25/10 2105/27/10 2097/28/10
f 2099/29/11 2103/24/11 2101/26/11 2097/30/11
f 2102/31/9 2104/32/9 2111/32/9 2112/31/9
f 2098/33/12 2100/34/12 2106/35/12 2105/36/12
f 2100/34/12 2104/32/12 2107/23/12 2106/35/12
f 2104/32/12 2102/31/12 2108/25/12 2107/23/12
f 2102/31/12 2098/33/12 2105/36/12 2108/25/12
f 2111/32/12 2110/34/12 2109/33/12 2112/31/12
f 2100/34/7 2098/33/7 2109/33/7 2110/34/7
f 2098/33/10 2102/31/10 2112/31/10 2109/33/10
f 2104/32/8 2100/34/8 2110/34/8 2111/32/8
f 2113/19/7 2121/20/7 2122/21/7 2115/22/7
f 2115/22/8 2122/21/8 2123/23/8 2119/24/8
f 2119/24/9 2123/23/9 2124/25/9 2117/26/9
f 2117/26/10 2124/25/10 2121/27/10 2113/28/10
f 2115/29/11 2119/24/11 2117/26/11 2113/30/11
f 2118/31/9 2120/32/9 2127/32/9 2128/31/9
f 2114/33/12 2116/34/12 2122/35/12 2121/36/12
f 2116/34/12 2120/32/12 2123/23/12 2122/35/12
f 2120/32/12 2118/31/12 2124/25/12 2123/23/12
f 2118/31/12 2114/33/12 2121/36/12 2124/25/12
f 2127/32/12 2126/34/12 2125/33/12 2128/31/12
f 2116/34/7 2114/33/7 2125/33/7 2126/34/7
f 2114/33/10 2118/31/10 2128/31/10 2125/33/10
f 2120/32/8 2116/34/8 2126/34/8 2127/32/8
f 2129/19/7 2137/20/7 2138/21/7 2131/22/7
f 2131/22/8 2138/21/8 2139/23/8 2135/24/8
f 2135/24/9 2139/23/9 2140/25/9 2133/26/9
f 2133/26/10 2140/25/10 2137/27/10 2129/28/10
f 2131/29/11 2135/24/11 2133/26/11 2129/30/11
f 2134/31/9 2136/32/9 2143/32/9 2144/31/9
f 2130/33/12 2132/34/12 2138/35/12 2137/36/12
f 2132/34/12 2136/32/12 2139/23/12 2138/35/12
f 2136/32/12 2134/31/12 2140/25/12 2139/23/12
f 2134/31/12 2130/33/12 2137/36/12 2140/25/12
f 2143/32/12 2142/34/12 2141/33/12 2144/31/12
f 2132/34/7 2130/33/7 2141/33/7 2142/34/7
f 2130/33/10 2134/31/10 2144/31/10 2141/33/10
f 2136/32/8 2132/34/8 2142/34/8 2143/32/8
f 2145/19/7 2153/20/7 2154/21/7 2147/22/7
f 2147/22/8 2154/21/8 2155/23/8 2151/24/8
f 2151/24/9 2155/23/9 2156/25/9 2149/26/9
f 2149/26/10 2156/25/10 2153/27/10 2145/28/10
f 2147/29/11 2151/24/11 2149/26/11 2145/30/11
f 2150/31/9 2152/32/9 2159/32/9 2160/31/9
f 2146/33/12 2148/34/12 2154/35/12 2153/36/12
f 2148/34/12 2152/32/12 2155/23/12 2154/35/12
f 2152/32/12 2150/31/12 2156/25/12 2155/23/12
f 2150/31/12 2146/33/12 2153/36/12 2156/25/12
f 2159/32/12 2158/34/12 2157/33/12 2160/31/12
f 2148/34/7 2146/33/7 2157/33/7 2158/34/7
f 2146/33/10 2150/31/10 2160/31/10 2157/33/10
f 2152/32/8 2148/34/8 2158/34/8 2159/32/8
f 2161/19/7 2169/20/7 2170/21/7 2163/22/7
f 2163/22/8 2170/21/8 2171/23/8 2167/24/8
f 2167/24/9 2171/23/9 2172/25/9 2165/26/9
f 2165/26/10 2172/25/10 2169/27/10 2161/28/10
f 2163/29/11 2167/24/11 2165/26/11 2161/30/11
f 2166/31/9 2168/32/9 2175/32/9 2176/31/9
f 2162/33/12 2164/34/12 2170/35/12 2169/36/12
f 2164/34/12 2168/32/12 2171/23/12 2170/35/12
f 2168/32/12 2166/31/12 2172/25/12 2171/23/12
f 2166/31/12 2162/33/12 2169/36/12 2172/25/12
f 2175/32/12 2174/34/12 2173/33/12 2176/31/12
f 2164/34/7 2162/33/7 2173/33/7 2174/34/7
f 2162/33/10 2166/31/10 2176/31/10 2173/33/10
f 2168/32/8 2164/34/8 2174/34/8 2175/32/8
f 2177/19/7 2185/20/7 2186/21/7 2179/22/7
f 2179/22/8 2186/21/8 2187/23/8 2183/24/8
f 2183/24/9 2187/23/9 2188/25/9 2181/26/9
f 2181/26/10 2188/25/10 2185/27/10 2177/28/10
f 2179/29/11 2183/24/11 2181/26/11 2177/30/11
f 2182/31/9 2184/32/9 2191/32/9 2192/31/9
f 2178/33/12 2180/34/12 2186/35/12 2185/36/12
f 2180/34/12 2184/32/12 2187/23/12 2186/35/12
f 2184/32/12 2182/31/12 2188/25/12 2187/23/12
f 2182/31/12 2178/33/12 2185/36/12 2188/25/12
f 2191/32/12 2190/34/12 2189/33/12 2192/31/12
f 2180/34/7 2178/33/7 2189/33/7 2190/34/7
f 2178/33/10 2182/31/10 2192/31/10 2189/33/10
f 2184/32/8 2180/34/8 2190/34/8 2191/32/8
f 2193/19/7 2201/20/7 2202/21/7 2195/22/7
f 2195/22/8 2202/21/8 2203/23/8 2199/24/8
f 2199/24/9 2203/23/9 2204/25/9 2197/26/9
f 2197/26/10 2204/25/10 2201/27/10 2193/28/10
f 2195/29/11 2199/24/11 2197/26/11 2193/30/11
f 2198/31/9 2200/32/9 2207/32/9 2208/31/9
f 2194/33/12 2196/34/12 2202/35/12 2201/36/12
f 2196/34/12 2200/32/12 2203/23/12 2202/35/12
f 2200/32/12 2198/31/12 2204/25/12 2203/23/12
f 2198/31/12 2194/33/12 2201/36/12 2204/25/12
f 2207/32/12 2206/34/12 2205/33/12 2208/31/12
f 2196/34/7 2194/33/7 2205/33/7 2206/34/7
f 2194/33/10 2198/31/10 2208/31/10 2205/33/10
f 2200/32/8 2196/34/8 2206/34/8 2207/32/8
f 2209/19/7 2217/20/7 2218/21/7 2211/22/7
f 2211/22/8 2218/21/8 2219/23/8 2215/24/8
f 2215/24/9 2219/23/9 2220/25/9 2213/26/9
f 2213/26/10 2220/25/10 2217/27/10 2209/28/10
f 2211/29/11 2215/24/11 2213/26/11 2209/30/11
f 2214/31/9 2216/32/9 2223/32/9 2224/31/9
f 2210/33/12 2212/34/12 2218/35/12 2217/36/12
f 2212/34/12 2216/32/12 2219/23/12 2218/35/12
f 2216/32/12 2214/31/12 2220/25/12 2219/23/12
f 2214/31/12 2210/33/12 2217/36/12 2220/25/12
f 2223/32/12 2222/34/12 2221/33/12 2224/31/12
f 2212/34/7 2210/33/7 2221/33/7 2222/34/7
f 2210/33/10 2214/31/10 2224/31/10 2221/33/10
f 2216/32/8 2212/34/8 2222/34/8 2223/32/8
f 2225/19/7 2233/20/7 2234/21/7 2227/22/7
f 2227/22/8 2234/21/8 2235/23/8 2231/24/8
f 2231/24/9 2235/23/9 2236/25/9 2229/26/9
f 2229/26/10 2236/25/10 2233/27/10 2225/28/10
f 2227/29/11 2231/24/11 2229/26/11 2225/30/11
f 2230/31/9 2232/32/9 2239/32/9 2240/31/9
f 2226/33/12 2228/34/12 2234/35/12 2233/36/12
f 2228/34/12 2232/32/12 2235/23/12 2234/35/12
f 2232/32/12 2230/31/12 2236/25/12 2235/23/12
f 2230/31/12 2226/33/12 2233/36/12 2236/25/12
f 2239/32/12 2238/34/12 2237/33/12 2240/31/12
f 2228/34/7 2226/33/7 2237/33/7 2238/34/7
f 2226/33/10 2230/31/10 2240/31/10 2237/33/10
f 2232/32/8 2228/34/8 2238/34/8 2239/32/8
f 2241/19/7 2249/20/7 2250/21/7 2243/22/7
f 2243/22/8 2250/21/8 2251/23/8 2247/24/8
f 2247/24/9 2251/23/9 2252/25/9 2245/26/9
f 2245/26/10 2252/25/10 2249/27/10 2241/28/10
f 2243/29/11 2247/24/11 2245/26/11 2241/30/11
f 2246/31/9 2248/32/9 2255/32/9 2256/31/9
f 2242/33/12 2244/34/12 2250/35/12 2249/36/12
f 2244/34/12 2248/32/12 2251/23/12 2250/35/12
f 2248/32/12 2246/31/12 2252/25/12 2251/23/12
f 2246/31/12 2242/33/12 2249/36/12 2252/25/12
f 2255/32/12 2254/34/12 2253/33/12 2256/31/12
f 2244/34/7 2242/33/7 2253/33/7 2254/34/7
f 2242/33/10 2246/31/10 2256/31/10 2253/33/10
f 2248/32/8 2244/34/8 2254/34/8 2255/32/8
f 2257/19/7 2265/20/7 2266/21/7 2259/22/7
f 2259/22/8 2266/21/8 2267/23/8 2263/24/8
f 2263/24/9 2267/23/9 2268/25/9 2261/26/9
f 2261/26/10 2268/25/10 2265/27/10 2257/28/10
f 2259/29/11 2263/24/11 2261/26/11 2257/30/11
f 2262/31/9 2264/32/9 2271/32/9 2272/31/9
f 2258/33/12 2260/34/12 2266/35/12 2265/36/12
f 2260/34/12 2264/32/12 2267/23/12 2266/35/12
f 2264/32/12 2262/31/12 2268/25/12 2267/23/12
f 2262/31/12 2258/33/12 2265/36/12 2268/25/12
f 2271/32/12 2270/34/12 2269/33/12 2272/31/12
f 2260/34/7 2258/33/7 2269/33/7 2270/34/7
f 2258/33/10 2262/31/10 2272/31/10 2269/33/10
f 2264/32/8 2260/34/8 2270/34/8 2271/32/8
f 2273/19/7 2281/20/7 2282/21/7 2275/22/7
f 2275/22/8 2282/21/8 2283/23/8 2279/24/8
f 2279/24/9 2283/23/9 2284/25/9 2277/26/9
f 2277/26/10 2284/25/10 2281/27/10 2273/28/10
f 2275/29/11 2279/24/11 2277/26/11 2273/30/11
f 2278/31/9 2280/32/9 2287/32/9 2288/31/9
f 2274/33/12 2276/34/12 2282/35/12 2281/36/12
f 2276/34/12 2280/32/12 2283/23/12 2282/35/12
f 2280/32/12 2278/31/12 2284/25/12 2283/23/12
f 2278/31/12 2274/33/12 2281/36/12 2284/25/12
f 2287/32/12 2286/34/12 2285/33/12 2288/31/12
f 2276/34/7 2274/33/7 2285/33/7 2286/34/7
f 2274/33/10 2278/31/10 2288/31/10 2285/33/10
f 2280/32/8 2276/34/8 2286/34/8 2287/32/8
f 2289/19/7 2297/20/7 2298/21/7 2291/22/7
f 2291/22/8 2298/21/8 2299/23/8 2295/24/8
f 2295/24/9 2299/23/9 2300/25/9 2293/26/9
f 2293/26/10 2300/25/10 2297/27/10 2289/28/10
f 2291/29/11 2295/24/11 2293/26/11 2289/30/11
f 2294/31/9 2296/32/9 2303/32/9 2304/31/9
f 2290/33/12 2292/34/12 2298/35/12 2297/36/12
f 2292/34/12 2296/32/12 2299/23/12 2298/35/12
f 2296/32/12 2294/31/12 2300/25/12 2299/23/12
f 2294/31/12 2290/33/12 2297/36/12 2300/25/12
f 2303/32/12 2302/34/12 2301/33/12 2304/31/12
f 2292/34/7 2290/33/7 2301/33/7 2302/34/7
f 2290/33/10 2294/31/10 2304/31/10 2301/33/10
f 2296/32/8 2292/34/8 2302/34/8 2303/32/8
f 2305/19/7 2313/20/7 2314/21/7 2307/22/7
f 2307/22/8 2314/21/8 2315/23/8 2311/24/8
f 2311/24/9 2315/23/9 2316/25/9 2309/26/9
f 2309/26/10 2316/25/10 2313/27/10 2305/28/10
f 2307/29/11 2311/24/11 2309/26/11 2305/30/11
f 2310/31/9 2312/32/9 2319/32/9 2320/31/9
f 2306/33/12 2308/34/12 2314/35/12 2313/36/12
f 2308/34/12 2312/32/12 2315/23/12 2314/35/12
f 2312/32/12 2310/31/12 2316/25/12 2315/23/12
f 2310/31/12 2306/33/12 2313/36/12 2316/25/12
f 2319/32/12 2318/34/12 2317/33/12 2320/31/12
f 2308/34/7 2306/33/7 2317/33/7 2318/34/7
f 2306/33/10 2310/31/10 2320/31/10 2317/33/10
f 2312/32/8 2308/34/8 2318/34/8 2319/32/8
f 2321/19/7 2329/20/7 2330/21/7 2323/22/7
f 2323/22/8 2330/21/8 2331/23/8 2327/24/8
f 2327/24/9 2331/23/9 2332/25/9 2325/26/9
f 2325/26/10 2332/25/10 2329/27/10 2321/28/10
f 2323/29/11 2327/24/11 2325/26/11 2321/30/11
f 2326/31/9 2328/32/9 2335/32/9 2336/31/9
f 2322/33/12 2324/34/12 2330/35/12 2329/36/12
f 2324/34/12 2328/32/12 2331/23/12 2330/35/12
f 2328/32/12 2326/31/12 2332/25/12 2331/23/12
f 2326/31/12 2322/33/12 2329/36/12 2332/25/12
f 2335/32/12 2334/34/12 2333/33/12 2336/31/12
f 2324/34/7 2322/33/7 2333/33/7 2334/34/7
f 2322/33/10 2326/31/10 2336/31/10 2333/33/10
f 2328/32/8 2324/34/8 2334/34/8 2335/32/8
f 2337/19/7 2345/20/7 2346/21/7 2339/22/7
f 2339/22/8 2346/21/8 2347/23/8 2343/24/8
f 2343/24/9 2347/23/9 2348/25/9 2341/26/9
f 2341/26/10 2348/25/10 2345/27/10 2337/28/10
f 2339/29/11 2343/24/11 2341/26/11 2337/30/11
f 2342/31/9 2344/32/9 2351/32/9 2352/31/9
f 2338/33/12 2340/34/12 2346/35/12 2345/36/12
f 2340/34/12 2344/32/12 2347/23/12 2346/35/12
f 2344/32/12 2342/31/12 2348/25/12 2347/23/12
f 2342/31/12 2338/33/12 2345/36/12 2348/25/12
f 2351/32/12 2350/34/12 2349/33/12 2352/31/12
f 2340/34/7 2338/33/7 2349/33/7 2350/34/7
f 2338/33/10 2342/31/10 2352/31/10 2349/33/10
f 2344/32/8 2340/34/8 2350/34/8 2351/32/8
f 2353/19/7 2361/20/7 2362/21/7 2355/22/7
f 2355/22/8 2362/21/8 2363/23/8 2359/24/8
f 2359/24/9 2363/23/9 2364/25/9 2357/26/9
f 2357/26/10 2364/25/10 2361/27/10 2353/28/10
f 2355/29/11 2359/24/11 2357/26/11 2353/30/11
f 2358/31/9 2360/32/9 2367/32/9 2368/31/9
f 2354/33/12 2356/34/12 2362/35/12 2361/36/12
f 2356/34/12 2360/32/12 2363/23/12 2362/35/12
f 2360/32/12 2358/31/12 2364/25/12 2363/23/12
f 2358/31/12 2354/33/12 2361/36/12 2364/25/12
f 2367/32/12 2366/34/12 2365/33/12 2368/31/12
f 2356/34/7 2354/33/7 2365/33/7 2366/34/7
f 2354/33/10 2358/31/10 2368/31/10 2365/33/10
f 2360/32/8 2356/34/8 2366/34/8 2367/32/8
f 2369/19/7 2377/20/7 2378/21/7 2371/22/7
f 2371/22/8 2378/21/8 2379/23/8 2375/24/8
f 2375/24/9 2379/23/9 2380/25/9 2373/26/9
f 2373/26/10 2380/25/10 2377/27/10 2369/28/10
f 2371/29/11 2375/24/11 2373/26/11 2369/30/11
f 2374/31/9 2376/32/9 2383/32/9 2384/31/9
f 2370/33/12 2372/34/12 2378/35/12 2377/36/12
f 2372/34/12 2376/32/12 2379/23/12 2378/35/12
f 2376/32/12 2374/31/12 2380/25/12 2379/23/12
f 2374/31/12 2370/33/12 2377/36/12 2380/25/12
f 2383/32/12 2382/34/12 2381/33/12 2384/31/12
f 2372/34/7 2370/33/7 2381/33/7 2382/34/7
f 2370/33/10 2374/31/10 2384/31/10 2381/33/10
f 2376/32/8 2372/34/8 2382/34/8 2383/32/8
f 2385/19/7 2393/20/7 2394/21/7 2387/22/7
f 2387/22/8 2394/21/8 2395/23/8 2391/24/8
f 2391/24/9 2395/23/9 2396/25/9 2389/26/9
f 2389/26/10 2396/25/10 2393/27/10 2385/28/10
f 2387/29/11 2391/24/11 2389/26/11 2385/30/11
f 2390/31/9 2392/32/9 2399/32/9 2400/31/9
f 2386/33/12 2388/34/12 2394/35/12 2393/36/12
f 2388/34/12 2392/32/12 2395/23/12 2394/35/12
f 2392/32/12 2390/31/12 2396/25/12 2395/23/12
f 2390/31/12 2386/33/12 2393/36/12 2396/25/12
f 2399/32/12 2398/34/12 2397/33/12 2400/31/12
f 2388/34/7 2386/33/7 2397/33/7 2398/34/7
f 2386/33/10 2390/31/10 2400/31/10 2397/33/10
f 2392/32/8 2388/34/8 2398/34/8 2399/32/8
f 2401/19/7 2409/20/7 2410/21/7 2403/22/7
f 2403/22/8 2410/21/8 2411/23/8 2407/24/8
f 2407/24/9 2411/23/9 2412/25/9 2405/26/9
f 2405/26/10 2412/25/10 2409/27/10 2401/28/10
f 2403/29/11 2407/24/11 2405/26/11 2401/30/11
f 2406/31/9 2408/32/9 2415/32/9 2416/31/9
f 2402/33/12 2404/34/12 2410/35/12 2409/36/12
f 2404/34/12 2408/32/12 2411/23/12 2410/35/12
f 2408/32/12 2406/31/12 2412/25/12 2411/23/12
f 2406/31/12 2402/33/12 2409/36/12 2412/25/12
f 2415/32/12 2414/34/12 2413/33/12 2416/31/12
f 2404/34/7 2402/33/7 2413/33/7 2414/34/7
f 2402/33/10 2406/31/10 2416/31/10 2413/33/10
f 2408/32/8 2404/34/8 2414/34/8 2415/32/8
f 2417/19/7 2425/20/7 2426/21/7 2419/22/7
f 2419/22/8 2426/21/8 2427/23/8 2423/24/8
f 2423/24/9 2427/23/9 2428/25/9 2421/26/9
f 2421/26/10 2428/25/10 2425/27/10 2417/28/10
f 2419/29/11 2423/24/11 2421/26/11 2417/30/11
f 2422/31/9 2424/32/9 2431/32/9 2432/31/9
f 2418/33/12 2420/34/12 2426/35/12 2425/36/12
f 2420/34/12 2424/32/12 2427/23/12 2426/35/12
f 2424/32/12 2422/31/12 2428/25/12 2427/23/12
f 2422/31/12 2418/33/12 2425/36/12 2428/25/12
f 2431/32/12 2430/34/12 2429/33/12 2432/31/12
f 2420/34/7 2418/33/7 2429/33/7 2430/34/7
f 2418/33/10 2422/31/10 2432/31/10 2429/33/10
f 2424/32/8 2420/34/8 2430/34/8 2431/32/8
f 2433/19/7 2441/20/7 2442/21/7 2435/22/7
f 2435/22/8 2442/21/8 2443/23/8 2439/24/8
f 2439/24/9 2443/23/9 2444/25/9 2437/26/9
f 2437/26/10 2444/25/10 2441/27/10 2433/28/10
f 2435/29/11 2439/24/11 2437/26/11 2433/30/11
f 2438/31/9 2440/32/9 2447/32/9 2448/31/9
f 2434/33/12 2436/34/12 2442/35/12 2441/36/12
f 2436/34/12 2440/32/12 2443/23/12 2442/35/12
f 2440/32/12 2438/31/12 2444/25/12 2443/23/12
f 2438/31/12 2434/33/12 2441/36/12 2444/25/12
f 2447/32/12 2446/34/12 2445/33/12 2448/31/12
f 2436/34/7 2434/33/7 2445/33/7 2446/34/7
f 2434/33/10 2438/31/10 2448/31/10 2445/33/10
f 2440/32/8 2436/34/8 2446/34/8 2447/32/8
f 2449/19/7 2457/20/7 2458/21/7 2451/22/7
f 2451/22/8 2458/21/8 2459/23/8 2455/24/8
f 2455/24/9 2459/23/9 2460/25/9 2453/26/9
f 2453/26/10 2460/25/10 2457/27/10 2449/28/10
f 2451/29/11 2455/24/11 2453/26/11 2449/30/11
f 2454/31/9 2456/32/9 2463/32/9 2464/31/9
f 2450/33/12 2452/34/12 2458/35/12 2457/36/12
f 2452/34/12 2456/32/12 2459/23/12 2458/35/12
f 2456/32/12 2454/31/12 2460/25/12 2459/23/12
f 2454/31/12 2450/33/12 2457/36/12 2460/25/12
f 2463/32/12 2462/34/12 2461/33/12 2464/31/12
f 2452/34/7 2450/33/7 2461/33/7 2462/34/7
f 2450/33/10 2454/31/10 2464/31/10 2461/33/10
f 2456/32/8 2452/34/8 2462/34/8 2463/32/8
f 2465/19/7 2473/20/7 2474/21/7 2467/22/7
f 2467/22/8 2474/21/8 2475/23/8 2471/24/8
f 2471/24/9 2475/23/9 2476/25/9 2469/26/9
f 2469/26/10 2476/25/10 2473/27/10 2465/28/10
f 2467/29/11 2471/24/11 2469/26/11 2465/30/11
f 2470/31/9 2472/32/9 2479/32/9 2480/31/9
f 2466/33/12 2468/34/12 2474/35/12 2473/36/12
f 2468/34/12 2472/32/12 2475/23/12 2474/35/12
f 2472/32/12 2470/31/12 2476/25/12 2475/23/12
f 2470/31/12 2466/33/12 2473/36/12 2476/25/12
f 2479/32/12 2478/34/12 2477/33/12 2480/31/12
f 2468/34/7 2466/33/7 2477/33/7 2478/34/7
f 2466/33/10 2470/31/10 2480/31/10 2477/33/10
f 2472/32/8 2468/34/8 2478/34/8 2479/32/8
f 2481/19/7 2489/20/7 2490/21/7 2483/22/7
f 2483/22/8 2490/21/8 2491/23/8 2487/24/8
f 2487/24/9 2491/23/9 2492/25/9 2485/26/9
f 2485/26/10 2492/25/10 2489/27/10 2481/28/10
f 2483/29/11 2487/24/11 2485/26/11 2481/30/11
f 2486/31/9 2488/32/9 2495/32/9 2496/31/9
f 2482/33/12 2484/34/12 2490/35/12 2489/36/12
f 2484/34/12 2488/32/12 2491/23/12 2490/35/12
f 2488/32/12 2486/31/12 2492/25/12 2491/23/12
f 2486/31/12 2482/33/12 2489/36/12 2492/25/12
f 2495/32/12 2494/34/12 2493/33/12 2496/31/12
f 2484/34/7 2482/33/7 2493/33/7 2494/34/7
f 2482/33/10 2486/31/10 2496/31/10 2493/33/10
f 2488/32/8 2484/34/8 2494/34/8 2495/32/8
f 2497/19/7 2505/20/7 2506/21/7 2499/22/7
f 2499/22/8 2506/21/8 2507/23/8 2503/24/8
f 2503/24/9 2507/23/9 2508/25/9 2501/26/9
f 2501/26/10 2508/25/10 2505/27/10 2497/28/10
f 2499/29/11 2503/24/11 2501/26/11 2497/30/11
f 2502/31/9 2504/32/9 2511/32/9 2512/31/9
f 2498/33/12 2500/34/12 2506/35/12 2505/36/12
f 2500/34/12 2504/32/12 2507/23/12 2506/35/12
f 2504/32/12 2502/31/12 2508/25/12 2507/23/12
f 2502/31/12 2498/33/12 2505/36/12 2508/25/12
f 2511/32/12 2510/34/12 2509/33/12 2512/31/12
f 2500/34/7 2498/33/7 2509/33/7 2510/34/7
f 2498/33/10 2502/31/10 2512/31/10 2509/33/10
f 2504/32/8 2500/34/8 2510/34/8 2511/32/8
f 2513/19/7 2521/20/7 2522/21/7 2515/22/7
f 2515/22/8 2522/21/8 2523/23/8 2519/24/8
f 2519/24/9 2523/23/9 2524/25/9 2517/26/9
f 2517/26/10 2524/25/10 2521/27/10 2513/28/10
f 2515/29/11 2519/24/11 2517/26/11 2513/30/11
f 2518/31/9 2520/32/9 2527/32/9 2528/31/9
f 2514/33/12 2516/34/12 2522/35/12 2521/36/12
f 2516/34/12 2520/32/12 2523/23/12 2522/35/12
f 2520/32/12 2518/31/12 2524/25/12 2523/23/12
f 2518/31/12 2514/33/12 2521/36/12 2524/25/12
f 2527/32/12 2526/34/12 2525/33/12 2528/31/12
f 2516/34/7 2514/33/7 2525/33/7 2526/34/7
f 2514/33/10 2518/31/10 2528/31/10 2525/33/10
f 2520/32/8 2516/34/8 2526/34/8 2527/32/8
f 2529/19/7 2537/20/7 2538/21/7 2531/22/7
f 2531/22/8 2538/21/8 2539/23/8 2535/24/8
f 2535/24/9 2539/23/9 2540/25/9 2533/26/9
f 2533/26/10 2540/25/10 2537/27/10 2529/28/10
f 2531/29/11 2535/24/11 2533/26/11 2529/30/11
f 2534/31/9 2536/32/9 2543/32/9 2544/31/9
f 2530/33/12 2532/34/12 2538/35/12 2537/36/12
f 2532/34/12 2536/32/12 2539/23/12 2538/35/12
f 2536/32/12 2534/31/12 2540/25/12 2539/23/12
f 2534/31/12 2530/33/12 2537/36/12 2540/25/12
f 2543/32/12 2542/34/12 2541/33/12 2544/31/12
f 2532/34/7 2530/33/7 2541/33/7 2542/34/7
f 2530/33/10 2534/31/10 2544/31/10 2541/33/10
f 2536/32/8 2532/34/8 2542/34/8 2543/32/8
f 2545/19/7 2553/20/7 2554/21/7 2547/22/7
f 2547/22/8 2554/21/8 2555/23/8 2551/24/8
f 2551/24/9 2555/23/9 2556/25/9 2549/26/9
f 2549/26/10 2556/25/10 2553/27/10 2545/28/10
f 2547/29/11 2551/24/11 2549/26/11 2545/30/11
f 2550/31/9 2552/32/9 2559/32/9 2560/31/9
f 2546/33/12 2548/34/12 2554/35/12 2553/36/12
f 2548/34/12 2552/32/12 2555/23/12 2554/35/12
f 2552/32/12 2550/31/12 2556/25/12 2555/23/12
f 2550/31/12 2546/33/12 2553/36/12 2556/25/12
f 2559/32/12 2558/34/12 2557/33/12 2560/31/12
f 2548/34/7 2546/33/7 2557/33/7 2558/34/7
f 2546/33/10 2550/31/10 2560/31/10 2557/33/10
f 2552/32/8 2548/34/8 2558/34/8 2559/32/8
f 2561/19/7 2569/20/7 2570/21/7 2563/22/7
f 2563/22/8 2570/21/8 2571/23/8 2567/24/8
f 2567/24/9 2571/23/9 2572/25/9 2565/26/9
f 2565/26/10 2572/25/10 2569/27/10 2561/28/10
f 2563/29/11 2567/24/11 2565/26/11 2561/30/11
f 2566/31/9 2568/32/9 2575/32/9 2576/31/9
f 2562/33/12 2564/34/12 2570/35/12 2569/36/12
f 2564/34/12 2568/32/12 2571/23/12 2570/35/12
f 2568/32/12 2566/31/12 2572/25/12 2571/23/12
f 2566/31/12 2562/33/12 2569/36/12 2572/25/12
f 2575/32/12 2574/34/12 2573/33/12 2576/31/12
f 2564/34/7 2562/33/7 2573/33/7 2574/34/7
f 2562/33/10 2566/31/10 2576/31/10 2573/33/10
f 2568/32/8 2564/34/8 2574/34/8 2575/32/8
f 2577/19/7 2585/20/7 2586/21/7 2579/22/7
f 2579/22/8 2586/21/8 2587/23/8 2583/24/8
f 2583/24/9 2587/23/9 2588/25/9 2581/26/9
f 2581/26/10 2588/25/10 2585/27/10 2577/28/10
f 2579/29/11 2583/24/11 2581/26/11 2577/30/11
f 2582/31/9 2584/32/9 2591/32/9 2592/31/9
f 2578/33/12 2580/34/12 2586/35/12 2585/36/12
f 2580/34/12 2584/32/12 2587/23/12 2586/35/12
f 2584/32/12 2582/31/12 2588/25/12 2587/23/12
f 2582/31/12 2578/33/12 2585/36/12 2588/25/12
f 2591/32/12 2590/34/12 2589/33/12 2592/31/12
f 2580/34/7 2578/33/7 2589/33/7 2590/34/7
f 2578/33/10 2582/31/10 2592/31/10 2589/33/10
f 2584/32/8 2580/34/8 2590/34/8 2591/32/8
f 2593/19/7 2601/20/7 2602/21/7 2595/22/7
f 2595/22/8 2602/21/8 2603/23/8 2599/24/8
f 2599/24/9 2603/23/9 2604/25/9 2597/26/9
f 2597/26/10 2604/25/10 2601/27/10 2593/28/10
f 2595/29/11 2599/24/11 2597/26/11 2593/30/11
f 2598/31/9 2600/32/9 2607/32/9 2608/31/9
f 2594/33/12 2596/34/12 2602/35/12 2601/36/12
f 2596/34/12 2600/32/12 2603/23/12 2602/35/12
f 2600/32/12 2598/31/12 2604/25/12 2603/23/12
f 2598/31/12 2594/33/12 2601/36/12 2604/25/12
f 2607/32/12 2606/34/12 2605/33/12 2608/31/12
f 2596/34/7 2594/33/7 2605/33/7 2606/34/7
f 2594/33/10 2598/31/10 2608/31/10 2605/33/10
f 2600/32/8 2596/34/8 2606/34/8 2607/32/8
f 2609/19/7 2617/20/7 2618/21/7 2611/22/7
f 2611/22/8 2618/21/8 2619/23/8 2615/24/8
f 2615/24/9 2619/23/9 2620/25/9 2613/26/9
f 2613/26/10 2620/25/10 2617/27/10 2609/28/10
f 2611/29/11 2615/24/11 2613/26/11 2609/30/11
f 2614/31/9 2616/32/9 2623/32/9 2624/31/9
f 2610/33/12 2612/34/12 2618/35/12 2617/36/12
f 2612/34/12 2616/32/12 2619/23/12 2618/35/12
f 2616/32/12 2614/31/12 2620/25/12 2619/23/12
f 2614/31/12 2610/33/12 2617/36/12 2620/25/12
f 2623/32/12 2622/34/12 2621/33/12 2624/31/12
f 2612/34/7 2610/33/7 2621/33/7 2622/34/7
f 2610/33/10 2614/31/10 2624/31/10 2621/33/10
f 2616/32/8 2612/34/8 2622/34/8 2623/32/8
f 2625/19/7 2633/20/7 2634/21/7 2627/22/7
f 2627/22/8 2634/21/8 2635/23/8 2631/24/8
f 2631/24/9 2635/23/9 2636/25/9 2629/26/9
f 2629/26/10 2636/25/10 2633/27/10 2625/28/10
f 2627/29/11 2631/24/11 2629/26/11 2625/30/11
f 2630/31/9 2632/32/9 2639/32/9 2640/31/9
f 2626/33/12 2628/34/12 2634/35/12 2633/36/12
f 2628/34/12 2632/32/12 2635/23/12 2634/35/12
f 2632/32/12 2630/31/12 2636/25/12 2635/23/12
f 2630/31/12 2626/33/12 2633/36/12 2636/25/12
f 2639/32/12 2638/34/12 2637/33/12 2640/31/12
f 2628/34/7 2626/33/7 2637/33/7 2638/34/7
f 2626/33/10 2630/31/10 2640/31/10 2637/33/10
f 2632/32/8 2628/34/8 2638/34/8 2639/32/8
f 2641/19/7 2649/20/7 2650/21/7 2643/22/7
f 2643/22/8 2650/21/8 2651/23/8 2647/24/8
f 2647/24/9 2651/23/9 2652/25/9 2645/26/9
f 2645/26/10 2652/25/10 2649/27/10 2641/28/10
f 2643/29/11 2647/24/11 2645/26/11 2641/30/11
f 2646/31/9 2648/32/9 2655/32/9 2656/31/9
f 2642/33/12 2644/34/12 2650/35/12 2649/36/12
f 2644/34/12 2648/32/12 2651/23/12 2650/35/12
f 2648/32/12 2646/31/12 2652/25/12 2651/23/12
f 2646/31/12 2642/33/12 2649/36/12 2652/25/12
f 2655/32/12 2654/34/12 2653/33/12 2656/31/12
f 2644/34/7 2642/33/7 2653/33/7 2654/34/7
f 2642/33/10 2646/31/10 2656/31/10 2653/33/10
f 2648/32/8 2644/34/8 2654/34/8 2655/32/8
f 2657/19/7 2665/20/7 2666/21/7 2659/22/7
f 2659/22/8 2666/21/8 2667/23/8 2663/24/8
f 2663/24/9 2667/23/9 2668/25/9 2661/26/9
f 2661/26/10 2668/25/10 2665/27/10 2657/28/10
f 2659/29/11 2663/24/11 2661/26/11 2657/30/11
f 2662/31/9 2664/32/9 2671/32/9 2672/31/9
f 2658/33/12 2660/34/12 2666/35/12 2665/36/12
f 2660/34/12 2664/32/12 2667/23/12 2666/35/12
f 2664/32/12 2662/31/12 2668/25/12 2667/23/12
f 2662/31/12 2658/33/12 2665/36/12 2668/25/12
f 2671/32/12 2670/34/12 2669/33/12 2672/31/12
f 2660/34/7 2658/33/7 2669/33/7 2670/34/7
f 2658/33/10 2662/31/10 2672/31/10 2669/33/10
f 2664/32/8 2660/34/8 2670/34/8 2671/32/8
f 2673/19/7 2681/20/7 2682/21/7 2675/22/7
f 2675/22/8 2682/21/8 2683/23/8 2679/24/8
f 2679/24/9 2683/23/9 2684/25/9 2677/26/9
f 2677/26/10 2684/25/10 2681/27/10 2673/28/10
f 2675/29/11 2679/24/11 2677/26/11 2673/30/11
f 2678/31/9 2680/32/9 2687/32/9 2688/31/9
f 2674/33/12 2676/34/12 2682/35/12 2681/36/12
f 2676/34/12 2680/32/12 2683/23/12 2682/35/12
f 2680/32/12 2678/31/12 2684/25/12 2683/23/12
f 2678/31/12 2674/33/12 2681/36/12 2684/25/12
f 2687/32/12 2686/34/12 2685/33/12 2688/31/12
f 2676/34/7 2674/33/7 2685/33/7 2686/34/7
f 2674/33/10 2678/31/10 2688/31/10 2685/33/10
f 2680/32/8 2676/34/8 2686/34/8 2687/32/8
f 2689/19/7 2697/20/7 2698/21/7 2691/22/7
f 2691/22/8 2698/21/8 2699/23/8 2695/24/8
f 2695/24/9 2699/23/9 2700/25/9 2693/26/9
f 2693/26/10 2700/25/10 2697/27/10 2689/28/10
f 2691/29/11 2695/24/11 2693/26/11 2689/30/11
f 2694/31/9 2696/32/9 2703/32/9 2704/31/9
f 2690/33/12 2692/34/12 2698/35/12 2697/36/12
f 2692/34/12 2696/32/12 2699/23/12 2698/35/12
f 2696/32/12 2694/31/12 2700/25/12 2699/23/12
f 2694/31/12 2690/33/12 2697/36/12 2700/25/12
f 2703/32/12 2702/34/12 2701/33/12 2704/31/12
f 2692/34/7 2690/33/7 2701/33/7 2702/34/7
f 2690/33/10 2694/31/10 2704/31/10 2701/33/10
f 2696/32/8 2692/34/8 2702/34/8 2703/32/8
f 2705/19/7 2713/20/7 2714/21/7 2707/22/7
f 2707/22/8 2714/21/8 2715/23/8 2711/24/8
f 2711/24/9 2715/23/9 2716/25/9 2709/26/9
f 2709/26/10 2716/25/10 2713/27/10 2705/28/10
f 2707/29/11 2711/24/11 2709/26/11 2705/30/11
f 2710/31/9 2712/32/9 2719/32/9 2720/31/9
f 2706/33/12 2708/34/12 2714/35/12 2713/36/12
f 2708/34/12 2712/32/12 2715/23/12 2714/35/12
f 2712/32/12 2710/31/12 2716/25/12 2715/23/12
f 2710/31/12 2706/33/12 2713/36/12 2716/25/12
f 2719/32/12 2718/34/12 2717/33/12 2720/31/12
f 2708/34/7 2706/33/7 2717/33/7 2718/34/7
f 2706/33/10 2710/31/10 2720/31/10 2717/33/10
f 2712/32/8 2708/34/8 2718/34/8 2719/32/8
f 2721/19/7 2729/20/7 2730/21/7 2723/22/7
f 2723/22/8 2730/21/8 2731/23/8 2727/24/8
f 2727/24/9 2731/23/9 2732/25/9 2725/26/9
f 2725/26/10 2732/25/10 2729/27/10 2721/28/10
f 2723/29/11 2727/24/11 2725/26/11 2721/30/11
f 2726/31/9 2728/32/9 2735/32/9 2736/31/9
f 2722/33/12 2724/34/12 2730/35/12 2729/36/12
f 2724/34/12 2728/32/12 2731/23/12 2730/35/12
f 2728/32/12 2726/31/12 2732/25/12 2731/23/12
f 2726/31/12 2722/33/12 2729/36/12 2732/25/12
f 2735/32/12 2734/34/12 2733/33/12 2736/31/12
f 2724/34/7 2722/33/7 2733/33/7 2734/34/7
f 2722/33/10 2726/31/10 2736/31/10 2733/33/10
f 2728/32/8 2724/34/8 2734/34/8 2735/32/8
f 2737/19/7 2745/20/7 2746/21/7 2739/22/7
f 2739/22/8 2746/21/8 2747/23/8 2743/24/8
f 2743/24/9 2747/23/9 2748/25/9 2741/26/9
f 2741/26/10 2748/25/10 2745/27/10 2737/28/10
f 2739/29/11 2743/24/11 2741/26/11 2737/30/11
f 2742/31/9 2744/32/9 2751/32/9 2752/31/9
f 2738/33/12 2740/34/12 2746/35/12 2745/36/12
f 2740/34/12 2744/32/12 2747/23/12 2746/35/12
f 2744/32/12 2742/31/12 2748/25/12 2747/23/12
f 2742/31/12 2738/33/12 2745/36/12 2748/25/12
f 2751/32/12 2750/34/12 2749/33/12 2752/31/12
f 2740/34/7 2738/33/7 2749/33/7 2750/34/7
f 2738/33/10 2742/31/10 2752/31/10 2749/33/10
f 2744/32/8 2740/34/8 2750/34/8 2751/32/8
f 2753/19/7 2761/20/7 2762/21/7 2755/22/7
f 2755/22/8 2762/21/8 2763/23/8 2759/24/8
f 2759/24/9 2763/23/9 2764/25/9 2757/26/9
f 2757/26/10 2764/25/10 2761/27/10 2753/28/10
f 2755/29/11 2759/24/11 2757/26/11 2753/30/11
f 2758/31/9 2760/32/9 2767/32/9 2768/31/9
f 2754/33/12 2756/34/12 2762/35/12 2761/36/12
f 2756/34/12 2760/32/12 2763/23/12 2762/35/12
f 2760/32/12 2758/31/12 2764/25/12 2763/23/12
f 2758/31/12 2754/33/12 2761/36/12 2764/25/12
f 2767/32/12 2766/34/12 2765/33/12 2768/31/12
f 2756/34/7 2754/33/7 2765/33/7 2766/34/7
f 2754/33/10 2758/31/10 2768/31/10 2765/33/10
f 2760/32/8 2756/34/8 2766/34/8 2767/32/8
f 2769/19/7 2777/20/7 2778/21/7 2771/22/7
f 2771/22/8 2778/21/8 2779/23/8 2775/24/8
f 2775/24/9 2779/23/9 2780/25/9 2773/26/9
f 2773/26/10 2780/25/10 2777/27/10 2769/28/10
f 2771/29/11 2775/24/11 2773/26/11 2769/30/11
f 2774/31/9 2776/32/9 2783/32/9 2784/31/9
f 2770/33/12 2772/34/12 2778/35/12 2777/36/12
f 2772/34/12 2776/32/12 2779/23/12 2778/35/12
f 2776/32/12 2774/31/12 2780/25/12 2779/23/12
f 2774/31/12 2770/33/12 2777/36/12 2780/25/12
f 2783/32/12 2782/34/12 2781/33/12 2784/31/12
f 2772/34/7 2770/33/7 2781/33/7 2782/34/7
f 2770/33/10 2774/31/10 2784/31/10 2781/33/10
f 2776/32/8 2772/34/8 2782/34/8 2783/32/8
f 2785/19/7 2793/20/7 2794/21/7 2787/22/7
f 2787/22/8 2794/21/8 2795/23/8 2791/24/8
f 2791/24/9 2795/23/9 2796/25/9 2789/26/9
f 2789/26/10 2796/25/10 2793/27/10 2785/28/10
f 2787/29/11 2791/24/11 2789/26/11 2785/30/11
f 2790/31/9 2792/32/9 2799/32/9 2800/31/9
f 2786/33/12 2788/34/12 2794/35/12 2793/36/12
f 2788/34/12 2792/32/12 2795/23/12 2794/35/12
f 2792/32/12 2790/31/12 2796/25/12 2795/23/12
f 2790/31/12 2786/33/12 2793/36/12 2796/25/12
f 2799/32/12 2798/34/12 2797/33/12 2800/31/12
f 2788/34/7 2786/33/7 2797/33/7 2798/34/7
f 2786/33/10 2790/31/10 2800/31/10 2797/33/10
f 2792/32/8 2788/34/8 2798/34/8 2799/32/8
f 2801/19/7 2809/20/7 2810/21/7 2803/22/7
f 2803/22/8 2810/21/8 2811/23/8 2807/24/8
f 2807/24/9 2811/23/9 2812/25/9 2805/26/9
f 2805/26/10 2812/25/10 2809/27/10 2801/28/10
f 2803/29/11 2807/24/11 2805/26/11 2801/30/11
f 2806/31/9 2808/32/9 2815/32/9 2816/31/9
f 2802/33/12 2804/34/12 2810/35/12 2809/36/12
f 2804/34/12 2808/32/12 2811/23/12 2810/35/12
f 2808/32/12 2806/31/12 2812/25/12 2811/23/12
f 2806/31/12 2802/33/12 2809/36/12 2812/25/12
f 2815/32/12 2814/34/12 2813/33/12 2816/31/12
f 2804/34/7 2802/33/7 2813/33/7 2814/34/7
f 2802/33/10 2806/31/10 2816/31/10 2813/33/10
f 2808/32/8 2804/34/8 2814/34/8 2815/32/8
f 2817/19/7 2825/20/7 2826/21/7 2819/22/7
f 2819/22/8 2826/21/8 2827/23/8 2823/24/8
f 2823/24/9 2827/23/9 2828/25/9 2821/26/9
f 2821/26/10 2828/25/10 2825/27/10 2817/28/10
f 2819/29/11 2823/24/11 2821/26/11 2817/30/11
f 2822/31/9 2824/32/9 2831/32/9 2832/31/9
f 2818/33/12 2820/34/12 2826/35/12 2825/36/12
f 2820/34/12 2824/32/12 2827/23/12 2826/35/12
f 2824/32/12 2822/31/12 2828/25/12 2827/23/12
f 2822/31/12 2818/33/12 2825/36/12 2828/25/12
f 2831/32/12 2830/34/12 2829/33/12 2832/31/12
f 2820/34/7 2818/33/7 2829/33/7 2830/34/7
f 2818/33/10 2822/31/10 2832/31/10 2829/33/10
f 2824/32/8 2820/34/8 2830/34/8 2831/32/8
f 2833/19/7 2841/20/7 2842/21/7 2835/22/7
f 2835/22/8 2842/21/8 2843/23/8 2839/24/8
f 2839/24/9 2843/23/9 2844/25/9 2837/26/9
f 2837/26/10 2844/25/10 2841/27/10 2833/28/10
f 2835/29/11 2839/24/11 2837/26/11 2833/30/11
f 2838/31/9 2840/32/9 2847/32/9 2848/31/9
f 2834/33/12 2836/34/12 2842/35/12 2841/36/12
f 2836/34/12 2840/32/12 2843/23/12 2842/35/12
f 2840/32/12 2838/31/12 2844/25/12 2843/23/12
f 2838/31/12 2834/33/12 2841/36/12 2844/25/12
f 2847/32/12 2846/34/12 2845/33/12 2848/31/12
f 2836/34/7 2834/33/7 2845/33/7 2846/34/7
f 2834/33/10 2838/31/10 2848/31/10 2845/33/10
f 2840/32/8 2836/34/8 2846/34/8 2847/32/8
f 2849/19/7 2857/20/7 2858/21/7 2851/22/7
f 2851/22/8 2858/21/8 2859/23/8 2855/24/8
f 2855/24/9 2859/23/9 2860/25/9 2853/26/9
f 2853/26/10 2860/25/10 2857/27/10 2849/28/10
f 2851/29/11 2855/24/11 2853/26/11 2849/30/11
f 2854/31/9 2856/32/9 2863/32/9 2864/31/9
f 2850/33/12 2852/34/12 2858/35/12 2857/36/12
f 2852/34/12 2856/32/12 2859/23/12 2858/35/12
f 2856/32/12 2854/31/12 2860/25/12 2859/23/12
f 2854/31/12 2850/33/12 2857/36/12 2860/25/12
f 2863/32/12 2862/34/12 2861/33/12 2864/31/12
f 2852/34/7 2850/33/7 2861/33/7 2862/34/7
f 2850/33/10 2854/31/10 2864/31/10 2861/33/10
f 2856/32/8 2852/34/8 2862/34/8 2863/32/8
f 2865/19/7 2873/20/7 2874/21/7 2867/22/7
f 2867/22/8 2874/21/8 2875/23/8 2871/24/8
f 2871/24/9 2875/23/9 2876/25/9 2869/26/9
f 2869/26/10 2876/25/10 2873/27/10 2865/28/10
f 2867/29/11 2871/24/11 2869/26/11 2865/30/11
f 2870/31/9 2872/32/9 2879/32/9 2880/31/9
f 2866/33/12 2868/34/12 2874/35/12 2873/36/12
f 2868/34/12 2872/32/12 2875/23/12 2874/35/12
f 2872/32/12 2870/31/12 2876/25/12 2875/23/12
f 2870/31/12 2866/33/12 2873/36/12 2876/25/12
f 2879/32/12 2878/34/12 2877/33/12 2880/31/12
f 2868/34/7 2866/33/7 2877/33/7 2878/34/7
f 2866/33/10 2870/31/10 2880/31/10 2877/33/10
f 2872/32/8 2868/34/8 2878/34/8 2879/32/8
f 2881/19/7 2889/20/7 2890/21/7 2883/22/7
f 2883/22/8 2890/21/8 2891/23/8 2887/24/8
f 2887/24/9 2891/23/9 2892/25/9 2885/26/9
f 2885/26/10 2892/25/10 2889/27/10 2881/28/10
f 2883/29/11 2887/24/11 2885/26/11 2881/30/11
f 2886/31/9 2888/32/9 2895/32/9 2896/31/9
f 2882/33/12 2884/34/12 2890/35/12 2889/36/12
f 2884/34/12 2888/32/12 2891/23/12 2890/35/12
f 2888/32/12 2886/31/12 2892/25/12 2891/23/12
f 2886/31/12 2882/33/12 2889/36/12 2892/25/12
f 2895/32/12 2894/34/12 2893/33/12 2896/31/12
f 2884/34/7 2882/33/7 2893/33/7 2894/34/7
f 2882/33/10 2886/31/10 2896/31/10 2893/33/10
f 2888/32/8 2884/34/8 2894/34/8 2895/32/8
f 2897/19/7 2905/20/7 2906/21/7 2899/22/7
f 2899/22/8 2906/21/8 2907/23/8 2903/24/8
f 2903/24/9 2907/23/9 2908/25/9 2901/26/9
f 2901/26/10 2908/25/10 2905/27/10 2897/28/10
f 2899/29/11 2903/24/11 2901/26/11 2897/30/11
f 2902/31/9 2904/32/9 2911/32/9 2912/31/9
f 2898/33/12 2900/34/12 2906/35/12 2905/36/12
f 2900/34/12 2904/32/12 2907/23/12 2906/35/12
f 2904/32/12 2902/31/12 2908/25/12 2907/23/12
f 2902/31/12 2898/33/12 2905/36/12 2908/25/12
f 2911/32/12 2910/34/12 2909/33/12 2912/31/12
f 2900/34/7 2898/33/7 2909/33/7 2910/34/7
f 2898/33/10 2902/31/10 2912/31/10 2909/33/10
f 2904/32/8 2900/34/8 2910/34/8 2911/32/8
f 2913/19/7 2921/20/7 2922/21/7 2915/22/7
f 2915/22/8 2922/21/8 2923/23/8 2919/24/8
f 2919/24/9 2923/23/9 2924/25/9 2917/26/9
f 2917/26/10 2924/25/10 2921/27/10 2913/28/10
f 2915/29/11 2919/24/11 2917/26/11 2913/30/11
f 2918/31/9 2920/32/9 2927/32/9 2928/31/9
f 2914/33/12 2916/34/12 2922/35/12 2921/36/12
f 2916/34/12 2920/32/12 2923/23/12 2922/35/12
f 2920/32/12 2918/31/12 2924/25/12 2923/23/12
f 2918/31/12 2914/33/12 2921/36/12 2924/25/12
f 2927/32/12 2926/34/12 2925/33/12 2928/31/12
f 2916/34/7 2914/33/7 2925/33/7 2926/34/7
f 2914/33/10 2918/31/10 2928/31/10 2925/33/10
f 2920/32/8 2916/34/8 2926/34/8 2927/32/8
f 2929/19/7 2937/20/7 2938/21/7 2931/22/7
f 2931/22/8 2938/21/8 2939/23/8 2935/24/8
f 2935/24/9 2939/23/9 2940/25/9 2933/26/9
f 2933/26/10 2940/25/10 2937/27/10 2929/28/10
f 2931/29/11 2935/24/11 2933/26/11 2929/30/11
f 2934/31/9 2936/32/9 2943/32/9 2944/31/9
f 2930/33/12 2932/34/12 2938/35/12 2937/36/12
f 2932/34/12 2936/32/12 2939/23/12 2938/35/12
f 2936/32/12 2934/31/12 2940/25/12 2939/23/12
f 2934/31/12 2930/33/12 2937/36/12 2940/25/12
f 2943/32/12 2942/34/12 2941/33/12 2944/31/12
f 2932/34/7 2930/33/7 2941/33/7 2942/34/7
f 2930/33/10 2934/31/10 2944/31/10 2941/33/10
f 2936/32/8 2932/34/8 2942/34/8 2943/32/8
f 2945/19/7 2953/20/7 2954/21/7 2947/22/7
f 2947/22/8 2954/21/8 2955/23/8 2951/24/8
f 2951/24/9 2955/23/9 2956/25/9 2949/26/9
f 2949/26/10 2956/25/10 2953/27/10 2945/28/10
f 2947/29/11 2951/24/11 2949/26/11 2945/30/11
f 2950/31/9 2952/32/9 2959/32/9 2960/31/9
f 2946/33/12 2948/34/12 2954/35/12 2953/36/12
f 2948/34/12 2952/32/12 2955/23/12 2954/35/12
f 2952/32/12 2950/31/12 2956/25/12 2955/23/12
f 2950/31/12 2946/33/12 2953/36/12 2956/25/12
f 2959/32/12 2958/34/12 2957/33/12 2960/31/12
f 2948/34/7 2946/33/7 2957/33/7 2958/34/7
f 2946/33/10 2950/31/10 2960/31/10 2957/33/10
f 2952/32/8 2948/34/8 2958/34/8 2959/32/8
f 2961/19/7 2969/20/7 2970/21/7 2963/22/7
f 2963/22/8 2970/21/8 2971/23/8 2967/24/8
f 2967/24/9 2971/23/9 2972/25/9 2965/26/9
f 2965/26/10 2972/25/10 2969/27/10 2961/28/10
f 2963/29/11 2967/24/11 2965/26/11 2961/30/11
f 2966/31/9 2968/32/9 2975/32/9 2976/31/9
f 2962/33/12 2964/34/12 2970/35/12 2969/36/12
f 2964/34/12 2968/32/12 2971/23/12 2970/35/12
f 2968/32/12 2966/31/12 2972/25/12 2971/23/12
f 2966/31/12 2962/33/12 2969/36/12 2972/25/12
f 2975/32/12 2974/34/12 2973/33/12 2976/31/12
f 2964/34/7 2962/33/7 2973/33/7 2974/34/7
f 2962/33/10 2966/31/10 2976/31/10 2973/33/10
f 2968/32/8 2964/34/8 2974/34/8 2975/32/8
f 2977/19/7 2985/20/7 2986/21/7 2979/22/7
f 2979/22/8 2986/21/8 2987/23/8 2983/24/8
f 2983/24/9 2987/23/9 2988/25/9 2981/26/9
f 2981/26/10 2988/25/10 2985/27/10 2977/28/10
f 2979/29/11 2983/24/11 2981/26/11 2977/30/11
f 2982/31/9 2984/32/9 2991/32/9 2992/31/9
f 2978/33/12 2980/34/12 2986/35/12 2985/36/12
f 2980/34/12 2984/32/12 2987/23/12 2986/35/12
f 2984/32/12 2982/31/12 2988/25/12 2987/23/12
f 2982/31/12 2978/33/12 2985/36/12 2988/25/12
f 2991/32/12 2990/34/12 2989/33/12 2992/31/12
f 2980/34/7 2978/33/7 2989/33/7 2990/34/7
f 2978/33/10 2982/31/10 2992/31/10 2989/33/10
f 2984/32/8 2980/34/8 2990/34/8 2991/32/8
f 2993/19/7 3001/20/7 3002/21/7 2995/22/7
f 2995/22/8 3002/21/8 3003/23/8 2999/24/8
f 2999/24/9 3003/23/9 3004/25/9 2997/26/9
f 2997/26/10 3004/25/10 3001/27/10 2993/28/10
f 2995/29/11 2999/24/11 2997/26/11 2993/30/11
f 2998/31/9 3000/32/9 3007/32/9 3008/31/9
f 2994/33/12 2996/34/12 3002/35/12 3001/36/12
f 2996/34/12 3000/32/12 3003/23/12 3002/35/12
f 3000/32/12 2998/31/12 3004/25/12 3003/23/12
f 2998/31/12 2994/33/12 3001/36/12 3004/25/12
f 3007/32/12 3006/34/12 3005/33/12 3008/31/12
f 2996/34/7 2994/33/7 3005/33/7 3006/34/7
f 2994/33/10 2998/31/10 3008/31/10 3005/33/10
f 3000/32/8 2996/34/8 3006/34/8 3007/32/8
f 3009/19/7 3017/20/7 3018/21/7 3011/22/7
f 3011/22/8 3018/21/8 3019/23/8 3015/24/8
f 3015/24/9 3019/23/9 3020/25/9 3013/26/9
f 3013/26/10 3020/25/10 3017/27/10 3009/28/10
f 3011/29/11 3015/24/11 3013/26/11 3009/30/11
f 3014/31/9 3016/32/9 3023/32/9 3024/31/9
f 3010/33/12 3012/34/12 3018/35/12 3017/36/12
f 3012/34/12 3016/32/12 3019/23/12 3018/35/12
f 3016/32/12 3014/31/12 3020/25/12 3019/23/12
f 3014/31/12 3010/33/12 3017/36/12 3020/25/12
f 3023/32/12 3022/34/12 3021/33/12 3024/31/12
f 3012/34/7 3010/33/7 3021/33/7 3022/34/7
f 3010/33/10 3014/31/10 3024/31/10 3021/33/10
f 3016/32/8 3012/34/8 3022/34/8 3023/32/8
f 3025/19/7 3033/20/7 3034/21/7 3027/22/7
f 3027/22/8 3034/21/8 3035/23/8 3031/24/8
f 3031/24/9 3035/23/9 3036/25/9 3029/26/9
f 3029/26/10 3036/25/10 3033/27/10 3025/28/10
f 3027/29/11 3031/24/11 3029/26/11 3025/30/11
f 3030/31/9 3032/32/9 3039/32/9 3040/31/9
f 3026/33/12 3028/34/12 3034/35/12 3033/36/12
f 3028/34/12 3032/32/12 3035/23/12 3034/35/12
f 3032/32/12 3030/31/12 3036/25/12 3035/23/12
f 3030/31/12 3026/33/12 3033/36/12 3036/25/12
f 3039/32/12 3038/34/12 3037/33/12 3040/31/12
f 3028/34/7 3026/33/7 3037/33/7 3038/34/7
f 3026/33/10 3030/31/10 3040/31/10 3037/33/10
f 3032/32/8 3028/34/8 3038/34/8 3039/32/8
f 3041/19/7 3049/20/7 3050/21/7 3043/22/7
f 3043/22/8 3050/21/8 3051/23/8 3047/24/8
f 3047/24/9 3051/23/9 3052/25/9 3045/26/9
f 3045/26/10 3052/25/10 3049/27/10 3041/28/10
f 3043/29/11 3047/24/11 3045/26/11 3041/30/11
f 3046/31/9 3048/32/9 3055/32/9 3056/31/9
f 3042/33/12 3044/34/12 3050/35/12 3049/36/12
f 3044/34/12 3048/32/12 3051/23/12 3050/35/12
f 3048/32/12 3046/31/12 3052/25/12 3051/23/12
f 3046/31/12 3042/33/12 3049/36/12 3052/25/12
f 3055/32/12 3054/34/12 3053/33/12 3056/31/12
f 3044/34/7 3042/33/7 3053/33/7 3054/34/7
f 3042/33/10 3046/31/10 3056/31/10 3053/33/10
f 3048/32/8 3044/34/8 3054/34/8 3055/32/8
f 3057/19/7 3065/20/7 3066/21/7 3059/22/7
f 3059/22/8 3066/21/8 3067/23/8 3063/24/8
f 3063/24/9 3067/23/9 3068/25/9 3061/26/9
f 3061/26/10 3068/25/10 3065/27/10 3057/28/10
f 3059/29/11 3063/24/11 3061/26/11 3057/30/11
f 3062/31/9 3064/32/9 3071/32/9 3072/31/9
f 3058/33/12 3060/34/12 3066/35/12 3065/36/12
f 3060/34/12 3064/32/12 3067/23/12 3066/35/12
f 3064/32/12 3062/31/12 3068/25/12 3067/23/12
f 3062/31/12 3058/33/12 3065/36/12 3068/25/12
f 3071/32/12 3070/34/12 3069/33/12 3072/31/12
f 3060/34/7 3058/33/7 3069/33/7 3070/34/7
f 3058/33/10 3062/31/10 3072/31/10 3069/33/10
f 3064/32/8 3060/34/8 3070/34/8 3071/32/8
f 3073/19/7 3081/20/7 3082/21/7 3075/22/7
f 3075/22/8 3082/21/8 3083/23/8 3079/24/8
f 3079/24/9 3083/23/9 3084/25/9 3077/26/9
f 3077/26/10 3084/25/10 3081/27/10 3073/28/10
f 3075/29/11 3079/24/11 3077/26/11 3073/30/11
f 3078/31/9 3080/32/9 3087/32/9 3088/31/9
f 3074/33/12 3076/34/12 3082/35/12 3081/36/12
f 3076/34/12 3080/32/12 3083/23/12 3082/35/12
f 3080/32/12 3078/31/12 3084/25/12 3083/23/12
f 3078/31/12 3074/33/12 3081/36/12 3084/25/12
f 3087/32/12 3086/34/12 3085/33/12 3088/31/12
f 3076/34/7 3074/33/7 3085/33/7 3086/34/7
f 3074/33/10 3078/31/10 3088/31/10 3085/33/10
f 3080/32/8 3076/34/8 3086/34/8 3087/32/8
f 3089/19/7 3097/20/7 3098/21/7 3091/22/7
f 3091/22/8 3098/21/8 3099/23/8 3095/24/8
f 3095/24/9 3099/23/9 3100/25/9 3093/26/9
f 3093/26/10 3100/25/10 3097/27/10 3089/28/10
f 3091/29/11 3095/24/11 3093/26/11 3089/30/11
f 3094/31/9 3096/32/9 3103/32/9 3104/31/9
f 3090/33/12 3092/34/12 3098/35/12 3097/36/12
f 3092/34/12 3096/32/12 3099/23/12 3098/35/12
f 3096/32/12 3094/31/12 3100/25/12 3099/23/12
f 3094/31/12 3090/33/12 3097/36/12 3100/25/12
f 3103/32/12 3102/34/12 3101/33/12 3104/31/12
f 3092/34/7 3090/33/7 3101/33/7 3102/34/7
f 3090/33/10 3094/31/10 3104/31/10 3101/33/10
f 3096/32/8 3092/34/8 3102/34/8 3103/32/8
f 3105/19/7 3113/20/7 3114/21/7 3107/22/7
f 3107/22/8 3114/21/8 3115/23/8 3111/24/8
f 3111/24/9 3115/23/9 3116/25/9 3109/26/9
f 3109/26/10 3116/25/10 3113/27/10 3105/28/10
f 3107/29/11 3111/24/11 3109/26/11 3105/30/11
f 3110/31/9 3112/32/9 3119/32/9 3120/31/9
f 3106/33/12 3108/34/12 3114/35/12 3113/36/12
f 3108/34/12 3112/32/12 3115/23/12 3114/35/12
f 3112/32/12 3110/31/12 3116/25/12 3115/23/12
f 3110/31/12 3106/33/12 3113/36/12 3116/25/12
f 3119/32/12 3118/34/12 3117/33/12 3120/31/12
f 3108/34/7 3106/33/7 3117/33/7 3118/34/7
f 3106/33/10 3110/31/10 3120/31/10 3117/33/10
f 3112/32/8 3108/34/8 3118/34/8 3119/32/8
f 3121/19/7 3129/20/7 3130/21/7 3123/22/7
f 3123/22/8 3130/21/8 3131/23/8 3127/24/8
f 3127/24/9 3131/23/9 3132/25/9 3125/26/9
f 3125/26/10 3132/25/10 3129/27/10 3121/28/10
f 3123/29/11 3127/24/11 3125/26/11 3121/30/11
f 3126/31/9 3128/32/9 3135/32/9 3136/31/9
f 3122/33/12 3124/34/12 3130/35/12 3129/36/12
f 3124/34/12 3128/32/12 3131/23/12 3130/35/12
f 3128/32/12 3126/31/12 3132/25/12 3131/23/12
f 3126/31/12 3122/33/12 3129/36/12 3132/25/12
f 3135/32/12 3134/34/12 3133/33/12 3136/31/12
f 3124/34/7 3122/33/7 3133/33/7 3134/34/7
f 3122/33/10 3126/31/10 3136/31/10 3133/33/10
f 3128/32/8 3124/34/8 3134/34/8 3135/32/8
f 3137/19/7 3145/20/7 3146/21/7 3139/22/7
f 3139/22/8 3146/21/8 3147/23/8 3143/24/8
f 3143/24/9 3147/23/9 3148/25/9 3141/26/9
f 3141/26/10 3148/25/10 3145/27/10 3137/28/10
f 3139/29/11 3143/24/11 3141/26/11 3137/30/11
f 3142/31/9 3144/32/9 3151/32/9 3152/31/9
f 3138/33/12 3140/34/12 3146/35/12 3145/36/12
f 3140/34/12 3144/32/12 3147/23/12 3146/35/12
f 3144/32/12 3142/31/12 3148/25/12 3147/23/12
f 3142/31/12 3138/33/12 3145/36/12 3148/25/12
f 3151/32/12 3150/34/12 3149/33/12 3152/31/12
f 3140/34/7 3138/33/7 3149/33/7 3150/34/7
f 3138/33/10 3142/31/10 3152/31/10 3149/33/10
f 3144/32/8 3140/34/8 3150/34/8 3151/32/8
f 3153/19/7 3161/20/7 3162/21/7 3155/22/7
f 3155/22/8 3162/21/8 3163/23/8 3159/24/8
f 3159/24/9 3163/23/9 3164/25/9 3157/26/9
f 3157/26/10 3164/25/10 3161/27/10 3153/28/10
f 3155/29/11 3159/24/11 3157/26/11 3153/30/11
f 3158/31/9 3160/32/9 3167/32/9 3168/31/9
f 3154/33/12 3156/34/12 3162/35/12 3161/36/12
f 3156/34/12 3160/32/12 3163/23/12 3162/35/12
f 3160/32/12 3158/31/12 3164/25/12 3163/23/12
f 3158/31/12 3154/33/12 3161/36/12 3164/25/12
f 3167/32/12 3166/34/12 3165/33/12 3168/31/12
f 3156/34/7 3154/33/7 3165/33/7 3166/34/7
f 3154/33/10 3158/31/10 3168/31/10 3165/33/10
f 3160/32/8 3156/34/8 3166/34/8 3167/32/8
f 3169/19/7 3177/20/7 3178/21/7 3171/22/7
f 3171/22/8 3178/21/8 3179/23/8 3175/24/8
f 3175/24/9 3179/23/9 3180/25/9 3173/26/9
f 3173/26/10 3180/25/10 3177/27/10 3169/28/10
f 3171/29/11 3175/24/11 3173/26/11 3169/30/11
f 3174/31/9 3176/32/9 3183/32/9 3184/31/9
f 3170/33/12 3172/34/12 3178/35/12 3177/36/12
f 3172/34/12 3176/32/12 3179/23/12 3178/35/12
f 3176/32/12 3174/31/12 3180/25/12 3179/23/12
f 3174/31/12 3170/33/12 3177/36/12 3180/25/12
f 3183/32/12 3182/34/12 3181/33/12 3184/31/12
f 3172/34/7 3170/33/7 3181/33/7 3182/34/7
f 3170/33/10 3174/31/10 3184/31/10 3181/33/10
f 3176/32/8 3172/34/8 3182/34/8 3183/32/8
f 3185/19/7 3193/20/7 3194/21/7 3187/22/7
f 3187/22/8 3194/21/8 3195/23/8 3191/24/8
f 3191/24/9 3195/23/9 3196/25/9 3189/26/9
f 3189/26/10 3196/25/10 3193/27/10 3185/28/10
f 3187/29/11 3191/24/11 3189/26/11 3185/30/11
f 3190/31/9 3192/32/9 3199/32/9 3200/31/9
f 3186/33/12 3188/34/12 3194/35/12 3193/36/12
f 3188/34/12 3192/32/12 3195/23/12 3194/35/12
f 3192/32/12 3190/31/12 3196/25/12 3195/23/12
f 3190/31/12 3186/33/12 3193/36/12 3196/25/12
f 3199/32/12 3198/34/12 3197/33/12 3200/31/12
f 3188/34/7 3186/33/7 3197/33/7 3198/34/7
f 3186/33/10 3190/31/10 3200/31/10 3197/33/10
f 3192/32/8 3188/34/8 3198/34/8 3199/32/8
o Cube.003
v 11.910239 2.848606 1.007549
v 11.864726 2.834617 0.961310
v 11.910239 2.848606 -0.992451
v 11.864726 2.834617 -0.946212
v 11.910239 2.243515 1.007549
v 11.864726 2.257505 0.961310
v 11.910239 2.243515 -0.992451
v 11.864726 2.257505 -0.946212
v 11.864726 2.848606 1.007549
v 11.864726 2.848606 -0.992451
v 11.864726 2.243515 -0.992451
v 11.864726 2.243515 1.007549
v 11.482215 2.834617 0.961310
v 11.482215 2.834617 -0.946212
v 11.482215 2.257505 -0.946212
v 11.482215 2.257505 0.961310
v 11.924539 1.054651 1.000001
v 11.879025 1.040662 0.953761
v 11.924539 1.054651 -1.000000
v 11.879025 1.040662 -0.953760
v 11.924539 0.449561 1.000001
v 11.879025 0.463550 0.953761
v 11.924539 0.449561 -1.000000
v 11.879025 0.463550 -0.953760
v 11.879025 1.054651 1.000001
v 11.879025 1.054651 -1.000000
v 11.879025 0.449561 -1.000000
v 11.879025 0.449561 1.000001
v 11.496514 1.040662 0.953761
v 11.496514 1.040662 -0.953760
v 11.496514 0.463550 -0.953760
v 11.496514 0.463550 0.953761
v 11.924539 1.054651 -0.999696
v 11.879025 1.040662 -1.045935
v 11.924539 1.054651 -2.999696
v 11.879025 1.040662 -2.953456
v 11.924539 0.449561 -0.999696
v 11.879025 0.463550 -1.045935
v 11.924539 0.449561 -2.999696
v 11.879025 0.463550 -2.953456
v 11.879025 1.054651 -0.999696
v 11.879025 1.054651 -2.999696
v 11.879025 0.449561 -2.999696
v 11.879025 0.449561 -0.999696
v 11.496514 1.040662 -1.045935
v 11.496514 1.040662 -2.953456
v 11.496514 0.463550 -2.953456
v 11.496514 0.463550 -1.045935
v 11.910239 1.652428 1.007549
v 11.864726 1.638439 0.961310
v 11.910239 1.652428 -0.992451
v 11.864726 1.638439 -0.946212
v 11.910239 1.047338 1.007549
v 11.864726 1.061327 0.961310
v 11.910239 1.047338 -0.992451
v 11.864726 1.061327 -0.946212
v 11.864726 1.652428 1.007549
v 11.864726 1.652428 -0.992451
v 11.864726 1.047338 -0.992451
v 11.864726 1.047338 1.007549
v 11.482214 1.638439 0.961310
v 11.482214 1.638439 -0.946212
v 11.482214 1.061327 -0.946212
v 11.482214 1.061327 0.961310
v 11.910239 1.652428 -0.992146
v 11.864726 1.638439 -1.038386
v 11.910239 1.652428 -2.992146
v 11.864726 1.638439 -2.945908
v 11.910239 1.047338 -0.992146
v 11.864726 1.061327 -1.038386
v 11.910239 1.047338 -2.992146
v 11.864726 1.061327 -2.945908
v 11.864726 1.652428 -0.992146
v 11.864726 1.652428 -2.992146
v 11.864726 1.047338 -2.992146
v 11.864726 1.047338 -0.992146
v 11.482214 1.638439 -1.038386
v 11.482214 1.638439 -2.945908
v 11.482214 1.061327 -2.945908
v 11.482214 1.061327 -1.038386
v 11.924539 1.054651 -2.992617
v 11.879025 1.040662 -3.038856
v 11.924539 1.054651 -4.992617
v 11.879025 1.040662 -4.946378
v 11.924539 0.449561 -2.992617
v 11.879025 0.463550 -3.038856
v 11.924539 0.449561 -4.992617
v 11.879025 0.463550 -4.946378
v 11.879025 1.054651 -2.992617
v 11.879025 1.054651 -4.992617
v 11.879025 0.449561 -4.992617
v 11.879025 0.449561 -2.992617
v 11.496514 1.040662 -3.038856
v 11.496514 1.040662 -4.946378
v 11.496514 0.463550 -4.946378
v 11.496514 0.463550 -3.038856
v 11.924539 1.054651 -4.992312
v 11.879025 1.040662 -5.038551
v 11.924539 1.054651 -6.992312
v 11.879025 1.040662 -6.946074
v 11.924539 0.449561 -4.992312
v 11.879025 0.463550 -5.038551
v 11.924539 0.449561 -6.992312
v 11.879025 0.463550 -6.946074
v 11.879025 1.054651 -4.992312
v 11.879025 1.054651 -6.992312
v 11.879025 0.449561 -6.992312
v 11.879025 0.449561 -4.992312
v 11.496514 1.040662 -5.038551
v 11.496514 1.040662 -6.946074
v 11.496514 0.463550 -6.946074
v 11.496514 0.463550 -5.038551
v 11.910239 1.652428 -2.985067
v 11.864726 1.638439 -3.031307
v 11.910239 1.652428 -4.985067
v 11.864726 1.638439 -4.938828
v 11.910239 1.047338 -2.985067
v 11.864726 1.061327 -3.031307
v 11.910239 1.047338 -4.985067
v 11.864726 1.061327 -4.938828
v 11.864726 1.652428 -2.985067
v 11.864726 1.652428 -4.985067
v 11.864726 1.047338 -4.985067
v 11.864726 1.047338 -2.985067
v 11.482214 1.638439 -3.031307
v 11.482214 1.638439 -4.938828
v 11.482214 1.061327 -4.938828
v 11.482214 1.061327 -3.031307
v 11.910239 1.652428 -4.984764
v 11.864726 1.638439 -5.031003
v 11.910239 1.652428 -6.984764
v 11.864726 1.638439 -6.938525
v 11.910239 1.047338 -4.984764
v 11.864726 1.061327 -5.031003
v 11.910239 1.047338 -6.984764
v 11.864726 1.061327 -6.938525
v 11.864726 1.652428 -4.984764
v 11.864726 1.652428 -6.984764
v 11.864726 1.047338 -6.984764
v 11.864726 1.047338 -4.984764
v 11.482214 1.638439 -5.031003
v 11.482214 1.638439 -6.938525
v 11.482214 1.061327 -6.938525
v 11.482214 1.061327 -5.031003
v 11.924539 2.250829 1.000001
v 11.879025 2.236840 0.953761
v 11.924539 2.250829 -1.000000
v 11.879025 2.236840 -0.953760
v 11.924539 1.645739 1.000001
v 11.879025 1.659728 0.953761
v 11.924539 1.645739 -1.000000
v 11.879025 1.659728 -0.953760
v 11.879025 2.250829 1.000001
v 11.879025 2.250829 -1.000000
v 11.879025 1.645739 -1.000000
v 11.879025 1.645739 1.000001
v 11.496514 2.236840 0.953761
v 11.496514 2.236840 -0.953760
v 11.496514 1.659728 -0.953760
v 11.496514 1.659728 0.953761
v 11.924539 2.250829 -0.999696
v 11.879025 2.236840 -1.045935
v 11.924539 2.250829 -2.999696
v 11.879025 2.236840 -2.953456
v 11.924539 1.645739 -0.999696
v 11.879025 1.659728 -1.045935
v 11.924539 1.645739 -2.999696
v 11.879025 1.659728 -2.953456
v 11.879025 2.250829 -0.999696
v 11.879025 2.250829 -2.999696
v 11.879025 1.645739 -2.999696
v 11.879025 1.645739 -0.999696
v 11.496514 2.236840 -1.045935
v 11.496514 2.236840 -2.953456
v 11.496514 1.659728 -2.953456
v 11.496514 1.659728 -1.045935
v 11.910239 2.848606 -0.992146
v 11.864726 2.834617 -1.038386
v 11.910239 2.848606 -2.992146
v 11.864726 2.834617 -2.945908
v 11.910239 2.243515 -0.992146
v 11.864726 2.257505 -1.038386
v 11.910239 2.243515 -2.992146
v 11.864726 2.257505 -2.945908
v 11.864726 2.848606 -0.992146
v 11.864726 2.848606 -2.992146
v 11.864726 2.243515 -2.992146
v 11.864726 2.243515 -0.992146
v 11.482215 2.834617 -1.038386
v 11.482215 2.834617 -2.945908
v 11.482215 2.257505 -2.945908
v 11.482215 2.257505 -1.038386
v 11.924539 2.250829 -2.992617
v 11.879025 2.236840 -3.038856
v 11.924539 2.250829 -4.992617
v 11.879025 2.236840 -4.946378
v 11.924539 1.645739 -2.992617
v 11.879025 1.659728 -3.038856
v 11.924539 1.645739 -4.992617
v 11.879025 1.659728 -4.946378
v 11.879025 2.250829 -2.992617
v 11.879025 2.250829 -4.992617
v 11.879025 1.645739 -4.992617
v 11.879025 1.645739 -2.992617
v 11.496514 2.236840 -3.038856
v 11.496514 2.236840 -4.946378
v 11.496514 1.659728 -4.946378
v 11.496514 1.659728 -3.038856
v 11.924539 2.250829 -4.992312
v 11.879025 2.236840 -5.038551
v 11.924539 2.250829 -6.992312
v 11.879025 2.236840 -6.946074
v 11.924539 1.645739 -4.992312
v 11.879025 1.659728 -5.038551
v 11.924539 1.645739 -6.992312
v 11.879025 1.659728 -6.946074
v 11.879025 2.250829 -4.992312
v 11.879025 2.250829 -6.992312
v 11.879025 1.645739 -6.992312
v 11.879025 1.645739 -4.992312
v 11.496514 2.236840 -5.038551
v 11.496514 2.236840 -6.946074
v 11.496514 1.659728 -6.946074
v 11.496514 1.659728 -5.038551
v 11.910239 2.848606 -2.985067
v 11.864726 2.834617 -3.031307
v 11.910239 2.848606 -4.985067
v 11.864726 2.834617 -4.938828
v 11.910239 2.243515 -2.985067
v 11.864726 2.257505 -3.031307
v 11.910239 2.243515 -4.985067
v 11.864726 2.257505 -4.938828
v 11.864726 2.848606 -2.985067
v 11.864726 2.848606 -4.985067
v 11.864726 2.243515 -4.985067
v 11.864726 2.243515 -2.985067
v 11.482215 2.834617 -3.031307
v 11.482215 2.834617 -4.938828
v 11.482215 2.257505 -4.938828
v 11.482215 2.257505 -3.031307
v 11.910239 2.848606 -4.984764
v 11.864726 2.834617 -5.031003
v 11.910239 2.848606 -6.984764
v 11.864726 2.834617 -6.938525
v 11.910239 2.243515 -4.984764
v 11.864726 2.257505 -5.031003
v 11.910239 2.243515 -6.984764
v 11.864726 2.257505 -6.938525
v 11.864726 2.848606 -4.984764
v 11.864726 2.848606 -6.984764
v 11.864726 2.243515 -6.984764
v 11.864726 2.243515 -4.984764
v 11.482215 2.834617 -5.031003
v 11.482215 2.834617 -6.938525
v 11.482215 2.257505 -6.938525
v 11.482215 2.257505 -5.031003
v 11.910239 3.453708 1.007549
v 11.864726 3.439719 0.961310
v 11.910239 3.453708 -0.992451
v 11.864726 3.439719 -0.946212
v 11.910239 2.848618 1.007549
v 11.864726 2.862607 0.961310
v 11.910239 2.848618 -0.992451
v 11.864726 2.862607 -0.946212
v 11.864726 3.453708 1.007549
v 11.864726 3.453708 -0.992451
v 11.864726 2.848618 -0.992451
v 11.864726 2.848618 1.007549
v 11.482215 3.439719 0.961310
v 11.482215 3.439719 -0.946212
v 11.482215 2.862607 -0.946212
v 11.482215 2.862607 0.961310
v 11.910239 3.453708 -0.992146
v 11.864726 3.439719 -1.038386
v 11.910239 3.453708 -2.992146
v 11.864726 3.439719 -2.945908
v 11.910239 2.848618 -0.992146
v 11.864726 2.862607 -1.038386
v 11.910239 2.848618 -2.992146
v 11.864726 2.862607 -2.945908
v 11.864726 3.453708 -0.992146
v 11.864726 3.453708 -2.992146
v 11.864726 2.848618 -2.992146
v 11.864726 2.848618 -0.992146
v 11.482215 3.439719 -1.038386
v 11.482215 3.439719 -2.945908
v 11.482215 2.862607 -2.945908
v 11.482215 2.862607 -1.038386
v 11.910239 3.453708 -2.985067
v 11.864726 3.439719 -3.031307
v 11.910239 3.453708 -4.985067
v 11.864726 3.439719 -4.938828
v 11.910239 2.848618 -2.985067
v 11.864726 2.862607 -3.031307
v 11.910239 2.848618 -4.985067
v 11.864726 2.862607 -4.938828
v 11.864726 3.453708 -2.985067
v 11.864726 3.453708 -4.985067
v 11.864726 2.848618 -4.985067
v 11.864726 2.848618 -2.985067
v 11.482215 3.439719 -3.031307
v 11.482215 3.439719 -4.938828
v 11.482215 2.862607 -4.938828
v 11.482215 2.862607 -3.031307
v 11.910239 3.453708 -4.984764
v 11.864726 3.439719 -5.031003
v 11.910239 3.453708 -6.984764
v 11.864726 3.439719 -6.938525
v 11.910239 2.848618 -4.984764
v 11.864726 2.862607 -5.031003
v 11.910239 2.848618 -6.984764
v 11.864726 2.862607 -6.938525
v 11.864726 3.453708 -4.984764
v 11.864726 3.453708 -6.984764
v 11.864726 2.848618 -6.984764
v 11.864726 2.848618 -4.984764
v 11.482215 3.439719 -5.031003
v 11.482215 3.439719 -6.938525
v 11.482215 2.862607 -6.938525
v 11.482215 2.862607 -5.031003
v 11.924539 1.054651 -6.987965
v 11.879025 1.040662 -7.034204
v 11.924539 1.054651 -8.987965
v 11.879025 1.040662 -8.941726
v 11.924539 0.449561 -6.987965
v 11.879025 0.463550 -7.034204
v 11.924539 0.449561 -8.987965
v 11.879025 0.463550 -8.941726
v 11.879025 1.054651 -6.987965
v 11.879025 1.054651 -8.987965
v 11.879025 0.449561 -8.987965
v 11.879025 0.449561 -6.987965
v 11.496514 1.040662 -7.034204
v 11.496514 1.040662 -8.941726
v 11.496514 0.463550 -8.941726
v 11.496514 0.463550 -7.034204
v 11.910239 1.652428 -6.980416
v 11.864726 1.638439 -7.026655
v 11.910239 1.652428 -8.980416
v 11.864726 1.638439 -8.934177
v 11.910239 1.047338 -6.980416
v 11.864726 1.061327 -7.026655
v 11.910239 1.047338 -8.980416
v 11.864726 1.061327 -8.934177
v 11.864726 1.652428 -6.980416
v 11.864726 1.652428 -8.980416
v 11.864726 1.047338 -8.980416
v 11.864726 1.047338 -6.980416
v 11.482214 1.638439 -7.026655
v 11.482214 1.638439 -8.934177
v 11.482214 1.061327 -8.934177
v 11.482214 1.061327 -7.026655
v 11.924539 2.250829 -6.987965
v 11.879025 2.236840 -7.034204
v 11.924539 2.250829 -8.987965
v 11.879025 2.236840 -8.941726
v 11.924539 1.645739 -6.987965
v 11.879025 1.659728 -7.034204
v 11.924539 1.645739 -8.987965
v 11.879025 1.659728 -8.941726
v 11.879025 2.250829 -6.987965
v 11.879025 2.250829 -8.987965
v 11.879025 1.645739 -8.987965
v 11.879025 1.645739 -6.987965
v 11.496514 2.236840 -7.034204
v 11.496514 2.236840 -8.941726
v 11.496514 1.659728 -8.941726
v 11.496514 1.659728 -7.034204
v 11.910239 2.848606 -6.980416
v 11.864726 2.834617 -7.026655
v 11.910239 2.848606 -8.980416
v 11.864726 2.834617 -8.934177
v 11.910239 2.243515 -6.980416
v 11.864726 2.257505 -7.026655
v 11.910239 2.243515 -8.980416
v 11.864726 2.257505 -8.934177
v 11.864726 2.848606 -6.980416
v 11.864726 2.848606 -8.980416
v 11.864726 2.243515 -8.980416
v 11.864726 2.243515 -6.980416
v 11.482215 2.834617 -7.026655
v 11.482215 2.834617 -8.934177
v 11.482215 2.257505 -8.934177
v 11.482215 2.257505 -7.026655
v 11.910239 3.453708 -6.980416
v 11.864726 3.439719 -7.026655
v 11.910239 3.453708 -8.980416
v 11.864726 3.439719 -8.934177
v 11.910239 2.848618 -6.980416
v 11.864726 2.862607 -7.026655
v 11.910239 2.848618 -8.980416
v 11.864726 2.862607 -8.934177
v 11.864726 3.453708 -6.980416
v 11.864726 3.453708 -8.980416
v 11.864726 2.848618 -8.980416
v 11.864726 2.848618 -6.980416
v 11.482215 3.439719 -7.026655
v 11.482215 3.439719 -8.934177
v 11.482215 2.862607 -8.934177
v 11.482215 2.862607 -7.026655
v 11.910239 5.853514 1.007549
v 11.864726 5.839524 0.961310
v 11.910239 5.853514 -0.992451
v 11.864726 5.839524 -0.946212
v 11.910239 5.248423 1.007549
v 11.864726 5.262413 0.961310
v 11.910239 5.248423 -0.992451
v 11.864726 5.262413 -0.946212
v 11.864726 5.853514 1.007549
v 11.864726 5.853514 -0.992451
v 11.864726 5.248423 -0.992451
v 11.864726 5.248423 1.007549
v 11.482215 5.839524 0.961310
v 11.482215 5.839524 -0.946212
v 11.482215 5.262413 -0.946212
v 11.482215 5.262413 0.961310
v 11.924539 4.059559 1.000001
v 11.879026 4.045569 0.953761
v 11.924539 4.059559 -1.000000
v 11.879026 4.045569 -0.953760
v 11.924539 3.454468 1.000001
v 11.879026 3.468458 0.953761
v 11.924539 3.454468 -1.000000
v 11.879026 3.468458 -0.953760
v 11.879026 4.059559 1.000001
v 11.879026 4.059559 -1.000000
v 11.879026 3.454468 -1.000000
v 11.879026 3.454468 1.000001
v 11.496514 4.045569 0.953761
v 11.496514 4.045569 -0.953760
v 11.496514 3.468458 -0.953760
v 11.496514 3.468458 0.953761
v 11.924539 4.059559 -0.999696
v 11.879026 4.045569 -1.045935
v 11.924539 4.059559 -2.999696
v 11.879026 4.045569 -2.953456
v 11.924539 3.454468 -0.999696
v 11.879026 3.468458 -1.045935
v 11.924539 3.454468 -2.999696
v 11.879026 3.468458 -2.953456
v 11.879026 4.059559 -0.999696
v 11.879026 4.059559 -2.999696
v 11.879026 3.454468 -2.999696
v 11.879026 3.454468 -0.999696
v 11.496514 4.045569 -1.045935
v 11.496514 4.045569 -2.953456
v 11.496514 3.468458 -2.953456
v 11.496514 3.468458 -1.045935
v 11.910239 4.657336 1.007549
v 11.864726 4.643346 0.961310
v 11.910239 4.657336 -0.992451
v 11.864726 4.643346 -0.946212
v 11.910239 4.052245 1.007549
v 11.864726 4.066235 0.961310
v 11.910239 4.052245 -0.992451
v 11.864726 4.066235 -0.946212
v 11.864726 4.657336 1.007549
v 11.864726 4.657336 -0.992451
v 11.864726 4.052245 -0.992451
v 11.864726 4.052245 1.007549
v 11.482215 4.643346 0.961310
v 11.482215 4.643346 -0.946212
v 11.482215 4.066235 -0.946212
v 11.482215 4.066235 0.961310
v 11.910239 4.657336 -0.992146
v 11.864726 4.643346 -1.038386
v 11.910239 4.657336 -2.992146
v 11.864726 4.643346 -2.945908
v 11.910239 4.052245 -0.992146
v 11.864726 4.066235 -1.038386
v 11.910239 4.052245 -2.992146
v 11.864726 4.066235 -2.945908
v 11.864726 4.657336 -0.992146
v 11.864726 4.657336 -2.992146
v 11.864726 4.052245 -2.992146
v 11.864726 4.052245 -0.992146
v 11.482215 4.643346 -1.038386
v 11.482215 4.643346 -2.945908
v 11.482215 4.066235 -2.945908
v 11.482215 4.066235 -1.038386
v 11.924539 4.059559 -2.992617
v 11.879026 4.045569 -3.038856
v 11.924539 4.059559 -4.992617
v 11.879026 4.045569 -4.946378
v 11.924539 3.454468 -2.992617
v 11.879026 3.468458 -3.038856
v 11.924539 3.454468 -4.992617
v 11.879026 3.468458 -4.946378
v 11.879026 4.059559 -2.992617
v 11.879026 4.059559 -4.992617
v 11.879026 3.454468 -4.992617
v 11.879026 3.454468 -2.992617
v 11.496514 4.045569 -3.038856
v 11.496514 4.045569 -4.946378
v 11.496514 3.468458 -4.946378
v 11.496514 3.468458 -3.038856
v 11.924539 4.059559 -4.992312
v 11.879026 4.045569 -5.038551
v 11.924539 4.059559 -6.992312
v 11.879026 4.045569 -6.946074
v 11.924539 3.454468 -4.992312
v 11.879026 3.468458 -5.038551
v 11.924539 3.454468 -6.992312
v 11.879026 3.468458 -6.946074
v 11.879026 4.059559 -4.992312
v 11.879026 4.059559 -6.992312
v 11.879026 3.454468 -6.992312
v 11.879026 3.454468 -4.992312
v 11.496514 4.045569 -5.038551
v 11.496514 4.045569 -6.946074
v 11.496514 3.468458 -6.946074
v 11.496514 3.468458 -5.038551
v 11.910239 4.657336 -2.985067
v 11.864726 4.643346 -3.031307
v 11.910239 4.657336 -4.985067
v 11.864726 4.643346 -4.938828
v 11.910239 4.052245 -2.985067
v 11.864726 4.066235 -3.031307
v 11.910239 4.052245 -4.985067
v 11.864726 4.066235 -4.938828
v 11.864726 4.657336 -2.985067
v 11.864726 4.657336 -4.985067
v 11.864726 4.052245 -4.985067
v 11.864726 4.052245 -2.985067
v 11.482215 4.643346 -3.031307
v 11.482215 4.643346 -4.938828
v 11.482215 4.066235 -4.938828
v 11.482215 4.066235 -3.031307
v 11.910239 4.657336 -4.984764
v 11.864726 4.643346 -5.031003
v 11.910239 4.657336 -6.984764
v 11.864726 4.643346 -6.938525
v 11.910239 4.052245 -4.984764
v 11.864726 4.066235 -5.031003
v 11.910239 4.052245 -6.984764
v 11.864726 4.066235 -6.938525
v 11.864726 4.657336 -4.984764
v 11.864726 4.657336 -6.984764
v 11.864726 4.052245 -6.984764
v 11.864726 4.052245 -4.984764
v 11.482215 4.643346 -5.031003
v 11.482215 4.643346 -6.938525
v 11.482215 4.066235 -6.938525
v 11.482215 4.066235 -5.031003
v 11.924540 5.255737 1.000001
v 11.879026 5.241747 0.953761
v 11.924540 5.255737 -1.000000
v 11.879026 5.241747 -0.953760
v 11.924540 4.650647 1.000001
v 11.879026 4.664636 0.953761
v 11.924540 4.650647 -1.000000
v 11.879026 4.664636 -0.953760
v 11.879026 5.255737 1.000001
v 11.879026 5.255737 -1.000000
v 11.879026 4.650647 -1.000000
v 11.879026 4.650647 1.000001
v 11.496514 5.241747 0.953761
v 11.496514 5.241747 -0.953760
v 11.496514 4.664636 -0.953760
v 11.496514 4.664636 0.953761
v 11.924540 5.255737 -0.999696
v 11.879026 5.241747 -1.045935
v 11.924540 5.255737 -2.999696
v 11.879026 5.241747 -2.953456
v 11.924540 4.650647 -0.999696
v 11.879026 4.664636 -1.045935
v 11.924540 4.650647 -2.999696
v 11.879026 4.664636 -2.953456
v 11.879026 5.255737 -0.999696
v 11.879026 5.255737 -2.999696
v 11.879026 4.650647 -2.999696
v 11.879026 4.650647 -0.999696
v 11.496514 5.241747 -1.045935
v 11.496514 5.241747 -2.953456
v 11.496514 4.664636 -2.953456
v 11.496514 4.664636 -1.045935
v 11.910239 5.853514 -0.992146
v 11.864726 5.839524 -1.038386
v 11.910239 5.853514 -2.992146
v 11.864726 5.839524 -2.945908
v 11.910239 5.248423 -0.992146
v 11.864726 5.262413 -1.038386
v 11.910239 5.248423 -2.992146
v 11.864726 5.262413 -2.945908
v 11.864726 5.853514 -0.992146
v 11.864726 5.853514 -2.992146
v 11.864726 5.248423 -2.992146
v 11.864726 5.248423 -0.992146
v 11.482215 5.839524 -1.038386
v 11.482215 5.839524 -2.945908
v 11.482215 5.262413 -2.945908
v 11.482215 5.262413 -1.038386
v 11.924540 5.255737 -2.992617
v 11.879026 5.241747 -3.038856
v 11.924540 5.255737 -4.992617
v 11.879026 5.241747 -4.946378
v 11.924540 4.650647 -2.992617
v 11.879026 4.664636 -3.038856
v 11.924540 4.650647 -4.992617
v 11.879026 4.664636 -4.946378
v 11.879026 5.255737 -2.992617
v 11.879026 5.255737 -4.992617
v 11.879026 4.650647 -4.992617
v 11.879026 4.650647 -2.992617
v 11.496514 5.241747 -3.038856
v 11.496514 5.241747 -4.946378
v 11.496514 4.664636 -4.946378
v 11.496514 4.664636 -3.038856
v 11.924540 5.255737 -4.992312
v 11.879026 5.241747 -5.038551
v 11.924540 5.255737 -6.992312
v 11.879026 5.241747 -6.946074
v 11.924540 4.650647 -4.992312
v 11.879026 4.664636 -5.038551
v 11.924540 4.650647 -6.992312
v 11.879026 4.664636 -6.946074
v 11.879026 5.255737 -4.992312
v 11.879026 5.255737 -6.992312
v 11.879026 4.650647 -6.992312
v 11.879026 4.650647 -4.992312
v 11.496514 5.241747 -5.038551
v 11.496514 5.241747 -6.946074
v 11.496514 4.664636 -6.946074
v 11.496514 4.664636 -5.038551
v 11.910239 5.853514 -2.985067
v 11.864726 5.839524 -3.031307
v 11.910239 5.853514 -4.985067
v 11.864726 5.839524 -4.938828
v 11.910239 5.248423 -2.985067
v 11.864726 5.262413 -3.031307
v 11.910239 5.248423 -4.985067
v 11.864726 5.262413 -4.938828
v 11.864726 5.853514 -2.985067
v 11.864726 5.853514 -4.985067
v 11.864726 5.248423 -4.985067
v 11.864726 5.248423 -2.985067
v 11.482215 5.839524 -3.031307
v 11.482215 5.839524 -4.938828
v 11.482215 5.262413 -4.938828
v 11.482215 5.262413 -3.031307
v 11.910239 5.853514 -4.984764
v 11.864726 5.839524 -5.031003
v 11.910239 5.853514 -6.984764
v 11.864726 5.839524 -6.938525
v 11.910239 5.248423 -4.984764
v 11.864726 5.262413 -5.031003
v 11.910239 5.248423 -6.984764
v 11.864726 5.262413 -6.938525
v 11.864726 5.853514 -4.984764
v 11.864726 5.853514 -6.984764
v 11.864726 5.248423 -6.984764
v 11.864726 5.248423 -4.984764
v 11.482215 5.839524 -5.031003
v 11.482215 5.839524 -6.938525
v 11.482215 5.262413 -6.938525
v 11.482215 5.262413 -5.031003
v 11.910239 6.458616 1.007549
v 11.864726 6.444626 0.961310
v 11.910239 6.458616 -0.992451
v 11.864726 6.444626 -0.946212
v 11.910239 5.853526 1.007549
v 11.864726 5.867515 0.961310
v 11.910239 5.853526 -0.992451
v 11.864726 5.867515 -0.946212
v 11.864726 6.458616 1.007549
v 11.864726 6.458616 -0.992451
v 11.864726 5.853526 -0.992451
v 11.864726 5.853526 1.007549
v 11.482215 6.444626 0.961310
v 11.482215 6.444626 -0.946212
v 11.482215 5.867515 -0.946212
v 11.482215 5.867515 0.961310
v 11.910239 6.458616 -0.992146
v 11.864726 6.444626 -1.038386
v 11.910239 6.458616 -2.992146
v 11.864726 6.444626 -2.945908
v 11.910239 5.853526 -0.992146
v 11.864726 5.867515 -1.038386
v 11.910239 5.853526 -2.992146
v 11.864726 5.867515 -2.945908
v 11.864726 6.458616 -0.992146
v 11.864726 6.458616 -2.992146
v 11.864726 5.853526 -2.992146
v 11.864726 5.853526 -0.992146
v 11.482215 6.444626 -1.038386
v 11.482215 6.444626 -2.945908
v 11.482215 5.867515 -2.945908
v 11.482215 5.867515 -1.038386
v 11.910239 6.458616 -2.985067
v 11.864726 6.444626 -3.031307
v 11.910239 6.458616 -4.985067
v 11.864726 6.444626 -4.938828
v 11.910239 5.853526 -2.985067
v 11.864726 5.867515 -3.031307
v 11.910239 5.853526 -4.985067
v 11.864726 5.867515 -4.938828
v 11.864726 6.458616 -2.985067
v 11.864726 6.458616 -4.985067
v 11.864726 5.853526 -4.985067
v 11.864726 5.853526 -2.985067
v 11.482215 6.444626 -3.031307
v 11.482215 6.444626 -4.938828
v 11.482215 5.867515 -4.938828
v 11.482215 5.867515 -3.031307
v 11.910239 6.458616 -4.984764
v 11.864726 6.444626 -5.031003
v 11.910239 6.458616 -6.984764
v 11.864726 6.444626 -6.938525
v 11.910239 5.853526 -4.984764
v 11.864726 5.867515 -5.031003
v 11.910239 5.853526 -6.984764
v 11.864726 5.867515 -6.938525
v 11.864726 6.458616 -4.984764
v 11.864726 6.458616 -6.984764
v 11.864726 5.853526 -6.984764
v 11.864726 5.853526 -4.984764
v 11.482215 6.444626 -5.031003
v 11.482215 6.444626 -6.938525
v 11.482215 5.867515 -6.938525
v 11.482215 5.867515 -5.031003
v 11.924539 4.059559 -6.987965
v 11.879026 4.045569 -7.034204
v 11.924539 4.059559 -8.987965
v 11.879026 4.045569 -8.941726
v 11.924539 3.454468 -6.987965
v 11.879026 3.468458 -7.034204
v 11.924539 3.454468 -8.987965
v 11.879026 3.468458 -8.941726
v 11.879026 4.059559 -6.987965
v 11.879026 4.059559 -8.987965
v 11.879026 3.454468 -8.987965
v 11.879026 3.454468 -6.987965
v 11.496514 4.045569 -7.034204
v 11.496514 4.045569 -8.941726
v 11.496514 3.468458 -8.941726
v 11.496514 3.468458 -7.034204
v 11.910239 4.657336 -6.980416
v 11.864726 4.643346 -7.026655
v 11.910239 4.657336 -8.980416
v 11.864726 4.643346 -8.934177
v 11.910239 4.052245 -6.980416
v 11.864726 4.066235 -7.026655
v 11.910239 4.052245 -8.980416
v 11.864726 4.066235 -8.934177
v 11.864726 4.657336 -6.980416
v 11.864726 4.657336 -8.980416
v 11.864726 4.052245 -8.980416
v 11.864726 4.052245 -6.980416
v 11.482215 4.643346 -7.026655
v 11.482215 4.643346 -8.934177
v 11.482215 4.066235 -8.934177
v 11.482215 4.066235 -7.026655
v 11.924540 5.255737 -6.987965
v 11.879026 5.241747 -7.034204
v 11.924540 5.255737 -8.987965
v 11.879026 5.241747 -8.941726
v 11.924540 4.650647 -6.987965
v 11.879026 4.664636 -7.034204
v 11.924540 4.650647 -8.987965
v 11.879026 4.664636 -8.941726
v 11.879026 5.255737 -6.987965
v 11.879026 5.255737 -8.987965
v 11.879026 4.650647 -8.987965
v 11.879026 4.650647 -6.987965
v 11.496514 5.241747 -7.034204
v 11.496514 5.241747 -8.941726
v 11.496514 4.664636 -8.941726
v 11.496514 4.664636 -7.034204
v 11.910239 5.853514 -6.980416
v 11.864726 5.839524 -7.026655
v 11.910239 5.853514 -8.980416
v 11.864726 5.839524 -8.934177
v 11.910239 5.248423 -6.980416
v 11.864726 5.262413 -7.026655
v 11.910239 5.248423 -8.980416
v 11.864726 5.262413 -8.934177
v 11.864726 5.853514 -6.980416
v 11.864726 5.853514 -8.980416
v 11.864726 5.248423 -8.980416
v 11.864726 5.248423 -6.980416
v 11.482215 5.839524 -7.026655
v 11.482215 5.839524 -8.934177
v 11.482215 5.262413 -8.934177
v 11.482215 5.262413 -7.026655
v 11.910239 6.458616 -6.980416
v 11.864726 6.444626 -7.026655
v 11.910239 6.458616 -8.980416
v 11.864726 6.444626 -8.934177
v 11.910239 5.853526 -6.980416
v 11.864726 5.867515 -7.026655
v 11.910239 5.853526 -8.980416
v 11.864726 5.867515 -8.934177
v 11.864726 6.458616 -6.980416
v 11.864726 6.458616 -8.980416
v 11.864726 5.853526 -8.980416
v 11.864726 5.853526 -6.980416
v 11.482215 6.444626 -7.026655
v 11.482215 6.444626 -8.934177
v 11.482215 5.867515 -8.934177
v 11.482215 5.867515 -7.026655
v 11.910239 5.853514 -8.995779
v 11.864726 5.839524 -9.042018
v 11.910239 5.853514 -10.995779
v 11.864726 5.839524 -10.949540
v 11.910239 5.248423 -8.995779
v 11.864726 5.262413 -9.042018
v 11.910239 5.248423 -10.995779
v 11.864726 5.262413 -10.949540
v 11.864726 5.853514 -8.995779
v 11.864726 5.853514 -10.995779
v 11.864726 5.248423 -10.995779
v 11.864726 5.248423 -8.995779
v 11.482215 5.839524 -9.042018
v 11.482215 5.839524 -10.949540
v 11.482215 5.262413 -10.949540
v 11.482215 5.262413 -9.042018
v 11.924539 4.059559 -9.003328
v 11.879026 4.045569 -9.049567
v 11.924539 4.059559 -11.003328
v 11.879026 4.045569 -10.957088
v 11.924539 3.454468 -9.003328
v 11.879026 3.468458 -9.049567
v 11.924539 3.454468 -11.003328
v 11.879026 3.468458 -10.957088
v 11.879026 4.059559 -9.003328
v 11.879026 4.059559 -11.003328
v 11.879026 3.454468 -11.003328
v 11.879026 3.454468 -9.003328
v 11.496514 4.045569 -9.049567
v 11.496514 4.045569 -10.957088
v 11.496514 3.468458 -10.957088
v 11.496514 3.468458 -9.049567
v 11.924539 4.059559 -11.003024
v 11.879026 4.045569 -11.049263
v 11.924539 4.059559 -13.003024
v 11.879026 4.045569 -12.956785
v 11.924539 3.454468 -11.003024
v 11.879026 3.468458 -11.049263
v 11.924539 3.454468 -13.003024
v 11.879026 3.468458 -12.956785
v 11.879026 4.059559 -11.003024
v 11.879026 4.059559 -13.003024
v 11.879026 3.454468 -13.003024
v 11.879026 3.454468 -11.003024
v 11.496514 4.045569 -11.049263
v 11.496514 4.045569 -12.956785
v 11.496514 3.468458 -12.956785
v 11.496514 3.468458 -11.049263
v 11.910239 4.657336 -8.995779
v 11.864726 4.643346 -9.042018
v 11.910239 4.657336 -10.995779
v 11.864726 4.643346 -10.949540
v 11.910239 4.052245 -8.995779
v 11.864726 4.066235 -9.042018
v 11.910239 4.052245 -10.995779
v 11.864726 4.066235 -10.949540
v 11.864726 4.657336 -8.995779
v 11.864726 4.657336 -10.995779
v 11.864726 4.052245 -10.995779
v 11.864726 4.052245 -8.995779
v 11.482215 4.643346 -9.042018
v 11.482215 4.643346 -10.949540
v 11.482215 4.066235 -10.949540
v 11.482215 4.066235 -9.042018
v 11.910239 4.657336 -10.995475
v 11.864726 4.643346 -11.041714
v 11.910239 4.657336 -12.995475
v 11.864726 4.643346 -12.949236
v 11.910239 4.052245 -10.995475
v 11.864726 4.066235 -11.041714
v 11.910239 4.052245 -12.995475
v 11.864726 4.066235 -12.949236
v 11.864726 4.657336 -10.995475
v 11.864726 4.657336 -12.995475
v 11.864726 4.052245 -12.995475
v 11.864726 4.052245 -10.995475
v 11.482215 4.643346 -11.041714
v 11.482215 4.643346 -12.949236
v 11.482215 4.066235 -12.949236
v 11.482215 4.066235 -11.041714
v 11.924539 4.059559 -12.995945
v 11.879026 4.045569 -13.042184
v 11.924539 4.059559 -14.995945
v 11.879026 4.045569 -14.949706
v 11.924539 3.454468 -12.995945
v 11.879026 3.468458 -13.042184
v 11.924539 3.454468 -14.995945
v 11.879026 3.468458 -14.949706
v 11.879026 4.059559 -12.995945
v 11.879026 4.059559 -14.995945
v 11.879026 3.454468 -14.995945
v 11.879026 3.454468 -12.995945
v 11.496514 4.045569 -13.042184
v 11.496514 4.045569 -14.949706
v 11.496514 3.468458 -14.949706
v 11.496514 3.468458 -13.042184
v 11.924539 4.059559 -14.995641
v 11.879026 4.045569 -15.041880
v 11.924539 4.059559 -16.995640
v 11.879026 4.045569 -16.949402
v 11.924539 3.454468 -14.995641
v 11.879026 3.468458 -15.041880
v 11.924539 3.454468 -16.995640
v 11.879026 3.468458 -16.949402
v 11.879026 4.059559 -14.995641
v 11.879026 4.059559 -16.995640
v 11.879026 3.454468 -16.995640
v 11.879026 3.454468 -14.995641
v 11.496514 4.045569 -15.041880
v 11.496514 4.045569 -16.949402
v 11.496514 3.468458 -16.949402
v 11.496514 3.468458 -15.041880
v 11.910239 4.657336 -12.988396
v 11.864726 4.643346 -13.034636
v 11.910239 4.657336 -14.988396
v 11.864726 4.643346 -14.942157
v 11.910239 4.052245 -12.988396
v 11.864726 4.066235 -13.034636
v 11.910239 4.052245 -14.988396
v 11.864726 4.066235 -14.942157
v 11.864726 4.657336 -12.988396
v 11.864726 4.657336 -14.988396
v 11.864726 4.052245 -14.988396
v 11.864726 4.052245 -12.988396
v 11.482215 4.643346 -13.034636
v 11.482215 4.643346 -14.942157
v 11.482215 4.066235 -14.942157
v 11.482215 4.066235 -13.034636
v 11.910239 4.657336 -14.988092
v 11.864726 4.643346 -15.034330
v 11.910239 4.657336 -16.988092
v 11.864726 4.643346 -16.941853
v 11.910239 4.052245 -14.988092
v 11.864726 4.066235 -15.034330
v 11.910239 4.052245 -16.988092
v 11.864726 4.066235 -16.941853
v 11.864726 4.657336 -14.988092
v 11.864726 4.657336 -16.988092
v 11.864726 4.052245 -16.988092
v 11.864726 4.052245 -14.988092
v 11.482215 4.643346 -15.034330
v 11.482215 4.643346 -16.941853
v 11.482215 4.066235 -16.941853
v 11.482215 4.066235 -15.034330
v 11.924540 5.255737 -9.003328
v 11.879026 5.241747 -9.049567
v 11.924540 5.255737 -11.003328
v 11.879026 5.241747 -10.957088
v 11.924540 4.650647 -9.003328
v 11.879026 4.664636 -9.049567
v 11.924540 4.650647 -11.003328
v 11.879026 4.664636 -10.957088
v 11.879026 5.255737 -9.003328
v 11.879026 5.255737 -11.003328
v 11.879026 4.650647 -11.003328
v 11.879026 4.650647 -9.003328
v 11.496514 5.241747 -9.049567
v 11.496514 5.241747 -10.957088
v 11.496514 4.664636 -10.957088
v 11.496514 4.664636 -9.049567
v 11.924540 5.255737 -11.003024
v 11.879026 5.241747 -11.049263
v 11.924540 5.255737 -13.003024
v 11.879026 5.241747 -12.956785
v 11.924540 4.650647 -11.003024
v 11.879026 4.664636 -11.049263
v 11.924540 4.650647 -13.003024
v 11.879026 4.664636 -12.956785
v 11.879026 5.255737 -11.003024
v 11.879026 5.255737 -13.003024
v 11.879026 4.650647 -13.003024
v 11.879026 4.650647 -11.003024
v 11.496514 5.241747 -11.049263
v 11.496514 5.241747 -12.956785
v 11.496514 4.664636 -12.956785
v 11.496514 4.664636 -11.049263
v 11.910239 5.853514 -10.995475
v 11.864726 5.839524 -11.041714
v 11.910239 5.853514 -12.995475
v 11.864726 5.839524 -12.949236
v 11.910239 5.248423 -10.995475
v 11.864726 5.262413 -11.041714
v 11.910239 5.248423 -12.995475
v 11.864726 5.262413 -12.949236
v 11.864726 5.853514 -10.995475
v 11.864726 5.853514 -12.995475
v 11.864726 5.248423 -12.995475
v 11.864726 5.248423 -10.995475
v 11.482215 5.839524 -11.041714
v 11.482215 5.839524 -12.949236
v 11.482215 5.262413 -12.949236
v 11.482215 5.262413 -11.041714
v 11.924540 5.255737 -12.995945
v 11.879026 5.241747 -13.042184
v 11.924540 5.255737 -14.995945
v 11.879026 5.241747 -14.949706
v 11.924540 4.650647 -12.995945
v 11.879026 4.664636 -13.042184
v 11.924540 4.650647 -14.995945
v 11.879026 4.664636 -14.949706
v 11.879026 5.255737 -12.995945
v 11.879026 5.255737 -14.995945
v 11.879026 4.650647 -14.995945
v 11.879026 4.650647 -12.995945
v 11.496514 5.241747 -13.042184
v 11.496514 5.241747 -14.949706
v 11.496514 4.664636 -14.949706
v 11.496514 4.664636 -13.042184
v 11.924540 5.255737 -14.995641
v 11.879026 5.241747 -15.041880
v 11.924540 5.255737 -16.995640
v 11.879026 5.241747 -16.949402
v 11.924540 4.650647 -14.995641
v 11.879026 4.664636 -15.041880
v 11.924540 4.650647 -16.995640
v 11.879026 4.664636 -16.949402
v 11.879026 5.255737 -14.995641
v 11.879026 5.255737 -16.995640
v 11.879026 4.650647 -16.995640
v 11.879026 4.650647 -14.995641
v 11.496514 5.241747 -15.041880
v 11.496514 5.241747 -16.949402
v 11.496514 4.664636 -16.949402
v 11.496514 4.664636 -15.041880
v 11.910239 5.853514 -12.988396
v 11.864726 5.839524 -13.034636
v 11.910239 5.853514 -14.988396
v 11.864726 5.839524 -14.942157
v 11.910239 5.248423 -12.988396
v 11.864726 5.262413 -13.034636
v 11.910239 5.248423 -14.988396
v 11.864726 5.262413 -14.942157
v 11.864726 5.853514 -12.988396
v 11.864726 5.853514 -14.988396
v 11.864726 5.248423 -14.988396
v 11.864726 5.248423 -12.988396
v 11.482215 5.839524 -13.034636
v 11.482215 5.839524 -14.942157
v 11.482215 5.262413 -14.942157
v 11.482215 5.262413 -13.034636
v 11.910239 5.853514 -14.988092
v 11.864726 5.839524 -15.034330
v 11.910239 5.853514 -16.988092
v 11.864726 5.839524 -16.941853
v 11.910239 5.248423 -14.988092
v 11.864726 5.262413 -15.034330
v 11.910239 5.248423 -16.988092
v 11.864726 5.262413 -16.941853
v 11.864726 5.853514 -14.988092
v 11.864726 5.853514 -16.988092
v 11.864726 5.248423 -16.988092
v 11.864726 5.248423 -14.988092
v 11.482215 5.839524 -15.034330
v 11.482215 5.839524 -16.941853
v 11.482215 5.262413 -16.941853
v 11.482215 5.262413 -15.034330
v 11.910239 6.458616 -8.995779
v 11.864726 6.444626 -9.042018
v 11.910239 6.458616 -10.995779
v 11.864726 6.444626 -10.949540
v 11.910239 5.853526 -8.995779
v 11.864726 5.867515 -9.042018
v 11.910239 5.853526 -10.995779
v 11.864726 5.867515 -10.949540
v 11.864726 6.458616 -8.995779
v 11.864726 6.458616 -10.995779
v 11.864726 5.853526 -10.995779
v 11.864726 5.853526 -8.995779
v 11.482215 6.444626 -9.042018
v 11.482215 6.444626 -10.949540
v 11.482215 5.867515 -10.949540
v 11.482215 5.867515 -9.042018
v 11.910239 6.458616 -10.995475
v 11.864726 6.444626 -11.041714
v 11.910239 6.458616 -12.995475
v 11.864726 6.444626 -12.949236
v 11.910239 5.853526 -10.995475
v 11.864726 5.867515 -11.041714
v 11.910239 5.853526 -12.995475
v 11.864726 5.867515 -12.949236
v 11.864726 6.458616 -10.995475
v 11.864726 6.458616 -12.995475
v 11.864726 5.853526 -12.995475
v 11.864726 5.853526 -10.995475
v 11.482215 6.444626 -11.041714
v 11.482215 6.444626 -12.949236
v 11.482215 5.867515 -12.949236
v 11.482215 5.867515 -11.041714
v 11.910239 6.458616 -12.988396
v 11.864726 6.444626 -13.034636
v 11.910239 6.458616 -14.988396
v 11.864726 6.444626 -14.942157
v 11.910239 5.853526 -12.988396
v 11.864726 5.867515 -13.034636
v 11.910239 5.853526 -14.988396
v 11.864726 5.867515 -14.942157
v 11.864726 6.458616 -12.988396
v 11.864726 6.458616 -14.988396
v 11.864726 5.853526 -14.988396
v 11.864726 5.853526 -12.988396
v 11.482215 6.444626 -13.034636
v 11.482215 6.444626 -14.942157
v 11.482215 5.867515 -14.942157
v 11.482215 5.867515 -13.034636
v 11.910239 6.458616 -14.988092
v 11.864726 6.444626 -15.034330
v 11.910239 6.458616 -16.988092
v 11.864726 6.444626 -16.941853
v 11.910239 5.853526 -14.988092
v 11.864726 5.867515 -15.034330
v 11.910239 5.853526 -16.988092
v 11.864726 5.867515 -16.941853
v 11.864726 6.458616 -14.988092
v 11.864726 6.458616 -16.988092
v 11.864726 5.853526 -16.988092
v 11.864726 5.853526 -14.988092
v 11.482215 6.444626 -15.034330
v 11.482215 6.444626 -16.941853
v 11.482215 5.867515 -16.941853
v 11.482215 5.867515 -15.034330
v 11.924539 4.059559 -16.991293
v 11.879026 4.045569 -17.037533
v 11.924539 4.059559 -18.991293
v 11.879026 4.045569 -18.945053
v 11.924539 3.454468 -16.991293
v 11.879026 3.468458 -17.037533
v 11.924539 3.454468 -18.991293
v 11.879026 3.468458 -18.945053
v 11.879026 4.059559 -16.991293
v 11.879026 4.059559 -18.991293
v 11.879026 3.454468 -18.991293
v 11.879026 3.454468 -16.991293
v 11.496514 4.045569 -17.037533
v 11.496514 4.045569 -18.945053
v 11.496514 3.468458 -18.945053
v 11.496514 3.468458 -17.037533
v 11.910239 4.657336 -16.983746
v 11.864726 4.643346 -17.029984
v 11.910239 4.657336 -18.983746
v 11.864726 4.643346 -18.937506
v 11.910239 4.052245 -16.983746
v 11.864726 4.066235 -17.029984
v 11.910239 4.052245 -18.983746
v 11.864726 4.066235 -18.937506
v 11.864726 4.657336 -16.983746
v 11.864726 4.657336 -18.983746
v 11.864726 4.052245 -18.983746
v 11.864726 4.052245 -16.983746
v 11.482215 4.643346 -17.029984
v 11.482215 4.643346 -18.937506
v 11.482215 4.066235 -18.937506
v 11.482215 4.066235 -17.029984
v 11.924540 5.255737 -16.991293
v 11.879026 5.241747 -17.037533
v 11.924540 5.255737 -18.991293
v 11.879026 5.241747 -18.945053
v 11.924540 4.650647 -16.991293
v 11.879026 4.664636 -17.037533
v 11.924540 4.650647 -18.991293
v 11.879026 4.664636 -18.945053
v 11.879026 5.255737 -16.991293
v 11.879026 5.255737 -18.991293
v 11.879026 4.650647 -18.991293
v 11.879026 4.650647 -16.991293
v 11.496514 5.241747 -17.037533
v 11.496514 5.241747 -18.945053
v 11.496514 4.664636 -18.945053
v 11.496514 4.664636 -17.037533
v 11.910239 5.853514 -16.983746
v 11.864726 5.839524 -17.029984
v 11.910239 5.853514 -18.983746
v 11.864726 5.839524 -18.937506
v 11.910239 5.248423 -16.983746
v 11.864726 5.262413 -17.029984
v 11.910239 5.248423 -18.983746
v 11.864726 5.262413 -18.937506
v 11.864726 5.853514 -16.983746
v 11.864726 5.853514 -18.983746
v 11.864726 5.248423 -18.983746
v 11.864726 5.248423 -16.983746
v 11.482215 5.839524 -17.029984
v 11.482215 5.839524 -18.937506
v 11.482215 5.262413 -18.937506
v 11.482215 5.262413 -17.029984
v 11.910239 6.458616 -16.983746
v 11.864726 6.444626 -17.029984
v 11.910239 6.458616 -18.983746
v 11.864726 6.444626 -18.937506
v 11.910239 5.853526 -16.983746
v 11.864726 5.867515 -17.029984
v 11.910239 5.853526 -18.983746
v 11.864726 5.867515 -18.937506
v 11.864726 6.458616 -16.983746
v 11.864726 6.458616 -18.983746
v 11.864726 5.853526 -18.983746
v 11.864726 5.853526 -16.983746
v 11.482215 6.444626 -17.029984
v 11.482215 6.444626 -18.937506
v 11.482215 5.867515 -18.937506
v 11.482215 5.867515 -17.029984
v 11.910239 2.848606 -8.995779
v 11.864726 2.834617 -9.042018
v 11.910239 2.848606 -10.995779
v 11.864726 2.834617 -10.949540
v 11.910239 2.243515 -8.995779
v 11.864726 2.257505 -9.042018
v 11.910239 2.243515 -10.995779
v 11.864726 2.257505 -10.949540
v 11.864726 2.848606 -8.995779
v 11.864726 2.848606 -10.995779
v 11.864726 2.243515 -10.995779
v 11.864726 2.243515 -8.995779
v 11.482215 2.834617 -9.042018
v 11.482215 2.834617 -10.949540
v 11.482215 2.257505 -10.949540
v 11.482215 2.257505 -9.042018
v 11.924539 1.054651 -9.003328
v 11.879025 1.040662 -9.049567
v 11.924539 1.054651 -11.003328
v 11.879025 1.040662 -10.957088
v 11.924539 0.449561 -9.003328
v 11.879025 0.463550 -9.049567
v 11.924539 0.449561 -11.003328
v 11.879025 0.463550 -10.957088
v 11.879025 1.054651 -9.003328
v 11.879025 1.054651 -11.003328
v 11.879025 0.449561 -11.003328
v 11.879025 0.449561 -9.003328
v 11.496514 1.040662 -9.049567
v 11.496514 1.040662 -10.957088
v 11.496514 0.463550 -10.957088
v 11.496514 0.463550 -9.049567
v 11.924539 1.054651 -11.003024
v 11.879025 1.040662 -11.049263
v 11.924539 1.054651 -13.003024
v 11.879025 1.040662 -12.956785
v 11.924539 0.449561 -11.003024
v 11.879025 0.463550 -11.049263
v 11.924539 0.449561 -13.003024
v 11.879025 0.463550 -12.956785
v 11.879025 1.054651 -11.003024
v 11.879025 1.054651 -13.003024
v 11.879025 0.449561 -13.003024
v 11.879025 0.449561 -11.003024
v 11.496514 1.040662 -11.049263
v 11.496514 1.040662 -12.956785
v 11.496514 0.463550 -12.956785
v 11.496514 0.463550 -11.049263
v 11.910239 1.652428 -8.995779
v 11.864726 1.638439 -9.042018
v 11.910239 1.652428 -10.995779
v 11.864726 1.638439 -10.949540
v 11.910239 1.047338 -8.995779
v 11.864726 1.061327 -9.042018
v 11.910239 1.047338 -10.995779
v 11.864726 1.061327 -10.949540
v 11.864726 1.652428 -8.995779
v 11.864726 1.652428 -10.995779
v 11.864726 1.047338 -10.995779
v 11.864726 1.047338 -8.995779
v 11.482214 1.638439 -9.042018
v 11.482214 1.638439 -10.949540
v 11.482214 1.061327 -10.949540
v 11.482214 1.061327 -9.042018
v 11.910239 1.652428 -10.995475
v 11.864726 1.638439 -11.041714
v 11.910239 1.652428 -12.995475
v 11.864726 1.638439 -12.949236
v 11.910239 1.047338 -10.995475
v 11.864726 1.061327 -11.041714
v 11.910239 1.047338 -12.995475
v 11.864726 1.061327 -12.949236
v 11.864726 1.652428 -10.995475
v 11.864726 1.652428 -12.995475
v 11.864726 1.047338 -12.995475
v 11.864726 1.047338 -10.995475
v 11.482214 1.638439 -11.041714
v 11.482214 1.638439 -12.949236
v 11.482214 1.061327 -12.949236
v 11.482214 1.061327 -11.041714
v 11.924539 1.054651 -12.995945
v 11.879025 1.040662 -13.042184
v 11.924539 1.054651 -14.995945
v 11.879025 1.040662 -14.949706
v 11.924539 0.449561 -12.995945
v 11.879025 0.463550 -13.042184
v 11.924539 0.449561 -14.995945
v 11.879025 0.463550 -14.949706
v 11.879025 1.054651 -12.995945
v 11.879025 1.054651 -14.995945
v 11.879025 0.449561 -14.995945
v 11.879025 0.449561 -12.995945
v 11.496514 1.040662 -13.042184
v 11.496514 1.040662 -14.949706
v 11.496514 0.463550 -14.949706
v 11.496514 0.463550 -13.042184
v 11.924539 1.054651 -14.995641
v 11.879025 1.040662 -15.041880
v 11.924539 1.054651 -16.995640
v 11.879025 1.040662 -16.949402
v 11.924539 0.449561 -14.995641
v 11.879025 0.463550 -15.041880
v 11.924539 0.449561 -16.995640
v 11.879025 0.463550 -16.949402
v 11.879025 1.054651 -14.995641
v 11.879025 1.054651 -16.995640
v 11.879025 0.449561 -16.995640
v 11.879025 0.449561 -14.995641
v 11.496514 1.040662 -15.041880
v 11.496514 1.040662 -16.949402
v 11.496514 0.463550 -16.949402
v 11.496514 0.463550 -15.041880
v 11.910239 1.652428 -12.988396
v 11.864726 1.638439 -13.034636
v 11.910239 1.652428 -14.988396
v 11.864726 1.638439 -14.942157
v 11.910239 1.047338 -12.988396
v 11.864726 1.061327 -13.034636
v 11.910239 1.047338 -14.988396
v 11.864726 1.061327 -14.942157
v 11.864726 1.652428 -12.988396
v 11.864726 1.652428 -14.988396
v 11.864726 1.047338 -14.988396
v 11.864726 1.047338 -12.988396
v 11.482214 1.638439 -13.034636
v 11.482214 1.638439 -14.942157
v 11.482214 1.061327 -14.942157
v 11.482214 1.061327 -13.034636
v 11.910239 1.652428 -14.988092
v 11.864726 1.638439 -15.034330
v 11.910239 1.652428 -16.988092
v 11.864726 1.638439 -16.941853
v 11.910239 1.047338 -14.988092
v 11.864726 1.061327 -15.034330
v 11.910239 1.047338 -16.988092
v 11.864726 1.061327 -16.941853
v 11.864726 1.652428 -14.988092
v 11.864726 1.652428 -16.988092
v 11.864726 1.047338 -16.988092
v 11.864726 1.047338 -14.988092
v 11.482214 1.638439 -15.034330
v 11.482214 1.638439 -16.941853
v 11.482214 1.061327 -16.941853
v 11.482214 1.061327 -15.034330
v 11.924539 2.250829 -9.003328
v 11.879025 2.236840 -9.049567
v 11.924539 2.250829 -11.003328
v 11.879025 2.236840 -10.957088
v 11.924539 1.645739 -9.003328
v 11.879025 1.659728 -9.049567
v 11.924539 1.645739 -11.003328
v 11.879025 1.659728 -10.957088
v 11.879025 2.250829 -9.003328
v 11.879025 2.250829 -11.003328
v 11.879025 1.645739 -11.003328
v 11.879025 1.645739 -9.003328
v 11.496514 2.236840 -9.049567
v 11.496514 2.236840 -10.957088
v 11.496514 1.659728 -10.957088
v 11.496514 1.659728 -9.049567
v 11.924539 2.250829 -11.003024
v 11.879025 2.236840 -11.049263
v 11.924539 2.250829 -13.003024
v 11.879025 2.236840 -12.956785
v 11.924539 1.645739 -11.003024
v 11.879025 1.659728 -11.049263
v 11.924539 1.645739 -13.003024
v 11.879025 1.659728 -12.956785
v 11.879025 2.250829 -11.003024
v 11.879025 2.250829 -13.003024
v 11.879025 1.645739 -13.003024
v 11.879025 1.645739 -11.003024
v 11.496514 2.236840 -11.049263
v 11.496514 2.236840 -12.956785
v 11.496514 1.659728 -12.956785
v 11.496514 1.659728 -11.049263
v 11.910239 2.848606 -10.995475
v 11.864726 2.834617 -11.041714
v 11.910239 2.848606 -12.995475
v 11.864726 2.834617 -12.949236
v 11.910239 2.243515 -10.995475
v 11.864726 2.257505 -11.041714
v 11.910239 2.243515 -12.995475
v 11.864726 2.257505 -12.949236
v 11.864726 2.848606 -10.995475
v 11.864726 2.848606 -12.995475
v 11.864726 2.243515 -12.995475
v 11.864726 2.243515 -10.995475
v 11.482215 2.834617 -11.041714
v 11.482215 2.834617 -12.949236
v 11.482215 2.257505 -12.949236
v 11.482215 2.257505 -11.041714
v 11.924539 2.250829 -12.995945
v 11.879025 2.236840 -13.042184
v 11.924539 2.250829 -14.995945
v 11.879025 2.236840 -14.949706
v 11.924539 1.645739 -12.995945
v 11.879025 1.659728 -13.042184
v 11.924539 1.645739 -14.995945
v 11.879025 1.659728 -14.949706
v 11.879025 2.250829 -12.995945
v 11.879025 2.250829 -14.995945
v 11.879025 1.645739 -14.995945
v 11.879025 1.645739 -12.995945
v 11.496514 2.236840 -13.042184
v 11.496514 2.236840 -14.949706
v 11.496514 1.659728 -14.949706
v 11.496514 1.659728 -13.042184
v 11.924539 2.250829 -14.995641
v 11.879025 2.236840 -15.041880
v 11.924539 2.250829 -16.995640
v 11.879025 2.236840 -16.949402
v 11.924539 1.645739 -14.995641
v 11.879025 1.659728 -15.041880
v 11.924539 1.645739 -16.995640
v 11.879025 1.659728 -16.949402
v 11.879025 2.250829 -14.995641
v 11.879025 2.250829 -16.995640
v 11.879025 1.645739 -16.995640
v 11.879025 1.645739 -14.995641
v 11.496514 2.236840 -15.041880
v 11.496514 2.236840 -16.949402
v 11.496514 1.659728 -16.949402
v 11.496514 1.659728 -15.041880
v 11.910239 2.848606 -12.988396
v 11.864726 2.834617 -13.034636
v 11.910239 2.848606 -14.988396
v 11.864726 2.834617 -14.942157
v 11.910239 2.243515 -12.988396
v 11.864726 2.257505 -13.034636
v 11.910239 2.243515 -14.988396
v 11.864726 2.257505 -14.942157
v 11.864726 2.848606 -12.988396
v 11.864726 2.848606 -14.988396
v 11.864726 2.243515 -14.988396
v 11.864726 2.243515 -12.988396
v 11.482215 2.834617 -13.034636
v 11.482215 2.834617 -14.942157
v 11.482215 2.257505 -14.942157
v 11.482215 2.257505 -13.034636
v 11.910239 2.848606 -14.988092
v 11.864726 2.834617 -15.034330
v 11.910239 2.848606 -16.988092
v 11.864726 2.834617 -16.941853
v 11.910239 2.243515 -14.988092
v 11.864726 2.257505 -15.034330
v 11.910239 2.243515 -16.988092
v 11.864726 2.257505 -16.941853
v 11.864726 2.848606 -14.988092
v 11.864726 2.848606 -16.988092
v 11.864726 2.243515 -16.988092
v 11.864726 2.243515 -14.988092
v 11.482215 2.834617 -15.034330
v 11.482215 2.834617 -16.941853
v 11.482215 2.257505 -16.941853
v 11.482215 2.257505 -15.034330
v 11.910239 3.453708 -8.995779
v 11.864726 3.439719 -9.042018
v 11.910239 3.453708 -10.995779
v 11.864726 3.439719 -10.949540
v 11.910239 2.848618 -8.995779
v 11.864726 2.862607 -9.042018
v 11.910239 2.848618 -10.995779
v 11.864726 2.862607 -10.949540
v 11.864726 3.453708 -8.995779
v 11.864726 3.453708 -10.995779
v 11.864726 2.848618 -10.995779
v 11.864726 2.848618 -8.995779
v 11.482215 3.439719 -9.042018
v 11.482215 3.439719 -10.949540
v 11.482215 2.862607 -10.949540
v 11.482215 2.862607 -9.042018
v 11.910239 3.453708 -10.995475
v 11.864726 3.439719 -11.041714
v 11.910239 3.453708 -12.995475
v 11.864726 3.439719 -12.949236
v 11.910239 2.848618 -10.995475
v 11.864726 2.862607 -11.041714
v 11.910239 2.848618 -12.995475
v 11.864726 2.862607 -12.949236
v 11.864726 3.453708 -10.995475
v 11.864726 3.453708 -12.995475
v 11.864726 2.848618 -12.995475
v 11.864726 2.848618 -10.995475
v 11.482215 3.439719 -11.041714
v 11.482215 3.439719 -12.949236
v 11.482215 2.862607 -12.949236
v 11.482215 2.862607 -11.041714
v 11.910239 3.453708 -12.988396
v 11.864726 3.439719 -13.034636
v 11.910239 3.453708 -14.988396
v 11.864726 3.439719 -14.942157
v 11.910239 2.848618 -12.988396
v 11.864726 2.862607 -13.034636
v 11.910239 2.848618 -14.988396
v 11.864726 2.862607 -14.942157
v 11.864726 3.453708 -12.988396
v 11.864726 3.453708 -14.988396
v 11.864726 2.848618 -14.988396
v 11.864726 2.848618 -12.988396
v 11.482215 3.439719 -13.034636
v 11.482215 3.439719 -14.942157
v 11.482215 2.862607 -14.942157
v 11.482215 2.862607 -13.034636
v 11.910239 3.453708 -14.988092
v 11.864726 3.439719 -15.034330
v 11.910239 3.453708 -16.988092
v 11.864726 3.439719 -16.941853
v 11.910239 2.848618 -14.988092
v 11.864726 2.862607 -15.034330
v 11.910239 2.848618 -16.988092
v 11.864726 2.862607 -16.941853
v 11.864726 3.453708 -14.988092
v 11.864726 3.453708 -16.988092
v 11.864726 2.848618 -16.988092
v 11.864726 2.848618 -14.988092
v 11.482215 3.439719 -15.034330
v 11.482215 3.439719 -16.941853
v 11.482215 2.862607 -16.941853
v 11.482215 2.862607 -15.034330
v 11.924539 1.054651 -16.991293
v 11.879025 1.040662 -17.037533
v 11.924539 1.054651 -18.991293
v 11.879025 1.040662 -18.945053
v 11.924539 0.449561 -16.991293
v 11.879025 0.463550 -17.037533
v 11.924539 0.449561 -18.991293
v 11.879025 0.463550 -18.945053
v 11.879025 1.054651 -16.991293
v 11.879025 1.054651 -18.991293
v 11.879025 0.449561 -18.991293
v 11.879025 0.449561 -16.991293
v 11.496514 1.040662 -17.037533
v 11.496514 1.040662 -18.945053
v 11.496514 0.463550 -18.945053
v 11.496514 0.463550 -17.037533
v 11.910239 1.652428 -16.983746
v 11.864726 1.638439 -17.029984
v 11.910239 1.652428 -18.983746
v 11.864726 1.638439 -18.937506
v 11.910239 1.047338 -16.983746
v 11.864726 1.061327 -17.029984
v 11.910239 1.047338 -18.983746
v 11.864726 1.061327 -18.937506
v 11.864726 1.652428 -16.983746
v 11.864726 1.652428 -18.983746
v 11.864726 1.047338 -18.983746
v 11.864726 1.047338 -16.983746
v 11.482214 1.638439 -17.029984
v 11.482214 1.638439 -18.937506
v 11.482214 1.061327 -18.937506
v 11.482214 1.061327 -17.029984
v 11.924539 2.250829 -16.991293
v 11.879025 2.236840 -17.037533
v 11.924539 2.250829 -18.991293
v 11.879025 2.236840 -18.945053
v 11.924539 1.645739 -16.991293
v 11.879025 1.659728 -17.037533
v 11.924539 1.645739 -18.991293
v 11.879025 1.659728 -18.945053
v 11.879025 2.250829 -16.991293
v 11.879025 2.250829 -18.991293
v 11.879025 1.645739 -18.991293
v 11.879025 1.645739 -16.991293
v 11.496514 2.236840 -17.037533
v 11.496514 2.236840 -18.945053
v 11.496514 1.659728 -18.945053
v 11.496514 1.659728 -17.037533
v 11.910239 2.848606 -16.983746
v 11.864726 2.834617 -17.029984
v 11.910239 2.848606 -18.983746
v 11.864726 2.834617 -18.937506
v 11.910239 2.243515 -16.983746
v 11.864726 2.257505 -17.029984
v 11.910239 2.243515 -18.983746
v 11.864726 2.257505 -18.937506
v 11.864726 2.848606 -16.983746
v 11.864726 2.848606 -18.983746
v 11.864726 2.243515 -18.983746
v 11.864726 2.243515 -16.983746
v 11.482215 2.834617 -17.029984
v 11.482215 2.834617 -18.937506
v 11.482215 2.257505 -18.937506
v 11.482215 2.257505 -17.029984
v 11.910239 3.453708 -16.983746
v 11.864726 3.439719 -17.029984
v 11.910239 3.453708 -18.983746
v 11.864726 3.439719 -18.937506
v 11.910239 2.848618 -16.983746
v 11.864726 2.862607 -17.029984
v 11.910239 2.848618 -18.983746
v 11.864726 2.862607 -18.937506
v 11.864726 3.453708 -16.983746
v 11.864726 3.453708 -18.983746
v 11.864726 2.848618 -18.983746
v 11.864726 2.848618 -16.983746
v 11.482215 3.439719 -17.029984
v 11.482215 3.439719 -18.937506
v 11.482215 2.862607 -18.937506
v 11.482215 2.862607 -17.029984
vn -0.0000 1.0000 -0.0000
vn -0.0000 -0.0000 -1.0000
vn -0.0000 -1.0000 -0.0000
vn -0.0000 -0.0000 1.0000
vn 1.0000 -0.0000 -0.0000
vn -1.0000 -0.0000 -0.0000
vt 0.375000 0.000000
vt 0.625000 0.000000
vt 0.625000 0.250000
vt 0.375000 0.250000
vt 0.625000 0.500000
vt 0.375000 0.500000
vt 0.625000 0.750000
vt 0.375000 0.750000
vt 0.625000 1.000000
vt 0.375000 1.000000
vt 0.125000 0.500000
vt 0.125000 0.750000
vt 0.630780 0.744220
vt 0.630780 0.505780
vt 0.869220 0.744220
vt 0.869220 0.505780
vt 0.875000 0.500000
vt 0.875000 0.750000
s 0
f 3201/37/13 3203/40/13 3210/39/13 3209/38/13
f 3203/40/14 3207/42/14 3211/41/14 3210/39/14
f 3207/42/15 3205/44/15 3212/43/15 3211/41/15
f 3205/44/16 3201/46/16 3209/45/16 3212/43/16
f 3203/47/17 3201/48/17 3205/44/17 3207/42/17
f 3206/49/15 3216/49/15 3215/50/15 3208/50/15
f 3202/51/18 3209/54/18 3210/53/18 3204/52/18
f 3204/52/18 3210/53/18 3211/41/18 3208/50/18
f 3208/50/18 3211/41/18 3212/43/18 3206/49/18
f 3206/49/18 3212/43/18 3209/54/18 3202/51/18
f 3215/50/18 3216/49/18 3213/51/18 3214/52/18
f 3204/52/13 3214/52/13 3213/51/13 3202/51/13
f 3202/51/16 3213/51/16 3216/49/16 3206/49/16
f 3208/50/14 3215/50/14 3214/52/14 3204/52/14
f 3217/37/13 3219/40/13 3226/39/13 3225/38/13
f 3219/40/14 3223/42/14 3227/41/14 3226/39/14
f 3223/42/15 3221/44/15 3228/43/15 3227/41/15
f 3221/44/16 3217/46/16 3225/45/16 3228/43/16
f 3219/47/17 3217/48/17 3221/44/17 3223/42/17
f 3222/49/15 3232/49/15 3231/50/15 3224/50/15
f 3218/51/18 3225/54/18 3226/53/18 3220/52/18
f 3220/52/18 3226/53/18 3227/41/18 3224/50/18
f 3224/50/18 3227/41/18 3228/43/18 3222/49/18
f 3222/49/18 3228/43/18 3225/54/18 3218/51/18
f 3231/50/18 3232/49/18 3229/51/18 3230/52/18
f 3220/52/13 3230/52/13 3229/51/13 3218/51/13
f 3218/51/16 3229/51/16 3232/49/16 3222/49/16
f 3224/50/14 3231/50/14 3230/52/14 3220/52/14
f 3233/37/13 3235/40/13 3242/39/13 3241/38/13
f 3235/40/14 3239/42/14 3243/41/14 3242/39/14
f 3239/42/15 3237/44/15 3244/43/15 3243/41/15
f 3237/44/16 3233/46/16 3241/45/16 3244/43/16
f 3235/47/17 3233/48/17 3237/44/17 3239/42/17
f 3238/49/15 3248/49/15 3247/50/15 3240/50/15
f 3234/51/18 3241/54/18 3242/53/18 3236/52/18
f 3236/52/18 3242/53/18 3243/41/18 3240/50/18
f 3240/50/18 3243/41/18 3244/43/18 3238/49/18
f 3238/49/18 3244/43/18 3241/54/18 3234/51/18
f 3247/50/18 3248/49/18 3245/51/18 3246/52/18
f 3236/52/13 3246/52/13 3245/51/13 3234/51/13
f 3234/51/16 3245/51/16 3248/49/16 3238/49/16
f 3240/50/14 3247/50/14 3246/52/14 3236/52/14
f 3249/37/13 3251/40/13 3258/39/13 3257/38/13
f 3251/40/14 3255/42/14 3259/41/14 3258/39/14
f 3255/42/15 3253/44/15 3260/43/15 3259/41/15
f 3253/44/16 3249/46/16 3257/45/16 3260/43/16
f 3251/47/17 3249/48/17 3253/44/17 3255/42/17
f 3254/49/15 3264/49/15 3263/50/15 3256/50/15
f 3250/51/18 3257/54/18 3258/53/18 3252/52/18
f 3252/52/18 3258/53/18 3259/41/18 3256/50/18
f 3256/50/18 3259/41/18 3260/43/18 3254/49/18
f 3254/49/18 3260/43/18 3257/54/18 3250/51/18
f 3263/50/18 3264/49/18 3261/51/18 3262/52/18
f 3252/52/13 3262/52/13 3261/51/13 3250/51/13
f 3250/51/16 3261/51/16 3264/49/16 3254/49/16
f 3256/50/14 3263/50/14 3262/52/14 3252/52/14
f 3265/37/13 3267/40/13 3274/39/13 3273/38/13
f 3267/40/14 3271/42/14 3275/41/14 3274/39/14
f 3271/42/15 3269/44/15 3276/43/15 3275/41/15
f 3269/44/16 3265/46/16 3273/45/16 3276/43/16
f 3267/47/17 3265/48/17 3269/44/17 3271/42/17
f 3270/49/15 3280/49/15 3279/50/15 3272/50/15
f 3266/51/18 3273/54/18 3274/53/18 3268/52/18
f 3268/52/18 3274/53/18 3275/41/18 3272/50/18
f 3272/50/18 3275/41/18 3276/43/18 3270/49/18
f 3270/49/18 3276/43/18 3273/54/18 3266/51/18
f 3279/50/18 3280/49/18 3277/51/18 3278/52/18
f 3268/52/13 3278/52/13 3277/51/13 3266/51/13
f 3266/51/16 3277/51/16 3280/49/16 3270/49/16
f 3272/50/14 3279/50/14 3278/52/14 3268/52/14
f 3281/37/13 3283/40/13 3290/39/13 3289/38/13
f 3283/40/14 3287/42/14 3291/41/14 3290/39/14
f 3287/42/15 3285/44/15 3292/43/15 3291/41/15
f 3285/44/16 3281/46/16 3289/45/16 3292/43/16
f 3283/47/17 3281/48/17 3285/44/17 3287/42/17
f 3286/49/15 3296/49/15 3295/50/15 3288/50/15
f 3282/51/18 3289/54/18 3290/53/18 3284/52/18
f 3284/52/18 3290/53/18 3291/41/18 3288/50/18
f 3288/50/18 3291/41/18 3292/43/18 3286/49/18
f 3286/49/18 3292/43/18 3289/54/18 3282/51/18
f 3295/50/18 3296/49/18 3293/51/18 3294/52/18
f 3284/52/13 3294/52/13 3293/51/13 3282/51/13
f 3282/51/16 3293/51/16 3296/49/16 3286/49/16
f 3288/50/14 3295/50/14 3294/52/14 3284/52/14
f 3297/37/13 3299/40/13 3306/39/13 3305/38/13
f 3299/40/14 3303/42/14 3307/41/14 3306/39/14
f 3303/42/15 3301/44/15 3308/43/15 3307/41/15
f 3301/44/16 3297/46/16 3305/45/16 3308/43/16
f 3299/47/17 3297/48/17 3301/44/17 3303/42/17
f 3302/49/15 3312/49/15 3311/50/15 3304/50/15
f 3298/51/18 3305/54/18 3306/53/18 3300/52/18
f 3300/52/18 3306/53/18 3307/41/18 3304/50/18
f 3304/50/18 3307/41/18 3308/43/18 3302/49/18
f 3302/49/18 3308/43/18 3305/54/18 3298/51/18
f 3311/50/18 3312/49/18 3309/51/18 3310/52/18
f 3300/52/13 3310/52/13 3309/51/13 3298/51/13
f 3298/51/16 3309/51/16 3312/49/16 3302/49/16
f 3304/50/14 3311/50/14 3310/52/14 3300/52/14
f 3313/37/13 3315/40/13 3322/39/13 3321/38/13
f 3315/40/14 3319/42/14 3323/41/14 3322/39/14
f 3319/42/15 3317/44/15 3324/43/15 3323/41/15
f 3317/44/16 3313/46/16 3321/45/16 3324/43/16
f 3315/47/17 3313/48/17 3317/44/17 3319/42/17
f 3318/49/15 3328/49/15 3327/50/15 3320/50/15
f 3314/51/18 3321/54/18 3322/53/18 3316/52/18
f 3316/52/18 3322/53/18 3323/41/18 3320/50/18
f 3320/50/18 3323/41/18 3324/43/18 3318/49/18
f 3318/49/18 3324/43/18 3321/54/18 3314/51/18
f 3327/50/18 3328/49/18 3325/51/18 3326/52/18
f 3316/52/13 3326/52/13 3325/51/13 3314/51/13
f 3314/51/16 3325/51/16 3328/49/16 3318/49/16
f 3320/50/14 3327/50/14 3326/52/14 3316/52/14
f 3329/37/13 3331/40/13 3338/39/13 3337/38/13
f 3331/40/14 3335/42/14 3339/41/14 3338/39/14
f 3335/42/15 3333/44/15 3340/43/15 3339/41/15
f 3333/44/16 3329/46/16 3337/45/16 3340/43/16
f 3331/47/17 3329/48/17 3333/44/17 3335/42/17
f 3334/49/15 3344/49/15 3343/50/15 3336/50/15
f 3330/51/18 3337/54/18 3338/53/18 3332/52/18
f 3332/52/18 3338/53/18 3339/41/18 3336/50/18
f 3336/50/18 3339/41/18 3340/43/18 3334/49/18
f 3334/49/18 3340/43/18 3337/54/18 3330/51/18
f 3343/50/18 3344/49/18 3341/51/18 3342/52/18
f 3332/52/13 3342/52/13 3341/51/13 3330/51/13
f 3330/51/16 3341/51/16 3344/49/16 3334/49/16
f 3336/50/14 3343/50/14 3342/52/14 3332/52/14
f 3345/37/13 3347/40/13 3354/39/13 3353/38/13
f 3347/40/14 3351/42/14 3355/41/14 3354/39/14
f 3351/42/15 3349/44/15 3356/43/15 3355/41/15
f 3349/44/16 3345/46/16 3353/45/16 3356/43/16
f 3347/47/17 3345/48/17 3349/44/17 3351/42/17
f 3350/49/15 3360/49/15 3359/50/15 3352/50/15
f 3346/51/18 3353/54/18 3354/53/18 3348/52/18
f 3348/52/18 3354/53/18 3355/41/18 3352/50/18
f 3352/50/18 3355/41/18 3356/43/18 3350/49/18
f 3350/49/18 3356/43/18 3353/54/18 3346/51/18
f 3359/50/18 3360/49/18 3357/51/18 3358/52/18
f 3348/52/13 3358/52/13 3357/51/13 3346/51/13
f 3346/51/16 3357/51/16 3360/49/16 3350/49/16
f 3352/50/14 3359/50/14 3358/52/14 3348/52/14
f 3361/37/13 3363/40/13 3370/39/13 3369/38/13
f 3363/40/14 3367/42/14 3371/41/14 3370/39/14
f 3367/42/15 3365/44/15 3372/43/15 3371/41/15
f 3365/44/16 3361/46/16 3369/45/16 3372/43/16
f 3363/47/17 3361/48/17 3365/44/17 3367/42/17
f 3366/49/15 3376/49/15 3375/50/15 3368/50/15
f 3362/51/18 3369/54/18 3370/53/18 3364/52/18
f 3364/52/18 3370/53/18 3371/41/18 3368/50/18
f 3368/50/18 3371/41/18 3372/43/18 3366/49/18
f 3366/49/18 3372/43/18 3369/54/18 3362/51/18
f 3375/50/18 3376/49/18 3373/51/18 3374/52/18
f 3364/52/13 3374/52/13 3373/51/13 3362/51/13
f 3362/51/16 3373/51/16 3376/49/16 3366/49/16
f 3368/50/14 3375/50/14 3374/52/14 3364/52/14
f 3377/37/13 3379/40/13 3386/39/13 3385/38/13
f 3379/40/14 3383/42/14 3387/41/14 3386/39/14
f 3383/42/15 3381/44/15 3388/43/15 3387/41/15
f 3381/44/16 3377/46/16 3385/45/16 3388/43/16
f 3379/47/17 3377/48/17 3381/44/17 3383/42/17
f 3382/49/15 3392/49/15 3391/50/15 3384/50/15
f 3378/51/18 3385/54/18 3386/53/18 3380/52/18
f 3380/52/18 3386/53/18 3387/41/18 3384/50/18
f 3384/50/18 3387/41/18 3388/43/18 3382/49/18
f 3382/49/18 3388/43/18 3385/54/18 3378/51/18
f 3391/50/18 3392/49/18 3389/51/18 3390/52/18
f 3380/52/13 3390/52/13 3389/51/13 3378/51/13
f 3378/51/16 3389/51/16 3392/49/16 3382/49/16
f 3384/50/14 3391/50/14 3390/52/14 3380/52/14
f 3393/37/13 3395/40/13 3402/39/13 3401/38/13
f 3395/40/14 3399/42/14 3403/41/14 3402/39/14
f 3399/42/15 3397/44/15 3404/43/15 3403/41/15
f 3397/44/16 3393/46/16 3401/45/16 3404/43/16
f 3395/47/17 3393/48/17 3397/44/17 3399/42/17
f 3398/49/15 3408/49/15 3407/50/15 3400/50/15
f 3394/51/18 3401/54/18 3402/53/18 3396/52/18
f 3396/52/18 3402/53/18 3403/41/18 3400/50/18
f 3400/50/18 3403/41/18 3404/43/18 3398/49/18
f 3398/49/18 3404/43/18 3401/54/18 3394/51/18
f 3407/50/18 3408/49/18 3405/51/18 3406/52/18
f 3396/52/13 3406/52/13 3405/51/13 3394/51/13
f 3394/51/16 3405/51/16 3408/49/16 3398/49/16
f 3400/50/14 3407/50/14 3406/52/14 3396/52/14
f 3409/37/13 3411/40/13 3418/39/13 3417/38/13
f 3411/40/14 3415/42/14 3419/41/14 3418/39/14
f 3415/42/15 3413/44/15 3420/43/15 3419/41/15
f 3413/44/16 3409/46/16 3417/45/16 3420/43/16
f 3411/47/17 3409/48/17 3413/44/17 3415/42/17
f 3414/49/15 3424/49/15 3423/50/15 3416/50/15
f 3410/51/18 3417/54/18 3418/53/18 3412/52/18
f 3412/52/18 3418/53/18 3419/41/18 3416/50/18
f 3416/50/18 3419/41/18 3420/43/18 3414/49/18
f 3414/49/18 3420/43/18 3417/54/18 3410/51/18
f 3423/50/18 3424/49/18 3421/51/18 3422/52/18
f 3412/52/13 3422/52/13 3421/51/13 3410/51/13
f 3410/51/16 3421/51/16 3424/49/16 3414/49/16
f 3416/50/14 3423/50/14 3422/52/14 3412/52/14
f 3425/37/13 3427/40/13 3434/39/13 3433/38/13
f 3427/40/14 3431/42/14 3435/41/14 3434/39/14
f 3431/42/15 3429/44/15 3436/43/15 3435/41/15
f 3429/44/16 3425/46/16 3433/45/16 3436/43/16
f 3427/47/17 3425/48/17 3429/44/17 3431/42/17
f 3430/49/15 3440/49/15 3439/50/15 3432/50/15
f 3426/51/18 3433/54/18 3434/53/18 3428/52/18
f 3428/52/18 3434/53/18 3435/41/18 3432/50/18
f 3432/50/18 3435/41/18 3436/43/18 3430/49/18
f 3430/49/18 3436/43/18 3433/54/18 3426/51/18
f 3439/50/18 3440/49/18 3437/51/18 3438/52/18
f 3428/52/13 3438/52/13 3437/51/13 3426/51/13
f 3426/51/16 3437/51/16 3440/49/16 3430/49/16
f 3432/50/14 3439/50/14 3438/52/14 3428/52/14
f 3441/37/13 3443/40/13 3450/39/13 3449/38/13
f 3443/40/14 3447/42/14 3451/41/14 3450/39/14
f 3447/42/15 3445/44/15 3452/43/15 3451/41/15
f 3445/44/16 3441/46/16 3449/45/16 3452/43/16
f 3443/47/17 3441/48/17 3445/44/17 3447/42/17
f 3446/49/15 3456/49/15 3455/50/15 3448/50/15
f 3442/51/18 3449/54/18 3450/53/18 3444/52/18
f 3444/52/18 3450/53/18 3451/41/18 3448/50/18
f 3448/50/18 3451/41/18 3452/43/18 3446/49/18
f 3446/49/18 3452/43/18 3449/54/18 3442/51/18
f 3455/50/18 3456/49/18 3453/51/18 3454/52/18
f 3444/52/13 3454/52/13 3453/51/13 3442/51/13
f 3442/51/16 3453/51/16 3456/49/16 3446/49/16
f 3448/50/14 3455/50/14 3454/52/14 3444/52/14
f 3457/37/13 3459/40/13 3466/39/13 3465/38/13
f 3459/40/14 3463/42/14 3467/41/14 3466/39/14
f 3463/42/15 3461/44/15 3468/43/15 3467/41/15
f 3461/44/16 3457/46/16 3465/45/16 3468/43/16
f 3459/47/17 3457/48/17 3461/44/17 3463/42/17
f 3462/49/15 3472/49/15 3471/50/15 3464/50/15
f 3458/51/18 3465/54/18 3466/53/18 3460/52/18
f 3460/52/18 3466/53/18 3467/41/18 3464/50/18
f 3464/50/18 3467/41/18 3468/43/18 3462/49/18
f 3462/49/18 3468/43/18 3465/54/18 3458/51/18
f 3471/50/18 3472/49/18 3469/51/18 3470/52/18
f 3460/52/13 3470/52/13 3469/51/13 3458/51/13
f 3458/51/16 3469/51/16 3472/49/16 3462/49/16
f 3464/50/14 3471/50/14 3470/52/14 3460/52/14
f 3473/37/13 3475/40/13 3482/39/13 3481/38/13
f 3475/40/14 3479/42/14 3483/41/14 3482/39/14
f 3479/42/15 3477/44/15 3484/43/15 3483/41/15
f 3477/44/16 3473/46/16 3481/45/16 3484/43/16
f 3475/47/17 3473/48/17 3477/44/17 3479/42/17
f 3478/49/15 3488/49/15 3487/50/15 3480/50/15
f 3474/51/18 3481/54/18 3482/53/18 3476/52/18
f 3476/52/18 3482/53/18 3483/41/18 3480/50/18
f 3480/50/18 3483/41/18 3484/43/18 3478/49/18
f 3478/49/18 3484/43/18 3481/54/18 3474/51/18
f 3487/50/18 3488/49/18 3485/51/18 3486/52/18
f 3476/52/13 3486/52/13 3485/51/13 3474/51/13
f 3474/51/16 3485/51/16 3488/49/16 3478/49/16
f 3480/50/14 3487/50/14 3486/52/14 3476/52/14
f 3489/37/13 3491/40/13 3498/39/13 3497/38/13
f 3491/40/14 3495/42/14 3499/41/14 3498/39/14
f 3495/42/15 3493/44/15 3500/43/15 3499/41/15
f 3493/44/16 3489/46/16 3497/45/16 3500/43/16
f 3491/47/17 3489/48/17 3493/44/17 3495/42/17
f 3494/49/15 3504/49/15 3503/50/15 3496/50/15
f 3490/51/18 3497/54/18 3498/53/18 3492/52/18
f 3492/52/18 3498/53/18 3499/41/18 3496/50/18
f 3496/50/18 3499/41/18 3500/43/18 3494/49/18
f 3494/49/18 3500/43/18 3497/54/18 3490/51/18
f 3503/50/18 3504/49/18 3501/51/18 3502/52/18
f 3492/52/13 3502/52/13 3501/51/13 3490/51/13
f 3490/51/16 3501/51/16 3504/49/16 3494/49/16
f 3496/50/14 3503/50/14 3502/52/14 3492/52/14
f 3505/37/13 3507/40/13 3514/39/13 3513/38/13
f 3507/40/14 3511/42/14 3515/41/14 3514/39/14
f 3511/42/15 3509/44/15 3516/43/15 3515/41/15
f 3509/44/16 3505/46/16 3513/45/16 3516/43/16
f 3507/47/17 3505/48/17 3509/44/17 3511/42/17
f 3510/49/15 3520/49/15 3519/50/15 3512/50/15
f 3506/51/18 3513/54/18 3514/53/18 3508/52/18
f 3508/52/18 3514/53/18 3515/41/18 3512/50/18
f 3512/50/18 3515/41/18 3516/43/18 3510/49/18
f 3510/49/18 3516/43/18 3513/54/18 3506/51/18
f 3519/50/18 3520/49/18 3517/51/18 3518/52/18
f 3508/52/13 3518/52/13 3517/51/13 3506/51/13
f 3506/51/16 3517/51/16 3520/49/16 3510/49/16
f 3512/50/14 3519/50/14 3518/52/14 3508/52/14
f 3521/37/13 3523/40/13 3530/39/13 3529/38/13
f 3523/40/14 3527/42/14 3531/41/14 3530/39/14
f 3527/42/15 3525/44/15 3532/43/15 3531/41/15
f 3525/44/16 3521/46/16 3529/45/16 3532/43/16
f 3523/47/17 3521/48/17 3525/44/17 3527/42/17
f 3526/49/15 3536/49/15 3535/50/15 3528/50/15
f 3522/51/18 3529/54/18 3530/53/18 3524/52/18
f 3524/52/18 3530/53/18 3531/41/18 3528/50/18
f 3528/50/18 3531/41/18 3532/43/18 3526/49/18
f 3526/49/18 3532/43/18 3529/54/18 3522/51/18
f 3535/50/18 3536/49/18 3533/51/18 3534/52/18
f 3524/52/13 3534/52/13 3533/51/13 3522/51/13
f 3522/51/16 3533/51/16 3536/49/16 3526/49/16
f 3528/50/14 3535/50/14 3534/52/14 3524/52/14
f 3537/37/13 3539/40/13 3546/39/13 3545/38/13
f 3539/40/14 3543/42/14 3547/41/14 3546/39/14
f 3543/42/15 3541/44/15 3548/43/15 3547/41/15
f 3541/44/16 3537/46/16 3545/45/16 3548/43/16
f 3539/47/17 3537/48/17 3541/44/17 3543/42/17
f 3542/49/15 3552/49/15 3551/50/15 3544/50/15
f 3538/51/18 3545/54/18 3546/53/18 3540/52/18
f 3540/52/18 3546/53/18 3547/41/18 3544/50/18
f 3544/50/18 3547/41/18 3548/43/18 3542/49/18
f 3542/49/18 3548/43/18 3545/54/18 3538/51/18
f 3551/50/18 3552/49/18 3549/51/18 3550/52/18
f 3540/52/13 3550/52/13 3549/51/13 3538/51/13
f 3538/51/16 3549/51/16 3552/49/16 3542/49/16
f 3544/50/14 3551/50/14 3550/52/14 3540/52/14
f 3553/37/13 3555/40/13 3562/39/13 3561/38/13
f 3555/40/14 3559/42/14 3563/41/14 3562/39/14
f 3559/42/15 3557/44/15 3564/43/15 3563/41/15
f 3557/44/16 3553/46/16 3561/45/16 3564/43/16
f 3555/47/17 3553/48/17 3557/44/17 3559/42/17
f 3558/49/15 3568/49/15 3567/50/15 3560/50/15
f 3554/51/18 3561/54/18 3562/53/18 3556/52/18
f 3556/52/18 3562/53/18 3563/41/18 3560/50/18
f 3560/50/18 3563/41/18 3564/43/18 3558/49/18
f 3558/49/18 3564/43/18 3561/54/18 3554/51/18
f 3567/50/18 3568/49/18 3565/51/18 3566/52/18
f 3556/52/13 3566/52/13 3565/51/13 3554/51/13
f 3554/51/16 3565/51/16 3568/49/16 3558/49/16
f 3560/50/14 3567/50/14 3566/52/14 3556/52/14
f 3569/37/13 3571/40/13 3578/39/13 3577/38/13
f 3571/40/14 3575/42/14 3579/41/14 3578/39/14
f 3575/42/15 3573/44/15 3580/43/15 3579/41/15
f 3573/44/16 3569/46/16 3577/45/16 3580/43/16
f 3571/47/17 3569/48/17 3573/44/17 3575/42/17
f 3574/49/15 3584/49/15 3583/50/15 3576/50/15
f 3570/51/18 3577/54/18 3578/53/18 3572/52/18
f 3572/52/18 3578/53/18 3579/41/18 3576/50/18
f 3576/50/18 3579/41/18 3580/43/18 3574/49/18
f 3574/49/18 3580/43/18 3577/54/18 3570/51/18
f 3583/50/18 3584/49/18 3581/51/18 3582/52/18
f 3572/52/13 3582/52/13 3581/51/13 3570/51/13
f 3570/51/16 3581/51/16 3584/49/16 3574/49/16
f 3576/50/14 3583/50/14 3582/52/14 3572/52/14
f 3585/37/13 3587/40/13 3594/39/13 3593/38/13
f 3587/40/14 3591/42/14 3595/41/14 3594/39/14
f 3591/42/15 3589/44/15 3596/43/15 3595/41/15
f 3589/44/16 3585/46/16 3593/45/16 3596/43/16
f 3587/47/17 3585/48/17 3589/44/17 3591/42/17
f 3590/49/15 3600/49/15 3599/50/15 3592/50/15
f 3586/51/18 3593/54/18 3594/53/18 3588/52/18
f 3588/52/18 3594/53/18 3595/41/18 3592/50/18
f 3592/50/18 3595/41/18 3596/43/18 3590/49/18
f 3590/49/18 3596/43/18 3593/54/18 3586/51/18
f 3599/50/18 3600/49/18 3597/51/18 3598/52/18
f 3588/52/13 3598/52/13 3597/51/13 3586/51/13
f 3586/51/16 3597/51/16 3600/49/16 3590/49/16
f 3592/50/14 3599/50/14 3598/52/14 3588/52/14
f 3601/37/13 3603/40/13 3610/39/13 3609/38/13
f 3603/40/14 3607/42/14 3611/41/14 3610/39/14
f 3607/42/15 3605/44/15 3612/43/15 3611/41/15
f 3605/44/16 3601/46/16 3609/45/16 3612/43/16
f 3603/47/17 3601/48/17 3605/44/17 3607/42/17
f 3606/49/15 3616/49/15 3615/50/15 3608/50/15
f 3602/51/18 3609/54/18 3610/53/18 3604/52/18
f 3604/52/18 3610/53/18 3611/41/18 3608/50/18
f 3608/50/18 3611/41/18 3612/43/18 3606/49/18
f 3606/49/18 3612/43/18 3609/54/18 3602/51/18
f 3615/50/18 3616/49/18 3613/51/18 3614/52/18
f 3604/52/13 3614/52/13 3613/51/13 3602/51/13
f 3602/51/16 3613/51/16 3616/49/16 3606/49/16
f 3608/50/14 3615/50/14 3614/52/14 3604/52/14
f 3617/37/13 3619/40/13 3626/39/13 3625/38/13
f 3619/40/14 3623/42/14 3627/41/14 3626/39/14
f 3623/42/15 3621/44/15 3628/43/15 3627/41/15
f 3621/44/16 3617/46/16 3625/45/16 3628/43/16
f 3619/47/17 3617/48/17 3621/44/17 3623/42/17
f 3622/49/15 3632/49/15 3631/50/15 3624/50/15
f 3618/51/18 3625/54/18 3626/53/18 3620/52/18
f 3620/52/18 3626/53/18 3627/41/18 3624/50/18
f 3624/50/18 3627/41/18 3628/43/18 3622/49/18
f 3622/49/18 3628/43/18 3625/54/18 3618/51/18
f 3631/50/18 3632/49/18 3629/51/18 3630/52/18
f 3620/52/13 3630/52/13 3629/51/13 3618/51/13
f 3618/51/16 3629/51/16 3632/49/16 3622/49/16
f 3624/50/14 3631/50/14 3630/52/14 3620/52/14
f 3633/37/13 3635/40/13 3642/39/13 3641/38/13
f 3635/40/14 3639/42/14 3643/41/14 3642/39/14
f 3639/42/15 3637/44/15 3644/43/15 3643/41/15
f 3637/44/16 3633/46/16 3641/45/16 3644/43/16
f 3635/47/17 3633/48/17 3637/44/17 3639/42/17
f 3638/49/15 3648/49/15 3647/50/15 3640/50/15
f 3634/51/18 3641/54/18 3642/53/18 3636/52/18
f 3636/52/18 3642/53/18 3643/41/18 3640/50/18
f 3640/50/18 3643/41/18 3644/43/18 3638/49/18
f 3638/49/18 3644/43/18 3641/54/18 3634/51/18
f 3647/50/18 3648/49/18 3645/51/18 3646/52/18
f 3636/52/13 3646/52/13 3645/51/13 3634/51/13
f 3634/51/16 3645/51/16 3648/49/16 3638/49/16
f 3640/50/14 3647/50/14 3646/52/14 3636/52/14
f 3649/37/13 3651/40/13 3658/39/13 3657/38/13
f 3651/40/14 3655/42/14 3659/41/14 3658/39/14
f 3655/42/15 3653/44/15 3660/43/15 3659/41/15
f 3653/44/16 3649/46/16 3657/45/16 3660/43/16
f 3651/47/17 3649/48/17 3653/44/17 3655/42/17
f 3654/49/15 3664/49/15 3663/50/15 3656/50/15
f 3650/51/18 3657/54/18 3658/53/18 3652/52/18
f 3652/52/18 3658/53/18 3659/41/18 3656/50/18
f 3656/50/18 3659/41/18 3660/43/18 3654/49/18
f 3654/49/18 3660/43/18 3657/54/18 3650/51/18
f 3663/50/18 3664/49/18 3661/51/18 3662/52/18
f 3652/52/13 3662/52/13 3661/51/13 3650/51/13
f 3650/51/16 3661/51/16 3664/49/16 3654/49/16
f 3656/50/14 3663/50/14 3662/52/14 3652/52/14
f 3665/37/13 3667/40/13 3674/39/13 3673/38/13
f 3667/40/14 3671/42/14 3675/41/14 3674/39/14
f 3671/42/15 3669/44/15 3676/43/15 3675/41/15
f 3669/44/16 3665/46/16 3673/45/16 3676/43/16
f 3667/47/17 3665/48/17 3669/44/17 3671/42/17
f 3670/49/15 3680/49/15 3679/50/15 3672/50/15
f 3666/51/18 3673/54/18 3674/53/18 3668/52/18
f 3668/52/18 3674/53/18 3675/41/18 3672/50/18
f 3672/50/18 3675/41/18 3676/43/18 3670/49/18
f 3670/49/18 3676/43/18 3673/54/18 3666/51/18
f 3679/50/18 3680/49/18 3677/51/18 3678/52/18
f 3668/52/13 3678/52/13 3677/51/13 3666/51/13
f 3666/51/16 3677/51/16 3680/49/16 3670/49/16
f 3672/50/14 3679/50/14 3678/52/14 3668/52/14
f 3681/37/13 3683/40/13 3690/39/13 3689/38/13
f 3683/40/14 3687/42/14 3691/41/14 3690/39/14
f 3687/42/15 3685/44/15 3692/43/15 3691/41/15
f 3685/44/16 3681/46/16 3689/45/16 3692/43/16
f 3683/47/17 3681/48/17 3685/44/17 3687/42/17
f 3686/49/15 3696/49/15 3695/50/15 3688/50/15
f 3682/51/18 3689/54/18 3690/53/18 3684/52/18
f 3684/52/18 3690/53/18 3691/41/18 3688/50/18
f 3688/50/18 3691/41/18 3692/43/18 3686/49/18
f 3686/49/18 3692/43/18 3689/54/18 3682/51/18
f 3695/50/18 3696/49/18 3693/51/18 3694/52/18
f 3684/52/13 3694/52/13 3693/51/13 3682/51/13
f 3682/51/16 3693/51/16 3696/49/16 3686/49/16
f 3688/50/14 3695/50/14 3694/52/14 3684/52/14
f 3697/37/13 3699/40/13 3706/39/13 3705/38/13
f 3699/40/14 3703/42/14 3707/41/14 3706/39/14
f 3703/42/15 3701/44/15 3708/43/15 3707/41/15
f 3701/44/16 3697/46/16 3705/45/16 3708/43/16
f 3699/47/17 3697/48/17 3701/44/17 3703/42/17
f 3702/49/15 3712/49/15 3711/50/15 3704/50/15
f 3698/51/18 3705/54/18 3706/53/18 3700/52/18
f 3700/52/18 3706/53/18 3707/41/18 3704/50/18
f 3704/50/18 3707/41/18 3708/43/18 3702/49/18
f 3702/49/18 3708/43/18 3705/54/18 3698/51/18
f 3711/50/18 3712/49/18 3709/51/18 3710/52/18
f 3700/52/13 3710/52/13 3709/51/13 3698/51/13
f 3698/51/16 3709/51/16 3712/49/16 3702/49/16
f 3704/50/14 3711/50/14 3710/52/14 3700/52/14
f 3713/37/13 3715/40/13 3722/39/13 3721/38/13
f 3715/40/14 3719/42/14 3723/41/14 3722/39/14
f 3719/42/15 3717/44/15 3724/43/15 3723/41/15
f 3717/44/16 3713/46/16 3721/45/16 3724/43/16
f 3715/47/17 3713/48/17 3717/44/17 3719/42/17
f 3718/49/15 3728/49/15 3727/50/15 3720/50/15
f 3714/51/18 3721/54/18 3722/53/18 3716/52/18
f 3716/52/18 3722/53/18 3723/41/18 3720/50/18
f 3720/50/18 3723/41/18 3724/43/18 3718/49/18
f 3718/49/18 3724/43/18 3721/54/18 3714/51/18
f 3727/50/18 3728/49/18 3725/51/18 3726/52/18
f 3716/52/13 3726/52/13 3725/51/13 3714/51/13
f 3714/51/16 3725/51/16 3728/49/16 3718/49/16
f 3720/50/14 3727/50/14 3726/52/14 3716/52/14
f 3729/37/13 3731/40/13 3738/39/13 3737/38/13
f 3731/40/14 3735/42/14 3739/41/14 3738/39/14
f 3735/42/15 3733/44/15 3740/43/15 3739/41/15
f 3733/44/16 3729/46/16 3737/45/16 3740/43/16
f 3731/47/17 3729/48/17 3733/44/17 3735/42/17
f 3734/49/15 3744/49/15 3743/50/15 3736/50/15
f 3730/51/18 3737/54/18 3738/53/18 3732/52/18
f 3732/52/18 3738/53/18 3739/41/18 3736/50/18
f 3736/50/18 3739/41/18 3740/43/18 3734/49/18
f 3734/49/18 3740/43/18 3737/54/18 3730/51/18
f 3743/50/18 3744/49/18 3741/51/18 3742/52/18
f 3732/52/13 3742/52/13 3741/51/13 3730/51/13
f 3730/51/16 3741/51/16 3744/49/16 3734/49/16
f 3736/50/14 3743/50/14 3742/52/14 3732/52/14
f 3745/37/13 3747/40/13 3754/39/13 3753/38/13
f 3747/40/14 3751/42/14 3755/41/14 3754/39/14
f 3751/42/15 3749/44/15 3756/43/15 3755/41/15
f 3749/44/16 3745/46/16 3753/45/16 3756/43/16
f 3747/47/17 3745/48/17 3749/44/17 3751/42/17
f 3750/49/15 3760/49/15 3759/50/15 3752/50/15
f 3746/51/18 3753/54/18 3754/53/18 3748/52/18
f 3748/52/18 3754/53/18 3755/41/18 3752/50/18
f 3752/50/18 3755/41/18 3756/43/18 3750/49/18
f 3750/49/18 3756/43/18 3753/54/18 3746/51/18
f 3759/50/18 3760/49/18 3757/51/18 3758/52/18
f 3748/52/13 3758/52/13 3757/51/13 3746/51/13
f 3746/51/16 3757/51/16 3760/49/16 3750/49/16
f 3752/50/14 3759/50/14 3758/52/14 3748/52/14
f 3761/37/13 3763/40/13 3770/39/13 3769/38/13
f 3763/40/14 3767/42/14 3771/41/14 3770/39/14
f 3767/42/15 3765/44/15 3772/43/15 3771/41/15
f 3765/44/16 3761/46/16 3769/45/16 3772/43/16
f 3763/47/17 3761/48/17 3765/44/17 3767/42/17
f 3766/49/15 3776/49/15 3775/50/15 3768/50/15
f 3762/51/18 3769/54/18 3770/53/18 3764/52/18
f 3764/52/18 3770/53/18 3771/41/18 3768/50/18
f 3768/50/18 3771/41/18 3772/43/18 3766/49/18
f 3766/49/18 3772/43/18 3769/54/18 3762/51/18
f 3775/50/18 3776/49/18 3773/51/18 3774/52/18
f 3764/52/13 3774/52/13 3773/51/13 3762/51/13
f 3762/51/16 3773/51/16 3776/49/16 3766/49/16
f 3768/50/14 3775/50/14 3774/52/14 3764/52/14
f 3777/37/13 3779/40/13 3786/39/13 3785/38/13
f 3779/40/14 3783/42/14 3787/41/14 3786/39/14
f 3783/42/15 3781/44/15 3788/43/15 3787/41/15
f 3781/44/16 3777/46/16 3785/45/16 3788/43/16
f 3779/47/17 3777/48/17 3781/44/17 3783/42/17
f 3782/49/15 3792/49/15 3791/50/15 3784/50/15
f 3778/51/18 3785/54/18 3786/53/18 3780/52/18
f 3780/52/18 3786/53/18 3787/41/18 3784/50/18
f 3784/50/18 3787/41/18 3788/43/18 3782/49/18
f 3782/49/18 3788/43/18 3785/54/18 3778/51/18
f 3791/50/18 3792/49/18 3789/51/18 3790/52/18
f 3780/52/13 3790/52/13 3789/51/13 3778/51/13
f 3778/51/16 3789/51/16 3792/49/16 3782/49/16
f 3784/50/14 3791/50/14 3790/52/14 3780/52/14
f 3793/37/13 3795/40/13 3802/39/13 3801/38/13
f 3795/40/14 3799/42/14 3803/41/14 3802/39/14
f 3799/42/15 3797/44/15 3804/43/15 3803/41/15
f 3797/44/16 3793/46/16 3801/45/16 3804/43/16
f 3795/47/17 3793/48/17 3797/44/17 3799/42/17
f 3798/49/15 3808/49/15 3807/50/15 3800/50/15
f 3794/51/18 3801/54/18 3802/53/18 3796/52/18
f 3796/52/18 3802/53/18 3803/41/18 3800/50/18
f 3800/50/18 3803/41/18 3804/43/18 3798/49/18
f 3798/49/18 3804/43/18 3801/54/18 3794/51/18
f 3807/50/18 3808/49/18 3805/51/18 3806/52/18
f 3796/52/13 3806/52/13 3805/51/13 3794/51/13
f 3794/51/16 3805/51/16 3808/49/16 3798/49/16
f 3800/50/14 3807/50/14 3806/52/14 3796/52/14
f 3809/37/13 3811/40/13 3818/39/13 3817/38/13
f 3811/40/14 3815/42/14 3819/41/14 3818/39/14
f 3815/42/15 3813/44/15 3820/43/15 3819/41/15
f 3813/44/16 3809/46/16 3817/45/16 3820/43/16
f 3811/47/17 3809/48/17 3813/44/17 3815/42/17
f 3814/49/15 3824/49/15 3823/50/15 3816/50/15
f 3810/51/18 3817/54/18 3818/53/18 3812/52/18
f 3812/52/18 3818/53/18 3819/41/18 3816/50/18
f 3816/50/18 3819/41/18 3820/43/18 3814/49/18
f 3814/49/18 3820/43/18 3817/54/18 3810/51/18
f 3823/50/18 3824/49/18 3821/51/18 3822/52/18
f 3812/52/13 3822/52/13 3821/51/13 3810/51/13
f 3810/51/16 3821/51/16 3824/49/16 3814/49/16
f 3816/50/14 3823/50/14 3822/52/14 3812/52/14
f 3825/37/13 3827/40/13 3834/39/13 3833/38/13
f 3827/40/14 3831/42/14 3835/41/14 3834/39/14
f 3831/42/15 3829/44/15 3836/43/15 3835/41/15
f 3829/44/16 3825/46/16 3833/45/16 3836/43/16
f 3827/47/17 3825/48/17 3829/44/17 3831/42/17
f 3830/49/15 3840/49/15 3839/50/15 3832/50/15
f 3826/51/18 3833/54/18 3834/53/18 3828/52/18
f 3828/52/18 3834/53/18 3835/41/18 3832/50/18
f 3832/50/18 3835/41/18 3836/43/18 3830/49/18
f 3830/49/18 3836/43/18 3833/54/18 3826/51/18
f 3839/50/18 3840/49/18 3837/51/18 3838/52/18
f 3828/52/13 3838/52/13 3837/51/13 3826/51/13
f 3826/51/16 3837/51/16 3840/49/16 3830/49/16
f 3832/50/14 3839/50/14 3838/52/14 3828/52/14
f 3841/37/13 3843/40/13 3850/39/13 3849/38/13
f 3843/40/14 3847/42/14 3851/41/14 3850/39/14
f 3847/42/15 3845/44/15 3852/43/15 3851/41/15
f 3845/44/16 3841/46/16 3849/45/16 3852/43/16
f 3843/47/17 3841/48/17 3845/44/17 3847/42/17
f 3846/49/15 3856/49/15 3855/50/15 3848/50/15
f 3842/51/18 3849/54/18 3850/53/18 3844/52/18
f 3844/52/18 3850/53/18 3851/41/18 3848/50/18
f 3848/50/18 3851/41/18 3852/43/18 3846/49/18
f 3846/49/18 3852/43/18 3849/54/18 3842/51/18
f 3855/50/18 3856/49/18 3853/51/18 3854/52/18
f 3844/52/13 3854/52/13 3853/51/13 3842/51/13
f 3842/51/16 3853/51/16 3856/49/16 3846/49/16
f 3848/50/14 3855/50/14 3854/52/14 3844/52/14
f 3857/37/13 3859/40/13 3866/39/13 3865/38/13
f 3859/40/14 3863/42/14 3867/41/14 3866/39/14
f 3863/42/15 3861/44/15 3868/43/15 3867/41/15
f 3861/44/16 3857/46/16 3865/45/16 3868/43/16
f 3859/47/17 3857/48/17 3861/44/17 3863/42/17
f 3862/49/15 3872/49/15 3871/50/15 3864/50/15
f 3858/51/18 3865/54/18 3866/53/18 3860/52/18
f 3860/52/18 3866/53/18 3867/41/18 3864/50/18
f 3864/50/18 3867/41/18 3868/43/18 3862/49/18
f 3862/49/18 3868/43/18 3865/54/18 3858/51/18
f 3871/50/18 3872/49/18 3869/51/18 3870/52/18
f 3860/52/13 3870/52/13 3869/51/13 3858/51/13
f 3858/51/16 3869/51/16 3872/49/16 3862/49/16
f 3864/50/14 3871/50/14 3870/52/14 3860/52/14
f 3873/37/13 3875/40/13 3882/39/13 3881/38/13
f 3875/40/14 3879/42/14 3883/41/14 3882/39/14
f 3879/42/15 3877/44/15 3884/43/15 3883/41/15
f 3877/44/16 3873/46/16 3881/45/16 3884/43/16
f 3875/47/17 3873/48/17 3877/44/17 3879/42/17
f 3878/49/15 3888/49/15 3887/50/15 3880/50/15
f 3874/51/18 3881/54/18 3882/53/18 3876/52/18
f 3876/52/18 3882/53/18 3883/41/18 3880/50/18
f 3880/50/18 3883/41/18 3884/43/18 3878/49/18
f 3878/49/18 3884/43/18 3881/54/18 3874/51/18
f 3887/50/18 3888/49/18 3885/51/18 3886/52/18
f 3876/52/13 3886/52/13 3885/51/13 3874/51/13
f 3874/51/16 3885/51/16 3888/49/16 3878/49/16
f 3880/50/14 3887/50/14 3886/52/14 3876/52/14
f 3889/37/13 3891/40/13 3898/39/13 3897/38/13
f 3891/40/14 3895/42/14 3899/41/14 3898/39/14
f 3895/42/15 3893/44/15 3900/43/15 3899/41/15
f 3893/44/16 3889/46/16 3897/45/16 3900/43/16
f 3891/47/17 3889/48/17 3893/44/17 3895/42/17
f 3894/49/15 3904/49/15 3903/50/15 3896/50/15
f 3890/51/18 3897/54/18 3898/53/18 3892/52/18
f 3892/52/18 3898/53/18 3899/41/18 3896/50/18
f 3896/50/18 3899/41/18 3900/43/18 3894/49/18
f 3894/49/18 3900/43/18 3897/54/18 3890/51/18
f 3903/50/18 3904/49/18 3901/51/18 3902/52/18
f 3892/52/13 3902/52/13 3901/51/13 3890/51/13
f 3890/51/16 3901/51/16 3904/49/16 3894/49/16
f 3896/50/14 3903/50/14 3902/52/14 3892/52/14
f 3905/37/13 3907/40/13 3914/39/13 3913/38/13
f 3907/40/14 3911/42/14 3915/41/14 3914/39/14
f 3911/42/15 3909/44/15 3916/43/15 3915/41/15
f 3909/44/16 3905/46/16 3913/45/16 3916/43/16
f 3907/47/17 3905/48/17 3909/44/17 3911/42/17
f 3910/49/15 3920/49/15 3919/50/15 3912/50/15
f 3906/51/18 3913/54/18 3914/53/18 3908/52/18
f 3908/52/18 3914/53/18 3915/41/18 3912/50/18
f 3912/50/18 3915/41/18 3916/43/18 3910/49/18
f 3910/49/18 3916/43/18 3913/54/18 3906/51/18
f 3919/50/18 3920/49/18 3917/51/18 3918/52/18
f 3908/52/13 3918/52/13 3917/51/13 3906/51/13
f 3906/51/16 3917/51/16 3920/49/16 3910/49/16
f 3912/50/14 3919/50/14 3918/52/14 3908/52/14
f 3921/37/13 3923/40/13 3930/39/13 3929/38/13
f 3923/40/14 3927/42/14 3931/41/14 3930/39/14
f 3927/42/15 3925/44/15 3932/43/15 3931/41/15
f 3925/44/16 3921/46/16 3929/45/16 3932/43/16
f 3923/47/17 3921/48/17 3925/44/17 3927/42/17
f 3926/49/15 3936/49/15 3935/50/15 3928/50/15
f 3922/51/18 3929/54/18 3930/53/18 3924/52/18
f 3924/52/18 3930/53/18 3931/41/18 3928/50/18
f 3928/50/18 3931/41/18 3932/43/18 3926/49/18
f 3926/49/18 3932/43/18 3929/54/18 3922/51/18
f 3935/50/18 3936/49/18 3933/51/18 3934/52/18
f 3924/52/13 3934/52/13 3933/51/13 3922/51/13
f 3922/51/16 3933/51/16 3936/49/16 3926/49/16
f 3928/50/14 3935/50/14 3934/52/14 3924/52/14
f 3937/37/13 3939/40/13 3946/39/13 3945/38/13
f 3939/40/14 3943/42/14 3947/41/14 3946/39/14
f 3943/42/15 3941/44/15 3948/43/15 3947/41/15
f 3941/44/16 3937/46/16 3945/45/16 3948/43/16
f 3939/47/17 3937/48/17 3941/44/17 3943/42/17
f 3942/49/15 3952/49/15 3951/50/15 3944/50/15
f 3938/51/18 3945/54/18 3946/53/18 3940/52/18
f 3940/52/18 3946/53/18 3947/41/18 3944/50/18
f 3944/50/18 3947/41/18 3948/43/18 3942/49/18
f 3942/49/18 3948/43/18 3945/54/18 3938/51/18
f 3951/50/18 3952/49/18 3949/51/18 3950/52/18
f 3940/52/13 3950/52/13 3949/51/13 3938/51/13
f 3938/51/16 3949/51/16 3952/49/16 3942/49/16
f 3944/50/14 3951/50/14 3950/52/14 3940/52/14
f 3953/37/13 3955/40/13 3962/39/13 3961/38/13
f 3955/40/14 3959/42/14 3963/41/14 3962/39/14
f 3959/42/15 3957/44/15 3964/43/15 3963/41/15
f 3957/44/16 3953/46/16 3961/45/16 3964/43/16
f 3955/47/17 3953/48/17 3957/44/17 3959/42/17
f 3958/49/15 3968/49/15 3967/50/15 3960/50/15
f 3954/51/18 3961/54/18 3962/53/18 3956/52/18
f 3956/52/18 3962/53/18 3963/41/18 3960/50/18
f 3960/50/18 3963/41/18 3964/43/18 3958/49/18
f 3958/49/18 3964/43/18 3961/54/18 3954/51/18
f 3967/50/18 3968/49/18 3965/51/18 3966/52/18
f 3956/52/13 3966/52/13 3965/51/13 3954/51/13
f 3954/51/16 3965/51/16 3968/49/16 3958/49/16
f 3960/50/14 3967/50/14 3966/52/14 3956/52/14
f 3969/37/13 3971/40/13 3978/39/13 3977/38/13
f 3971/40/14 3975/42/14 3979/41/14 3978/39/14
f 3975/42/15 3973/44/15 3980/43/15 3979/41/15
f 3973/44/16 3969/46/16 3977/45/16 3980/43/16
f 3971/47/17 3969/48/17 3973/44/17 3975/42/17
f 3974/49/15 3984/49/15 3983/50/15 3976/50/15
f 3970/51/18 3977/54/18 3978/53/18 3972/52/18
f 3972/52/18 3978/53/18 3979/41/18 3976/50/18
f 3976/50/18 3979/41/18 3980/43/18 3974/49/18
f 3974/49/18 3980/43/18 3977/54/18 3970/51/18
f 3983/50/18 3984/49/18 3981/51/18 3982/52/18
f 3972/52/13 3982/52/13 3981/51/13 3970/51/13
f 3970/51/16 3981/51/16 3984/49/16 3974/49/16
f 3976/50/14 3983/50/14 3982/52/14 3972/52/14
f 3985/37/13 3987/40/13 3994/39/13 3993/38/13
f 3987/40/14 3991/42/14 3995/41/14 3994/39/14
f 3991/42/15 3989/44/15 3996/43/15 3995/41/15
f 3989/44/16 3985/46/16 3993/45/16 3996/43/16
f 3987/47/17 3985/48/17 3989/44/17 3991/42/17
f 3990/49/15 4000/49/15 3999/50/15 3992/50/15
f 3986/51/18 3993/54/18 3994/53/18 3988/52/18
f 3988/52/18 3994/53/18 3995/41/18 3992/50/18
f 3992/50/18 3995/41/18 3996/43/18 3990/49/18
f 3990/49/18 3996/43/18 3993/54/18 3986/51/18
f 3999/50/18 4000/49/18 3997/51/18 3998/52/18
f 3988/52/13 3998/52/13 3997/51/13 3986/51/13
f 3986/51/16 3997/51/16 4000/49/16 3990/49/16
f 3992/50/14 3999/50/14 3998/52/14 3988/52/14
f 4001/37/13 4003/40/13 4010/39/13 4009/38/13
f 4003/40/14 4007/42/14 4011/41/14 4010/39/14
f 4007/42/15 4005/44/15 4012/43/15 4011/41/15
f 4005/44/16 4001/46/16 4009/45/16 4012/43/16
f 4003/47/17 4001/48/17 4005/44/17 4007/42/17
f 4006/49/15 4016/49/15 4015/50/15 4008/50/15
f 4002/51/18 4009/54/18 4010/53/18 4004/52/18
f 4004/52/18 4010/53/18 4011/41/18 4008/50/18
f 4008/50/18 4011/41/18 4012/43/18 4006/49/18
f 4006/49/18 4012/43/18 4009/54/18 4002/51/18
f 4015/50/18 4016/49/18 4013/51/18 4014/52/18
f 4004/52/13 4014/52/13 4013/51/13 4002/51/13
f 4002/51/16 4013/51/16 4016/49/16 4006/49/16
f 4008/50/14 4015/50/14 4014/52/14 4004/52/14
f 4017/37/13 4019/40/13 4026/39/13 4025/38/13
f 4019/40/14 4023/42/14 4027/41/14 4026/39/14
f 4023/42/15 4021/44/15 4028/43/15 4027/41/15
f 4021/44/16 4017/46/16 4025/45/16 4028/43/16
f 4019/47/17 4017/48/17 4021/44/17 4023/42/17
f 4022/49/15 4032/49/15 4031/50/15 4024/50/15
f 4018/51/18 4025/54/18 4026/53/18 4020/52/18
f 4020/52/18 4026/53/18 4027/41/18 4024/50/18
f 4024/50/18 4027/41/18 4028/43/18 4022/49/18
f 4022/49/18 4028/43/18 4025/54/18 4018/51/18
f 4031/50/18 4032/49/18 4029/51/18 4030/52/18
f 4020/52/13 4030/52/13 4029/51/13 4018/51/13
f 4018/51/16 4029/51/16 4032/49/16 4022/49/16
f 4024/50/14 4031/50/14 4030/52/14 4020/52/14
f 4033/37/13 4035/40/13 4042/39/13 4041/38/13
f 4035/40/14 4039/42/14 4043/41/14 4042/39/14
f 4039/42/15 4037/44/15 4044/43/15 4043/41/15
f 4037/44/16 4033/46/16 4041/45/16 4044/43/16
f 4035/47/17 4033/48/17 4037/44/17 4039/42/17
f 4038/49/15 4048/49/15 4047/50/15 4040/50/15
f 4034/51/18 4041/54/18 4042/53/18 4036/52/18
f 4036/52/18 4042/53/18 4043/41/18 4040/50/18
f 4040/50/18 4043/41/18 4044/43/18 4038/49/18
f 4038/49/18 4044/43/18 4041/54/18 4034/51/18
f 4047/50/18 4048/49/18 4045/51/18 4046/52/18
f 4036/52/13 4046/52/13 4045/51/13 4034/51/13
f 4034/51/16 4045/51/16 4048/49/16 4038/49/16
f 4040/50/14 4047/50/14 4046/52/14 4036/52/14
f 4049/37/13 4051/40/13 4058/39/13 4057/38/13
f 4051/40/14 4055/42/14 4059/41/14 4058/39/14
f 4055/42/15 4053/44/15 4060/43/15 4059/41/15
f 4053/44/16 4049/46/16 4057/45/16 4060/43/16
f 4051/47/17 4049/48/17 4053/44/17 4055/42/17
f 4054/49/15 4064/49/15 4063/50/15 4056/50/15
f 4050/51/18 4057/54/18 4058/53/18 4052/52/18
f 4052/52/18 4058/53/18 4059/41/18 4056/50/18
f 4056/50/18 4059/41/18 4060/43/18 4054/49/18
f 4054/49/18 4060/43/18 4057/54/18 4050/51/18
f 4063/50/18 4064/49/18 4061/51/18 4062/52/18
f 4052/52/13 4062/52/13 4061/51/13 4050/51/13
f 4050/51/16 4061/51/16 4064/49/16 4054/49/16
f 4056/50/14 4063/50/14 4062/52/14 4052/52/14
f 4065/37/13 4067/40/13 4074/39/13 4073/38/13
f 4067/40/14 4071/42/14 4075/41/14 4074/39/14
f 4071/42/15 4069/44/15 4076/43/15 4075/41/15
f 4069/44/16 4065/46/16 4073/45/16 4076/43/16
f 4067/47/17 4065/48/17 4069/44/17 4071/42/17
f 4070/49/15 4080/49/15 4079/50/15 4072/50/15
f 4066/51/18 4073/54/18 4074/53/18 4068/52/18
f 4068/52/18 4074/53/18 4075/41/18 4072/50/18
f 4072/50/18 4075/41/18 4076/43/18 4070/49/18
f 4070/49/18 4076/43/18 4073/54/18 4066/51/18
f 4079/50/18 4080/49/18 4077/51/18 4078/52/18
f 4068/52/13 4078/52/13 4077/51/13 4066/51/13
f 4066/51/16 4077/51/16 4080/49/16 4070/49/16
f 4072/50/14 4079/50/14 4078/52/14 4068/52/14
f 4081/37/13 4083/40/13 4090/39/13 4089/38/13
f 4083/40/14 4087/42/14 4091/41/14 4090/39/14
f 4087/42/15 4085/44/15 4092/43/15 4091/41/15
f 4085/44/16 4081/46/16 4089/45/16 4092/43/16
f 4083/47/17 4081/48/17 4085/44/17 4087/42/17
f 4086/49/15 4096/49/15 4095/50/15 4088/50/15
f 4082/51/18 4089/54/18 4090/53/18 4084/52/18
f 4084/52/18 4090/53/18 4091/41/18 4088/50/18
f 4088/50/18 4091/41/18 4092/43/18 4086/49/18
f 4086/49/18 4092/43/18 4089/54/18 4082/51/18
f 4095/50/18 4096/49/18 4093/51/18 4094/52/18
f 4084/52/13 4094/52/13 4093/51/13 4082/51/13
f 4082/51/16 4093/51/16 4096/49/16 4086/49/16
f 4088/50/14 4095/50/14 4094/52/14 4084/52/14
f 4097/37/13 4099/40/13 4106/39/13 4105/38/13
f 4099/40/14 4103/42/14 4107/41/14 4106/39/14
f 4103/42/15 4101/44/15 4108/43/15 4107/41/15
f 4101/44/16 4097/46/16 4105/45/16 4108/43/16
f 4099/47/17 4097/48/17 4101/44/17 4103/42/17
f 4102/49/15 4112/49/15 4111/50/15 4104/50/15
f 4098/51/18 4105/54/18 4106/53/18 4100/52/18
f 4100/52/18 4106/53/18 4107/41/18 4104/50/18
f 4104/50/18 4107/41/18 4108/43/18 4102/49/18
f 4102/49/18 4108/43/18 4105/54/18 4098/51/18
f 4111/50/18 4112/49/18 4109/51/18 4110/52/18
f 4100/52/13 4110/52/13 4109/51/13 4098/51/13
f 4098/51/16 4109/51/16 4112/49/16 4102/49/16
f 4104/50/14 4111/50/14 4110/52/14 4100/52/14
f 4113/37/13 4115/40/13 4122/39/13 4121/38/13
f 4115/40/14 4119/42/14 4123/41/14 4122/39/14
f 4119/42/15 4117/44/15 4124/43/15 4123/41/15
f 4117/44/16 4113/46/16 4121/45/16 4124/43/16
f 4115/47/17 4113/48/17 4117/44/17 4119/42/17
f 4118/49/15 4128/49/15 4127/50/15 4120/50/15
f 4114/51/18 4121/54/18 4122/53/18 4116/52/18
f 4116/52/18 4122/53/18 4123/41/18 4120/50/18
f 4120/50/18 4123/41/18 4124/43/18 4118/49/18
f 4118/49/18 4124/43/18 4121/54/18 4114/51/18
f 4127/50/18 4128/49/18 4125/51/18 4126/52/18
f 4116/52/13 4126/52/13 4125/51/13 4114/51/13
f 4114/51/16 4125/51/16 4128/49/16 4118/49/16
f 4120/50/14 4127/50/14 4126/52/14 4116/52/14
f 4129/37/13 4131/40/13 4138/39/13 4137/38/13
f 4131/40/14 4135/42/14 4139/41/14 4138/39/14
f 4135/42/15 4133/44/15 4140/43/15 4139/41/15
f 4133/44/16 4129/46/16 4137/45/16 4140/43/16
f 4131/47/17 4129/48/17 4133/44/17 4135/42/17
f 4134/49/15 4144/49/15 4143/50/15 4136/50/15
f 4130/51/18 4137/54/18 4138/53/18 4132/52/18
f 4132/52/18 4138/53/18 4139/41/18 4136/50/18
f 4136/50/18 4139/41/18 4140/43/18 4134/49/18
f 4134/49/18 4140/43/18 4137/54/18 4130/51/18
f 4143/50/18 4144/49/18 4141/51/18 4142/52/18
f 4132/52/13 4142/52/13 4141/51/13 4130/51/13
f 4130/51/16 4141/51/16 4144/49/16 4134/49/16
f 4136/50/14 4143/50/14 4142/52/14 4132/52/14
f 4145/37/13 4147/40/13 4154/39/13 4153/38/13
f 4147/40/14 4151/42/14 4155/41/14 4154/39/14
f 4151/42/15 4149/44/15 4156/43/15 4155/41/15
f 4149/44/16 4145/46/16 4153/45/16 4156/43/16
f 4147/47/17 4145/48/17 4149/44/17 4151/42/17
f 4150/49/15 4160/49/15 4159/50/15 4152/50/15
f 4146/51/18 4153/54/18 4154/53/18 4148/52/18
f 4148/52/18 4154/53/18 4155/41/18 4152/50/18
f 4152/50/18 4155/41/18 4156/43/18 4150/49/18
f 4150/49/18 4156/43/18 4153/54/18 4146/51/18
f 4159/50/18 4160/49/18 4157/51/18 4158/52/18
f 4148/52/13 4158/52/13 4157/51/13 4146/51/13
f 4146/51/16 4157/51/16 4160/49/16 4150/49/16
f 4152/50/14 4159/50/14 4158/52/14 4148/52/14
f 4161/37/13 4163/40/13 4170/39/13 4169/38/13
f 4163/40/14 4167/42/14 4171/41/14 4170/39/14
f 4167/42/15 4165/44/15 4172/43/15 4171/41/15
f 4165/44/16 4161/46/16 4169/45/16 4172/43/16
f 4163/47/17 4161/48/17 4165/44/17 4167/42/17
f 4166/49/15 4176/49/15 4175/50/15 4168/50/15
f 4162/51/18 4169/54/18 4170/53/18 4164/52/18
f 4164/52/18 4170/53/18 4171/41/18 4168/50/18
f 4168/50/18 4171/41/18 4172/43/18 4166/49/18
f 4166/49/18 4172/43/18 4169/54/18 4162/51/18
f 4175/50/18 4176/49/18 4173/51/18 4174/52/18
f 4164/52/13 4174/52/13 4173/51/13 4162/51/13
f 4162/51/16 4173/51/16 4176/49/16 4166/49/16
f 4168/50/14 4175/50/14 4174/52/14 4164/52/14
f 4177/37/13 4179/40/13 4186/39/13 4185/38/13
f 4179/40/14 4183/42/14 4187/41/14 4186/39/14
f 4183/42/15 4181/44/15 4188/43/15 4187/41/15
f 4181/44/16 4177/46/16 4185/45/16 4188/43/16
f 4179/47/17 4177/48/17 4181/44/17 4183/42/17
f 4182/49/15 4192/49/15 4191/50/15 4184/50/15
f 4178/51/18 4185/54/18 4186/53/18 4180/52/18
f 4180/52/18 4186/53/18 4187/41/18 4184/50/18
f 4184/50/18 4187/41/18 4188/43/18 4182/49/18
f 4182/49/18 4188/43/18 4185/54/18 4178/51/18
f 4191/50/18 4192/49/18 4189/51/18 4190/52/18
f 4180/52/13 4190/52/13 4189/51/13 4178/51/13
f 4178/51/16 4189/51/16 4192/49/16 4182/49/16
f 4184/50/14 4191/50/14 4190/52/14 4180/52/14
f 4193/37/13 4195/40/13 4202/39/13 4201/38/13
f 4195/40/14 4199/42/14 4203/41/14 4202/39/14
f 4199/42/15 4197/44/15 4204/43/15 4203/41/15
f 4197/44/16 4193/46/16 4201/45/16 4204/43/16
f 4195/47/17 4193/48/17 4197/44/17 4199/42/17
f 4198/49/15 4208/49/15 4207/50/15 4200/50/15
f 4194/51/18 4201/54/18 4202/53/18 4196/52/18
f 4196/52/18 4202/53/18 4203/41/18 4200/50/18
f 4200/50/18 4203/41/18 4204/43/18 4198/49/18
f 4198/49/18 4204/43/18 4201/54/18 4194/51/18
f 4207/50/18 4208/49/18 4205/51/18 4206/52/18
f 4196/52/13 4206/52/13 4205/51/13 4194/51/13
f 4194/51/16 4205/51/16 4208/49/16 4198/49/16
f 4200/50/14 4207/50/14 4206/52/14 4196/52/14
f 4209/37/13 4211/40/13 4218/39/13 4217/38/13
f 4211/40/14 4215/42/14 4219/41/14 4218/39/14
f 4215/42/15 4213/44/15 4220/43/15 4219/41/15
f 4213/44/16 4209/46/16 4217/45/16 4220/43/16
f 4211/47/17 4209/48/17 4213/44/17 4215/42/17
f 4214/49/15 4224/49/15 4223/50/15 4216/50/15
f 4210/51/18 4217/54/18 4218/53/18 4212/52/18
f 4212/52/18 4218/53/18 4219/41/18 4216/50/18
f 4216/50/18 4219/41/18 4220/43/18 4214/49/18
f 4214/49/18 4220/43/18 4217/54/18 4210/51/18
f 4223/50/18 4224/49/18 4221/51/18 4222/52/18
f 4212/52/13 4222/52/13 4221/51/13 4210/51/13
f 4210/51/16 4221/51/16 4224/49/16 4214/49/16
f 4216/50/14 4223/50/14 4222/52/14 4212/52/14
f 4225/37/13 4227/40/13 4234/39/13 4233/38/13
f 4227/40/14 4231/42/14 4235/41/14 4234/39/14
f 4231/42/15 4229/44/15 4236/43/15 4235/41/15
f 4229/44/16 4225/46/16 4233/45/16 4236/43/16
f 4227/47/17 4225/48/17 4229/44/17 4231/42/17
f 4230/49/15 4240/49/15 4239/50/15 4232/50/15
f 4226/51/18 4233/54/18 4234/53/18 4228/52/18
f 4228/52/18 4234/53/18 4235/41/18 4232/50/18
f 4232/50/18 4235/41/18 4236/43/18 4230/49/18
f 4230/49/18 4236/43/18 4233/54/18 4226/51/18
f 4239/50/18 4240/49/18 4237/51/18 4238/52/18
f 4228/52/13 4238/52/13 4237/51/13 4226/51/13
f 4226/51/16 4237/51/16 4240/49/16 4230/49/16
f 4232/50/14 4239/50/14 4238/52/14 4228/52/14
f 4241/37/13 4243/40/13 4250/39/13 4249/38/13
f 4243/40/14 4247/42/14 4251/41/14 4250/39/14
f 4247/42/15 4245/44/15 4252/43/15 4251/41/15
f 4245/44/16 4241/46/16 4249/45/16 4252/43/16
f 4243/47/17 4241/48/17 4245/44/17 4247/42/17
f 4246/49/15 4256/49/15 4255/50/15 4248/50/15
f 4242/51/18 4249/54/18 4250/53/18 4244/52/18
f 4244/52/18 4250/53/18 4251/41/18 4248/50/18
f 4248/50/18 4251/41/18 4252/43/18 4246/49/18
f 4246/49/18 4252/43/18 4249/54/18 4242/51/18
f 4255/50/18 4256/49/18 4253/51/18 4254/52/18
f 4244/52/13 4254/52/13 4253/51/13 4242/51/13
f 4242/51/16 4253/51/16 4256/49/16 4246/49/16
f 4248/50/14 4255/50/14 4254/52/14 4244/52/14
f 4257/37/13 4259/40/13 4266/39/13 4265/38/13
f 4259/40/14 4263/42/14 4267/41/14 4266/39/14
f 4263/42/15 4261/44/15 4268/43/15 4267/41/15
f 4261/44/16 4257/46/16 4265/45/16 4268/43/16
f 4259/47/17 4257/48/17 4261/44/17 4263/42/17
f 4262/49/15 4272/49/15 4271/50/15 4264/50/15
f 4258/51/18 4265/54/18 4266/53/18 4260/52/18
f 4260/52/18 4266/53/18 4267/41/18 4264/50/18
f 4264/50/18 4267/41/18 4268/43/18 4262/49/18
f 4262/49/18 4268/43/18 4265/54/18 4258/51/18
f 4271/50/18 4272/49/18 4269/51/18 4270/52/18
f 4260/52/13 4270/52/13 4269/51/13 4258/51/13
f 4258/51/16 4269/51/16 4272/49/16 4262/49/16
f 4264/50/14 4271/50/14 4270/52/14 4260/52/14
f 4273/37/13 4275/40/13 4282/39/13 4281/38/13
f 4275/40/14 4279/42/14 4283/41/14 4282/39/14
f 4279/42/15 4277/44/15 4284/43/15 4283/41/15
f 4277/44/16 4273/46/16 4281/45/16 4284/43/16
f 4275/47/17 4273/48/17 4277/44/17 4279/42/17
f 4278/49/15 4288/49/15 4287/50/15 4280/50/15
f 4274/51/18 4281/54/18 4282/53/18 4276/52/18
f 4276/52/18 4282/53/18 4283/41/18 4280/50/18
f 4280/50/18 4283/41/18 4284/43/18 4278/49/18
f 4278/49/18 4284/43/18 4281/54/18 4274/51/18
f 4287/50/18 4288/49/18 4285/51/18 4286/52/18
f 4276/52/13 4286/52/13 4285/51/13 4274/51/13
f 4274/51/16 4285/51/16 4288/49/16 4278/49/16
f 4280/50/14 4287/50/14 4286/52/14 4276/52/14
f 4289/37/13 4291/40/13 4298/39/13 4297/38/13
f 4291/40/14 4295/42/14 4299/41/14 4298/39/14
f 4295/42/15 4293/44/15 4300/43/15 4299/41/15
f 4293/44/16 4289/46/16 4297/45/16 4300/43/16
f 4291/47/17 4289/48/17 4293/44/17 4295/42/17
f 4294/49/15 4304/49/15 4303/50/15 4296/50/15
f 4290/51/18 4297/54/18 4298/53/18 4292/52/18
f 4292/52/18 4298/53/18 4299/41/18 4296/50/18
f 4296/50/18 4299/41/18 4300/43/18 4294/49/18
f 4294/49/18 4300/43/18 4297/54/18 4290/51/18
f 4303/50/18 4304/49/18 4301/51/18 4302/52/18
f 4292/52/13 4302/52/13 4301/51/13 4290/51/13
f 4290/51/16 4301/51/16 4304/49/16 4294/49/16
f 4296/50/14 4303/50/14 4302/52/14 4292/52/14
f 4305/37/13 4307/40/13 4314/39/13 4313/38/13
f 4307/40/14 4311/42/14 4315/41/14 4314/39/14
f 4311/42/15 4309/44/15 4316/43/15 4315/41/15
f 4309/44/16 4305/46/16 4313/45/16 4316/43/16
f 4307/47/17 4305/48/17 4309/44/17 4311/42/17
f 4310/49/15 4320/49/15 4319/50/15 4312/50/15
f 4306/51/18 4313/54/18 4314/53/18 4308/52/18
f 4308/52/18 4314/53/18 4315/41/18 4312/50/18
f 4312/50/18 4315/41/18 4316/43/18 4310/49/18
f 4310/49/18 4316/43/18 4313/54/18 4306/51/18
f 4319/50/18 4320/49/18 4317/51/18 4318/52/18
f 4308/52/13 4318/52/13 4317/51/13 4306/51/13
f 4306/51/16 4317/51/16 4320/49/16 4310/49/16
f 4312/50/14 4319/50/14 4318/52/14 4308/52/14
f 4321/37/13 4323/40/13 4330/39/13 4329/38/13
f 4323/40/14 4327/42/14 4331/41/14 4330/39/14
f 4327/42/15 4325/44/15 4332/43/15 4331/41/15
f 4325/44/16 4321/46/16 4329/45/16 4332/43/16
f 4323/47/17 4321/48/17 4325/44/17 4327/42/17
f 4326/49/15 4336/49/15 4335/50/15 4328/50/15
f 4322/51/18 4329/54/18 4330/53/18 4324/52/18
f 4324/52/18 4330/53/18 4331/41/18 4328/50/18
f 4328/50/18 4331/41/18 4332/43/18 4326/49/18
f 4326/49/18 4332/43/18 4329/54/18 4322/51/18
f 4335/50/18 4336/49/18 4333/51/18 4334/52/18
f 4324/52/13 4334/52/13 4333/51/13 4322/51/13
f 4322/51/16 4333/51/16 4336/49/16 4326/49/16
f 4328/50/14 4335/50/14 4334/52/14 4324/52/14
f 4337/37/13 4339/40/13 4346/39/13 4345/38/13
f 4339/40/14 4343/42/14 4347/41/14 4346/39/14
f 4343/42/15 4341/44/15 4348/43/15 4347/41/15
f 4341/44/16 4337/46/16 4345/45/16 4348/43/16
f 4339/47/17 4337/48/17 4341/44/17 4343/42/17
f 4342/49/15 4352/49/15 4351/50/15 4344/50/15
f 4338/51/18 4345/54/18 4346/53/18 4340/52/18
f 4340/52/18 4346/53/18 4347/41/18 4344/50/18
f 4344/50/18 4347/41/18 4348/43/18 4342/49/18
f 4342/49/18 4348/43/18 4345/54/18 4338/51/18
f 4351/50/18 4352/49/18 4349/51/18 4350/52/18
f 4340/52/13 4350/52/13 4349/51/13 4338/51/13
f 4338/51/16 4349/51/16 4352/49/16 4342/49/16
f 4344/50/14 4351/50/14 4350/52/14 4340/52/14
f 4353/37/13 4355/40/13 4362/39/13 4361/38/13
f 4355/40/14 4359/42/14 4363/41/14 4362/39/14
f 4359/42/15 4357/44/15 4364/43/15 4363/41/15
f 4357/44/16 4353/46/16 4361/45/16 4364/43/16
f 4355/47/17 4353/48/17 4357/44/17 4359/42/17
f 4358/49/15 4368/49/15 4367/50/15 4360/50/15
f 4354/51/18 4361/54/18 4362/53/18 4356/52/18
f 4356/52/18 4362/53/18 4363/41/18 4360/50/18
f 4360/50/18 4363/41/18 4364/43/18 4358/49/18
f 4358/49/18 4364/43/18 4361/54/18 4354/51/18
f 4367/50/18 4368/49/18 4365/51/18 4366/52/18
f 4356/52/13 4366/52/13 4365/51/13 4354/51/13
f 4354/51/16 4365/51/16 4368/49/16 4358/49/16
f 4360/50/14 4367/50/14 4366/52/14 4356/52/14
f 4369/37/13 4371/40/13 4378/39/13 4377/38/13
f 4371/40/14 4375/42/14 4379/41/14 4378/39/14
f 4375/42/15 4373/44/15 4380/43/15 4379/41/15
f 4373/44/16 4369/46/16 4377/45/16 4380/43/16
f 4371/47/17 4369/48/17 4373/44/17 4375/42/17
f 4374/49/15 4384/49/15 4383/50/15 4376/50/15
f 4370/51/18 4377/54/18 4378/53/18 4372/52/18
f 4372/52/18 4378/53/18 4379/41/18 4376/50/18
f 4376/50/18 4379/41/18 4380/43/18 4374/49/18
f 4374/49/18 4380/43/18 4377/54/18 4370/51/18
f 4383/50/18 4384/49/18 4381/51/18 4382/52/18
f 4372/52/13 4382/52/13 4381/51/13 4370/51/13
f 4370/51/16 4381/51/16 4384/49/16 4374/49/16
f 4376/50/14 4383/50/14 4382/52/14 4372/52/14
f 4385/37/13 4387/40/13 4394/39/13 4393/38/13
f 4387/40/14 4391/42/14 4395/41/14 4394/39/14
f 4391/42/15 4389/44/15 4396/43/15 4395/41/15
f 4389/44/16 4385/46/16 4393/45/16 4396/43/16
f 4387/47/17 4385/48/17 4389/44/17 4391/42/17
f 4390/49/15 4400/49/15 4399/50/15 4392/50/15
f 4386/51/18 4393/54/18 4394/53/18 4388/52/18
f 4388/52/18 4394/53/18 4395/41/18 4392/50/18
f 4392/50/18 4395/41/18 4396/43/18 4390/49/18
f 4390/49/18 4396/43/18 4393/54/18 4386/51/18
f 4399/50/18 4400/49/18 4397/51/18 4398/52/18
f 4388/52/13 4398/52/13 4397/51/13 4386/51/13
f 4386/51/16 4397/51/16 4400/49/16 4390/49/16
f 4392/50/14 4399/50/14 4398/52/14 4388/52/14
f 4401/37/13 4403/40/13 4410/39/13 4409/38/13
f 4403/40/14 4407/42/14 4411/41/14 4410/39/14
f 4407/42/15 4405/44/15 4412/43/15 4411/41/15
f 4405/44/16 4401/46/16 4409/45/16 4412/43/16
f 4403/47/17 4401/48/17 4405/44/17 4407/42/17
f 4406/49/15 4416/49/15 4415/50/15 4408/50/15
f 4402/51/18 4409/54/18 4410/53/18 4404/52/18
f 4404/52/18 4410/53/18 4411/41/18 4408/50/18
f 4408/50/18 4411/41/18 4412/43/18 4406/49/18
f 4406/49/18 4412/43/18 4409/54/18 4402/51/18
f 4415/50/18 4416/49/18 4413/51/18 4414/52/18
f 4404/52/13 4414/52/13 4413/51/13 4402/51/13
f 4402/51/16 4413/51/16 4416/49/16 4406/49/16
f 4408/50/14 4415/50/14 4414/52/14 4404/52/14
f 4417/37/13 4419/40/13 4426/39/13 4425/38/13
f 4419/40/14 4423/42/14 4427/41/14 4426/39/14
f 4423/42/15 4421/44/15 4428/43/15 4427/41/15
f 4421/44/16 4417/46/16 4425/45/16 4428/43/16
f 4419/47/17 4417/48/17 4421/44/17 4423/42/17
f 4422/49/15 4432/49/15 4431/50/15 4424/50/15
f 4418/51/18 4425/54/18 4426/53/18 4420/52/18
f 4420/52/18 4426/53/18 4427/41/18 4424/50/18
f 4424/50/18 4427/41/18 4428/43/18 4422/49/18
f 4422/49/18 4428/43/18 4425/54/18 4418/51/18
f 4431/50/18 4432/49/18 4429/51/18 4430/52/18
f 4420/52/13 4430/52/13 4429/51/13 4418/51/13
f 4418/51/16 4429/51/16 4432/49/16 4422/49/16
f 4424/50/14 4431/50/14 4430/52/14 4420/52/14
f 4433/37/13 4435/40/13 4442/39/13 4441/38/13
f 4435/40/14 4439/42/14 4443/41/14 4442/39/14
f 4439/42/15 4437/44/15 4444/43/15 4443/41/15
f 4437/44/16 4433/46/16 4441/45/16 4444/43/16
f 4435/47/17 4433/48/17 4437/44/17 4439/42/17
f 4438/49/15 4448/49/15 4447/50/15 4440/50/15
f 4434/51/18 4441/54/18 4442/53/18 4436/52/18
f 4436/52/18 4442/53/18 4443/41/18 4440/50/18
f 4440/50/18 4443/41/18 4444/43/18 4438/49/18
f 4438/49/18 4444/43/18 4441/54/18 4434/51/18
f 4447/50/18 4448/49/18 4445/51/18 4446/52/18
f 4436/52/13 4446/52/13 4445/51/13 4434/51/13
f 4434/51/16 4445/51/16 4448/49/16 4438/49/16
f 4440/50/14 4447/50/14 4446/52/14 4436/52/14
f 4449/37/13 4451/40/13 4458/39/13 4457/38/13
f 4451/40/14 4455/42/14 4459/41/14 4458/39/14
f 4455/42/15 4453/44/15 4460/43/15 4459/41/15
f 4453/44/16 4449/46/16 4457/45/16 4460/43/16
f 4451/47/17 4449/48/17 4453/44/17 4455/42/17
f 4454/49/15 4464/49/15 4463/50/15 4456/50/15
f 4450/51/18 4457/54/18 4458/53/18 4452/52/18
f 4452/52/18 4458/53/18 4459/41/18 4456/50/18
f 4456/50/18 4459/41/18 4460/43/18 4454/49/18
f 4454/49/18 4460/43/18 4457/54/18 4450/51/18
f 4463/50/18 4464/49/18 4461/51/18 4462/52/18
f 4452/52/13 4462/52/13 4461/51/13 4450/51/13
f 4450/51/16 4461/51/16 4464/49/16 4454/49/16
f 4456/50/14 4463/50/14 4462/52/14 4452/52/14
f 4465/37/13 4467/40/13 4474/39/13 4473/38/13
f 4467/40/14 4471/42/14 4475/41/14 4474/39/14
f 4471/42/15 4469/44/15 4476/43/15 4475/41/15
f 4469/44/16 4465/46/16 4473/45/16 4476/43/16
f 4467/47/17 4465/48/17 4469/44/17 4471/42/17
f 4470/49/15 4480/49/15 4479/50/15 4472/50/15
f 4466/51/18 4473/54/18 4474/53/18 4468/52/18
f 4468/52/18 4474/53/18 4475/41/18 4472/50/18
f 4472/50/18 4475/41/18 4476/43/18 4470/49/18
f 4470/49/18 4476/43/18 4473/54/18 4466/51/18
f 4479/50/18 4480/49/18 4477/51/18 4478/52/18
f 4468/52/13 4478/52/13 4477/51/13 4466/51/13
f 4466/51/16 4477/51/16 4480/49/16 4470/49/16
f 4472/50/14 4479/50/14 4478/52/14 4468/52/14
f 4481/37/13 4483/40/13 4490/39/13 4489/38/13
f 4483/40/14 4487/42/14 4491/41/14 4490/39/14
f 4487/42/15 4485/44/15 4492/43/15 4491/41/15
f 4485/44/16 4481/46/16 4489/45/16 4492/43/16
f 4483/47/17 4481/48/17 4485/44/17 4487/42/17
f 4486/49/15 4496/49/15 4495/50/15 4488/50/15
f 4482/51/18 4489/54/18 4490/53/18 4484/52/18
f 4484/52/18 4490/53/18 4491/41/18 4488/50/18
f 4488/50/18 4491/41/18 4492/43/18 4486/49/18
f 4486/49/18 4492/43/18 4489/54/18 4482/51/18
f 4495/50/18 4496/49/18 4493/51/18 4494/52/18
f 4484/52/13 4494/52/13 4493/51/13 4482/51/13
f 4482/51/16 4493/51/16 4496/49/16 4486/49/16
f 4488/50/14 4495/50/14 4494/52/14 4484/52/14
f 4497/37/13 4499/40/13 4506/39/13 4505/38/13
f 4499/40/14 4503/42/14 4507/41/14 4506/39/14
f 4503/42/15 4501/44/15 4508/43/15 4507/41/15
f 4501/44/16 4497/46/16 4505/45/16 4508/43/16
f 4499/47/17 4497/48/17 4501/44/17 4503/42/17
f 4502/49/15 4512/49/15 4511/50/15 4504/50/15
f 4498/51/18 4505/54/18 4506/53/18 4500/52/18
f 4500/52/18 4506/53/18 4507/41/18 4504/50/18
f 4504/50/18 4507/41/18 4508/43/18 4502/49/18
f 4502/49/18 4508/43/18 4505/54/18 4498/51/18
f 4511/50/18 4512/49/18 4509/51/18 4510/52/18
f 4500/52/13 4510/52/13 4509/51/13 4498/51/13
f 4498/51/16 4509/51/16 4512/49/16 4502/49/16
f 4504/50/14 4511/50/14 4510/52/14 4500/52/14
f 4513/37/13 4515/40/13 4522/39/13 4521/38/13
f 4515/40/14 4519/42/14 4523/41/14 4522/39/14
f 4519/42/15 4517/44/15 4524/43/15 4523/41/15
f 4517/44/16 4513/46/16 4521/45/16 4524/43/16
f 4515/47/17 4513/48/17 4517/44/17 4519/42/17
f 4518/49/15 4528/49/15 4527/50/15 4520/50/15
f 4514/51/18 4521/54/18 4522/53/18 4516/52/18
f 4516/52/18 4522/53/18 4523/41/18 4520/50/18
f 4520/50/18 4523/41/18 4524/43/18 4518/49/18
f 4518/49/18 4524/43/18 4521/54/18 4514/51/18
f 4527/50/18 4528/49/18 4525/51/18 4526/52/18
f 4516/52/13 4526/52/13 4525/51/13 4514/51/13
f 4514/51/16 4525/51/16 4528/49/16 4518/49/16
f 4520/50/14 4527/50/14 4526/52/14 4516/52/14
f 4529/37/13 4531/40/13 4538/39/13 4537/38/13
f 4531/40/14 4535/42/14 4539/41/14 4538/39/14
f 4535/42/15 4533/44/15 4540/43/15 4539/41/15
f 4533/44/16 4529/46/16 4537/45/16 4540/43/16
f 4531/47/17 4529/48/17 4533/44/17 4535/42/17
f 4534/49/15 4544/49/15 4543/50/15 4536/50/15
f 4530/51/18 4537/54/18 4538/53/18 4532/52/18
f 4532/52/18 4538/53/18 4539/41/18 4536/50/18
f 4536/50/18 4539/41/18 4540/43/18 4534/49/18
f 4534/49/18 4540/43/18 4537/54/18 4530/51/18
f 4543/50/18 4544/49/18 4541/51/18 4542/52/18
f 4532/52/13 4542/52/13 4541/51/13 4530/51/13
f 4530/51/16 4541/51/16 4544/49/16 4534/49/16
f 4536/50/14 4543/50/14 4542/52/14 4532/52/14
f 4545/37/13 4547/40/13 4554/39/13 4553/38/13
f 4547/40/14 4551/42/14 4555/41/14 4554/39/14
f 4551/42/15 4549/44/15 4556/43/15 4555/41/15
f 4549/44/16 4545/46/16 4553/45/16 4556/43/16
f 4547/47/17 4545/48/17 4549/44/17 4551/42/17
f 4550/49/15 4560/49/15 4559/50/15 4552/50/15
f 4546/51/18 4553/54/18 4554/53/18 4548/52/18
f 4548/52/18 4554/53/18 4555/41/18 4552/50/18
f 4552/50/18 4555/41/18 4556/43/18 4550/49/18
f 4550/49/18 4556/43/18 4553/54/18 4546/51/18
f 4559/50/18 4560/49/18 4557/51/18 4558/52/18
f 4548/52/13 4558/52/13 4557/51/13 4546/51/13
f 4546/51/16 4557/51/16 4560/49/16 4550/49/16
f 4552/50/14 4559/50/14 4558/52/14 4548/52/14
f 4561/37/13 4563/40/13 4570/39/13 4569/38/13
f 4563/40/14 4567/42/14 4571/41/14 4570/39/14
f 4567/42/15 4565/44/15 4572/43/15 4571/41/15
f 4565/44/16 4561/46/16 4569/45/16 4572/43/16
f 4563/47/17 4561/48/17 4565/44/17 4567/42/17
f 4566/49/15 4576/49/15 4575/50/15 4568/50/15
f 4562/51/18 4569/54/18 4570/53/18 4564/52/18
f 4564/52/18 4570/53/18 4571/41/18 4568/50/18
f 4568/50/18 4571/41/18 4572/43/18 4566/49/18
f 4566/49/18 4572/43/18 4569/54/18 4562/51/18
f 4575/50/18 4576/49/18 4573/51/18 4574/52/18
f 4564/52/13 4574/52/13 4573/51/13 4562/51/13
f 4562/51/16 4573/51/16 4576/49/16 4566/49/16
f 4568/50/14 4575/50/14 4574/52/14 4564/52/14
f 4577/37/13 4579/40/13 4586/39/13 4585/38/13
f 4579/40/14 4583/42/14 4587/41/14 4586/39/14
f 4583/42/15 4581/44/15 4588/43/15 4587/41/15
f 4581/44/16 4577/46/16 4585/45/16 4588/43/16
f 4579/47/17 4577/48/17 4581/44/17 4583/42/17
f 4582/49/15 4592/49/15 4591/50/15 4584/50/15
f 4578/51/18 4585/54/18 4586/53/18 4580/52/18
f 4580/52/18 4586/53/18 4587/41/18 4584/50/18
f 4584/50/18 4587/41/18 4588/43/18 4582/49/18
f 4582/49/18 4588/43/18 4585/54/18 4578/51/18
f 4591/50/18 4592/49/18 4589/51/18 4590/52/18
f 4580/52/13 4590/52/13 4589/51/13 4578/51/13
f 4578/51/16 4589/51/16 4592/49/16 4582/49/16
f 4584/50/14 4591/50/14 4590/52/14 4580/52/14
f 4593/37/13 4595/40/13 4602/39/13 4601/38/13
f 4595/40/14 4599/42/14 4603/41/14 4602/39/14
f 4599/42/15 4597/44/15 4604/43/15 4603/41/15
f 4597/44/16 4593/46/16 4601/45/16 4604/43/16
f 4595/47/17 4593/48/17 4597/44/17 4599/42/17
f 4598/49/15 4608/49/15 4607/50/15 4600/50/15
f 4594/51/18 4601/54/18 4602/53/18 4596/52/18
f 4596/52/18 4602/53/18 4603/41/18 4600/50/18
f 4600/50/18 4603/41/18 4604/43/18 4598/49/18
f 4598/49/18 4604/43/18 4601/54/18 4594/51/18
f 4607/50/18 4608/49/18 4605/51/18 4606/52/18
f 4596/52/13 4606/52/13 4605/51/13 4594/51/13
f 4594/51/16 4605/51/16 4608/49/16 4598/49/16
f 4600/50/14 4607/50/14 4606/52/14 4596/52/14
f 4609/37/13 4611/40/13 4618/39/13 4617/38/13
f 4611/40/14 4615/42/14 4619/41/14 4618/39/14
f 4615/42/15 4613/44/15 4620/43/15 4619/41/15
f 4613/44/16 4609/46/16 4617/45/16 4620/43/16
f 4611/47/17 4609/48/17 4613/44/17 4615/42/17
f 4614/49/15 4624/49/15 4623/50/15 4616/50/15
f 4610/51/18 4617/54/18 4618/53/18 4612/52/18
f 4612/52/18 4618/53/18 4619/41/18 4616/50/18
f 4616/50/18 4619/41/18 4620/43/18 4614/49/18
f 4614/49/18 4620/43/18 4617/54/18 4610/51/18
f 4623/50/18 4624/49/18 4621/51/18 4622/52/18
f 4612/52/13 4622/52/13 4621/51/13 4610/51/13
f 4610/51/16 4621/51/16 4624/49/16 4614/49/16
f 4616/50/14 4623/50/14 4622/52/14 4612/52/14
f 4625/37/13 4627/40/13 4634/39/13 4633/38/13
f 4627/40/14 4631/42/14 4635/41/14 4634/39/14
f 4631/42/15 4629/44/15 4636/43/15 4635/41/15
f 4629/44/16 4625/46/16 4633/45/16 4636/43/16
f 4627/47/17 4625/48/17 4629/44/17 4631/42/17
f 4630/49/15 4640/49/15 4639/50/15 4632/50/15
f 4626/51/18 4633/54/18 4634/53/18 4628/52/18
f 4628/52/18 4634/53/18 4635/41/18 4632/50/18
f 4632/50/18 4635/41/18 4636/43/18 4630/49/18
f 4630/49/18 4636/43/18 4633/54/18 4626/51/18
f 4639/50/18 4640/49/18 4637/51/18 4638/52/18
f 4628/52/13 4638/52/13 4637/51/13 4626/51/13
f 4626/51/16 4637/51/16 4640/49/16 4630/49/16
f 4632/50/14 4639/50/14 4638/52/14 4628/52/14
f 4641/37/13 4643/40/13 4650/39/13 4649/38/13
f 4643/40/14 4647/42/14 4651/41/14 4650/39/14
f 4647/42/15 4645/44/15 4652/43/15 4651/41/15
f 4645/44/16 4641/46/16 4649/45/16 4652/43/16
f 4643/47/17 4641/48/17 4645/44/17 4647/42/17
f 4646/49/15 4656/49/15 4655/50/15 4648/50/15
f 4642/51/18 4649/54/18 4650/53/18 4644/52/18
f 4644/52/18 4650/53/18 4651/41/18 4648/50/18
f 4648/50/18 4651/41/18 4652/43/18 4646/49/18
f 4646/49/18 4652/43/18 4649/54/18 4642/51/18
f 4655/50/18 4656/49/18 4653/51/18 4654/52/18
f 4644/52/13 4654/52/13 4653/51/13 4642/51/13
f 4642/51/16 4653/51/16 4656/49/16 4646/49/16
f 4648/50/14 4655/50/14 4654/52/14 4644/52/14
f 4657/37/13 4659/40/13 4666/39/13 4665/38/13
f 4659/40/14 4663/42/14 4667/41/14 4666/39/14
f 4663/42/15 4661/44/15 4668/43/15 4667/41/15
f 4661/44/16 4657/46/16 4665/45/16 4668/43/16
f 4659/47/17 4657/48/17 4661/44/17 4663/42/17
f 4662/49/15 4672/49/15 4671/50/15 4664/50/15
f 4658/51/18 4665/54/18 4666/53/18 4660/52/18
f 4660/52/18 4666/53/18 4667/41/18 4664/50/18
f 4664/50/18 4667/41/18 4668/43/18 4662/49/18
f 4662/49/18 4668/43/18 4665/54/18 4658/51/18
f 4671/50/18 4672/49/18 4669/51/18 4670/52/18
f 4660/52/13 4670/52/13 4669/51/13 4658/51/13
f 4658/51/16 4669/51/16 4672/49/16 4662/49/16
f 4664/50/14 4671/50/14 4670/52/14 4660/52/14
f 4673/37/13 4675/40/13 4682/39/13 4681/38/13
f 4675/40/14 4679/42/14 4683/41/14 4682/39/14
f 4679/42/15 4677/44/15 4684/43/15 4683/41/15
f 4677/44/16 4673/46/16 4681/45/16 4684/43/16
f 4675/47/17 4673/48/17 4677/44/17 4679/42/17
f 4678/49/15 4688/49/15 4687/50/15 4680/50/15
f 4674/51/18 4681/54/18 4682/53/18 4676/52/18
f 4676/52/18 4682/53/18 4683/41/18 4680/50/18
f 4680/50/18 4683/41/18 4684/43/18 4678/49/18
f 4678/49/18 4684/43/18 4681/54/18 4674/51/18
f 4687/50/18 4688/49/18 4685/51/18 4686/52/18
f 4676/52/13 4686/52/13 4685/51/13 4674/51/13
f 4674/51/16 4685/51/16 4688/49/16 4678/49/16
f 4680/50/14 4687/50/14 4686/52/14 4676/52/14
f 4689/37/13 4691/40/13 4698/39/13 4697/38/13
f 4691/40/14 4695/42/14 4699/41/14 4698/39/14
f 4695/42/15 4693/44/15 4700/43/15 4699/41/15
f 4693/44/16 4689/46/16 4697/45/16 4700/43/16
f 4691/47/17 4689/48/17 4693/44/17 4695/42/17
f 4694/49/15 4704/49/15 4703/50/15 4696/50/15
f 4690/51/18 4697/54/18 4698/53/18 4692/52/18
f 4692/52/18 4698/53/18 4699/41/18 4696/50/18
f 4696/50/18 4699/41/18 4700/43/18 4694/49/18
f 4694/49/18 4700/43/18 4697/54/18 4690/51/18
f 4703/50/18 4704/49/18 4701/51/18 4702/52/18
f 4692/52/13 4702/52/13 4701/51/13 4690/51/13
f 4690/51/16 4701/51/16 4704/49/16 4694/49/16
f 4696/50/14 4703/50/14 4702/52/14 4692/52/14
f 4705/37/13 4707/40/13 4714/39/13 4713/38/13
f 4707/40/14 4711/42/14 4715/41/14 4714/39/14
f 4711/42/15 4709/44/15 4716/43/15 4715/41/15
f 4709/44/16 4705/46/16 4713/45/16 4716/43/16
f 4707/47/17 4705/48/17 4709/44/17 4711/42/17
f 4710/49/15 4720/49/15 4719/50/15 4712/50/15
f 4706/51/18 4713/54/18 4714/53/18 4708/52/18
f 4708/52/18 4714/53/18 4715/41/18 4712/50/18
f 4712/50/18 4715/41/18 4716/43/18 4710/49/18
f 4710/49/18 4716/43/18 4713/54/18 4706/51/18
f 4719/50/18 4720/49/18 4717/51/18 4718/52/18
f 4708/52/13 4718/52/13 4717/51/13 4706/51/13
f 4706/51/16 4717/51/16 4720/49/16 4710/49/16
f 4712/50/14 4719/50/14 4718/52/14 4708/52/14
f 4721/37/13 4723/40/13 4730/39/13 4729/38/13
f 4723/40/14 4727/42/14 4731/41/14 4730/39/14
f 4727/42/15 4725/44/15 4732/43/15 4731/41/15
f 4725/44/16 4721/46/16 4729/45/16 4732/43/16
f 4723/47/17 4721/48/17 4725/44/17 4727/42/17
f 4726/49/15 4736/49/15 4735/50/15 4728/50/15
f 4722/51/18 4729/54/18 4730/53/18 4724/52/18
f 4724/52/18 4730/53/18 4731/41/18 4728/50/18
f 4728/50/18 4731/41/18 4732/43/18 4726/49/18
f 4726/49/18 4732/43/18 4729/54/18 4722/51/18
f 4735/50/18 4736/49/18 4733/51/18 4734/52/18
f 4724/52/13 4734/52/13 4733/51/13 4722/51/13
f 4722/51/16 4733/51/16 4736/49/16 4726/49/16
f 4728/50/14 4735/50/14 4734/52/14 4724/52/14
f 4737/37/13 4739/40/13 4746/39/13 4745/38/13
f 4739/40/14 4743/42/14 4747/41/14 4746/39/14
f 4743/42/15 4741/44/15 4748/43/15 4747/41/15
f 4741/44/16 4737/46/16 4745/45/16 4748/43/16
f 4739/47/17 4737/48/17 4741/44/17 4743/42/17
f 4742/49/15 4752/49/15 4751/50/15 4744/50/15
f 4738/51/18 4745/54/18 4746/53/18 4740/52/18
f 4740/52/18 4746/53/18 4747/41/18 4744/50/18
f 4744/50/18 4747/41/18 4748/43/18 4742/49/18
f 4742/49/18 4748/43/18 4745/54/18 4738/51/18
f 4751/50/18 4752/49/18 4749/51/18 4750/52/18
f 4740/52/13 4750/52/13 4749/51/13 4738/51/13
f 4738/51/16 4749/51/16 4752/49/16 4742/49/16
f 4744/50/14 4751/50/14 4750/52/14 4740/52/14
f 4753/37/13 4755/40/13 4762/39/13 4761/38/13
f 4755/40/14 4759/42/14 4763/41/14 4762/39/14
f 4759/42/15 4757/44/15 4764/43/15 4763/41/15
f 4757/44/16 4753/46/16 4761/45/16 4764/43/16
f 4755/47/17 4753/48/17 4757/44/17 4759/42/17
f 4758/49/15 4768/49/15 4767/50/15 4760/50/15
f 4754/51/18 4761/54/18 4762/53/18 4756/52/18
f 4756/52/18 4762/53/18 4763/41/18 4760/50/18
f 4760/50/18 4763/41/18 4764/43/18 4758/49/18
f 4758/49/18 4764/43/18 4761/54/18 4754/51/18
f 4767/50/18 4768/49/18 4765/51/18 4766/52/18
f 4756/52/13 4766/52/13 4765/51/13 4754/51/13
f 4754/51/16 4765/51/16 4768/49/16 4758/49/16
f 4760/50/14 4767/50/14 4766/52/14 4756/52/14
f 4769/37/13 4771/40/13 4778/39/13 4777/38/13
f 4771/40/14 4775/42/14 4779/41/14 4778/39/14
f 4775/42/15 4773/44/15 4780/43/15 4779/41/15
f 4773/44/16 4769/46/16 4777/45/16 4780/43/16
f 4771/47/17 4769/48/17 4773/44/17 4775/42/17
f 4774/49/15 4784/49/15 4783/50/15 4776/50/15
f 4770/51/18 4777/54/18 4778/53/18 4772/52/18
f 4772/52/18 4778/53/18 4779/41/18 4776/50/18
f 4776/50/18 4779/41/18 4780/43/18 4774/49/18
f 4774/49/18 4780/43/18 4777/54/18 4770/51/18
f 4783/50/18 4784/49/18 4781/51/18 4782/52/18
f 4772/52/13 4782/52/13 4781/51/13 4770/51/13
f 4770/51/16 4781/51/16 4784/49/16 4774/49/16
f 4776/50/14 4783/50/14 4782/52/14 4772/52/14
f 4785/37/13 4787/40/13 4794/39/13 4793/38/13
f 4787/40/14 4791/42/14 4795/41/14 4794/39/14
f 4791/42/15 4789/44/15 4796/43/15 4795/41/15
f 4789/44/16 4785/46/16 4793/45/16 4796/43/16
f 4787/47/17 4785/48/17 4789/44/17 4791/42/17
f 4790/49/15 4800/49/15 4799/50/15 4792/50/15
f 4786/51/18 4793/54/18 4794/53/18 4788/52/18
f 4788/52/18 4794/53/18 4795/41/18 4792/50/18
f 4792/50/18 4795/41/18 4796/43/18 4790/49/18
f 4790/49/18 4796/43/18 4793/54/18 4786/51/18
f 4799/50/18 4800/49/18 4797/51/18 4798/52/18
f 4788/52/13 4798/52/13 4797/51/13 4786/51/13
f 4786/51/16 4797/51/16 4800/49/16 4790/49/16
f 4792/50/14 4799/50/14 4798/52/14 4788/52/14
o Cube.005
v 11.374068 2.848607 -18.945320
v 11.327829 2.834617 -18.899807
v 9.374068 2.848607 -18.945320
v 9.420307 2.834617 -18.899807
v 11.374068 2.243516 -18.945320
v 11.327829 2.257506 -18.899807
v 9.374068 2.243516 -18.945320
v 9.420307 2.257505 -18.899807
v 11.374068 2.848607 -18.899807
v 9.374068 2.848607 -18.899807
v 9.374068 2.243516 -18.899807
v 11.374068 2.243516 -18.899807
v 11.327829 2.834617 -18.517296
v 9.420307 2.834617 -18.517296
v 9.420307 2.257505 -18.517296
v 11.327829 2.257506 -18.517296
v 11.366520 1.054652 -18.959620
v 11.320280 1.040663 -18.914106
v 9.366520 1.054652 -18.959620
v 9.412759 1.040663 -18.914106
v 11.366520 0.449561 -18.959620
v 11.320280 0.463551 -18.914106
v 9.366520 0.449561 -18.959620
v 9.412759 0.463551 -18.914106
v 11.366520 1.054652 -18.914106
v 9.366520 1.054652 -18.914106
v 9.366520 0.449561 -18.914106
v 11.366520 0.449561 -18.914106
v 11.320280 1.040663 -18.531595
v 9.412759 1.040663 -18.531595
v 9.412759 0.463551 -18.531595
v 11.320280 0.463551 -18.531595
v 9.366823 1.054652 -18.959620
v 9.320584 1.040663 -18.914106
v 7.366823 1.054652 -18.959620
v 7.413063 1.040662 -18.914106
v 9.366823 0.449561 -18.959620
v 9.320584 0.463551 -18.914106
v 7.366823 0.449561 -18.959620
v 7.413063 0.463551 -18.914106
v 9.366823 1.054652 -18.914106
v 7.366823 1.054652 -18.914106
v 7.366823 0.449561 -18.914106
v 9.366823 0.449561 -18.914106
v 9.320584 1.040663 -18.531595
v 7.413063 1.040662 -18.531595
v 7.413063 0.463551 -18.531595
v 9.320584 0.463551 -18.531595
v 11.374068 1.652428 -18.945320
v 11.327829 1.638439 -18.899807
v 9.374068 1.652428 -18.945320
v 9.420307 1.638439 -18.899807
v 11.374068 1.047338 -18.945320
v 11.327829 1.061328 -18.899807
v 9.374068 1.047338 -18.945320
v 9.420307 1.061328 -18.899807
v 11.374068 1.652428 -18.899807
v 9.374068 1.652428 -18.899807
v 9.374068 1.047338 -18.899807
v 11.374068 1.047338 -18.899807
v 11.327829 1.638439 -18.517296
v 9.420307 1.638439 -18.517296
v 9.420307 1.061328 -18.517296
v 11.327829 1.061328 -18.517296
v 9.374372 1.652428 -18.945320
v 9.328133 1.638439 -18.899807
v 7.374372 1.652428 -18.945320
v 7.420611 1.638439 -18.899807
v 9.374372 1.047338 -18.945320
v 9.328133 1.061328 -18.899807
v 7.374372 1.047338 -18.945320
v 7.420611 1.061327 -18.899807
v 9.374372 1.652428 -18.899807
v 7.374372 1.652428 -18.899807
v 7.374372 1.047338 -18.899807
v 9.374372 1.047338 -18.899807
v 9.328133 1.638439 -18.517296
v 7.420611 1.638439 -18.517296
v 7.420611 1.061327 -18.517296
v 9.328133 1.061328 -18.517296
v 7.373902 1.054652 -18.959620
v 7.327663 1.040662 -18.914106
v 5.373902 1.054651 -18.959620
v 5.420141 1.040662 -18.914106
v 7.373902 0.449561 -18.959620
v 7.327663 0.463551 -18.914106
v 5.373902 0.449561 -18.959620
v 5.420141 0.463550 -18.914106
v 7.373902 1.054652 -18.914106
v 5.373902 1.054651 -18.914106
v 5.373902 0.449561 -18.914106
v 7.373902 0.449561 -18.914106
v 7.327663 1.040662 -18.531595
v 5.420141 1.040662 -18.531595
v 5.420141 0.463550 -18.531595
v 7.327663 0.463551 -18.531595
v 5.374207 1.054651 -18.959620
v 5.327968 1.040662 -18.914106
v 3.374207 1.054651 -18.959620
v 3.420446 1.040662 -18.914106
v 5.374207 0.449561 -18.959620
v 5.327968 0.463550 -18.914106
v 3.374207 0.449561 -18.959620
v 3.420446 0.463550 -18.914106
v 5.374207 1.054651 -18.914106
v 3.374207 1.054651 -18.914106
v 3.374207 0.449561 -18.914106
v 5.374207 0.449561 -18.914106
v 5.327968 1.040662 -18.531595
v 3.420446 1.040662 -18.531595
v 3.420446 0.463550 -18.531595
v 5.327968 0.463550 -18.531595
v 7.381452 1.652428 -18.945320
v 7.335212 1.638439 -18.899807
v 5.381452 1.652428 -18.945320
v 5.427691 1.638439 -18.899807
v 7.381452 1.047338 -18.945320
v 7.335212 1.061327 -18.899807
v 5.381452 1.047338 -18.945320
v 5.427691 1.061327 -18.899807
v 7.381452 1.652428 -18.899807
v 5.381452 1.652428 -18.899807
v 5.381452 1.047338 -18.899807
v 7.381452 1.047338 -18.899807
v 7.335212 1.638439 -18.517296
v 5.427691 1.638439 -18.517296
v 5.427691 1.061327 -18.517296
v 7.335212 1.061327 -18.517296
v 5.381755 1.652428 -18.945320
v 5.335517 1.638439 -18.899807
v 3.381756 1.652428 -18.945320
v 3.427994 1.638439 -18.899807
v 5.381755 1.047338 -18.945320
v 5.335517 1.061327 -18.899807
v 3.381756 1.047338 -18.945320
v 3.427994 1.061327 -18.899807
v 5.381755 1.652428 -18.899807
v 3.381756 1.652428 -18.899807
v 3.381756 1.047338 -18.899807
v 5.381755 1.047338 -18.899807
v 5.335517 1.638439 -18.517296
v 3.427994 1.638439 -18.517296
v 3.427994 1.061327 -18.517296
v 5.335517 1.061327 -18.517296
v 11.366520 2.250830 -18.959620
v 11.320280 2.236840 -18.914106
v 9.366520 2.250830 -18.959620
v 9.412759 2.236840 -18.914106
v 11.366520 1.645739 -18.959620
v 11.320280 1.659728 -18.914106
v 9.366520 1.645739 -18.959620
v 9.412759 1.659728 -18.914106
v 11.366520 2.250830 -18.914106
v 9.366520 2.250830 -18.914106
v 9.366520 1.645739 -18.914106
v 11.366520 1.645739 -18.914106
v 11.320280 2.236840 -18.531595
v 9.412759 2.236840 -18.531595
v 9.412759 1.659728 -18.531595
v 11.320280 1.659728 -18.531595
v 9.366823 2.250830 -18.959620
v 9.320584 2.236840 -18.914106
v 7.366823 2.250830 -18.959620
v 7.413063 2.236840 -18.914106
v 9.366823 1.645739 -18.959620
v 9.320584 1.659728 -18.914106
v 7.366823 1.645739 -18.959620
v 7.413063 1.659728 -18.914106
v 9.366823 2.250830 -18.914106
v 7.366823 2.250830 -18.914106
v 7.366823 1.645739 -18.914106
v 9.366823 1.645739 -18.914106
v 9.320584 2.236840 -18.531595
v 7.413063 2.236840 -18.531595
v 7.413063 1.659728 -18.531595
v 9.320584 1.659728 -18.531595
v 9.374372 2.848607 -18.945320
v 9.328133 2.834617 -18.899807
v 7.374372 2.848607 -18.945320
v 7.420611 2.834617 -18.899807
v 9.374372 2.243516 -18.945320
v 9.328133 2.257505 -18.899807
v 7.374372 2.243516 -18.945320
v 7.420611 2.257505 -18.899807
v 9.374372 2.848607 -18.899807
v 7.374372 2.848607 -18.899807
v 7.374372 2.243516 -18.899807
v 9.374372 2.243516 -18.899807
v 9.328133 2.834617 -18.517296
v 7.420611 2.834617 -18.517296
v 7.420611 2.257505 -18.517296
v 9.328133 2.257505 -18.517296
v 7.373902 2.250830 -18.959620
v 7.327663 2.236840 -18.914106
v 5.373902 2.250830 -18.959620
v 5.420141 2.236840 -18.914106
v 7.373902 1.645739 -18.959620
v 7.327663 1.659728 -18.914106
v 5.373902 1.645739 -18.959620
v 5.420141 1.659728 -18.914106
v 7.373902 2.250830 -18.914106
v 5.373902 2.250830 -18.914106
v 5.373902 1.645739 -18.914106
v 7.373902 1.645739 -18.914106
v 7.327663 2.236840 -18.531595
v 5.420141 2.236840 -18.531595
v 5.420141 1.659728 -18.531595
v 7.327663 1.659728 -18.531595
v 5.374207 2.250830 -18.959620
v 5.327968 2.236840 -18.914106
v 3.374207 2.250829 -18.959620
v 3.420445 2.236840 -18.914106
v 5.374207 1.645739 -18.959620
v 5.327968 1.659728 -18.914106
v 3.374207 1.645739 -18.959620
v 3.420446 1.659728 -18.914106
v 5.374207 2.250830 -18.914106
v 3.374207 2.250829 -18.914106
v 3.374207 1.645739 -18.914106
v 5.374207 1.645739 -18.914106
v 5.327968 2.236840 -18.531595
v 3.420445 2.236840 -18.531595
v 3.420446 1.659728 -18.531595
v 5.327968 1.659728 -18.531595
v 7.381452 2.848607 -18.945320
v 7.335212 2.834617 -18.899807
v 5.381452 2.848606 -18.945320
v 5.427691 2.834617 -18.899807
v 7.381452 2.243516 -18.945320
v 7.335212 2.257505 -18.899807
v 5.381452 2.243516 -18.945320
v 5.427691 2.257505 -18.899807
v 7.381452 2.848607 -18.899807
v 5.381452 2.848606 -18.899807
v 5.381452 2.243516 -18.899807
v 7.381452 2.243516 -18.899807
v 7.335212 2.834617 -18.517296
v 5.427691 2.834617 -18.517296
v 5.427691 2.257505 -18.517296
v 7.335212 2.257505 -18.517296
v 5.381755 2.848606 -18.945320
v 5.335516 2.834617 -18.899807
v 3.381755 2.848606 -18.945320
v 3.427994 2.834617 -18.899807
v 5.381755 2.243516 -18.945320
v 5.335516 2.257505 -18.899807
v 3.381755 2.243515 -18.945320
v 3.427994 2.257505 -18.899807
v 5.381755 2.848606 -18.899807
v 3.381755 2.848606 -18.899807
v 3.381755 2.243515 -18.899807
v 5.381755 2.243516 -18.899807
v 5.335516 2.834617 -18.517296
v 3.427994 2.834617 -18.517296
v 3.427994 2.257505 -18.517296
v 5.335516 2.257505 -18.517296
v 11.374068 3.453709 -18.945320
v 11.327829 3.439720 -18.899807
v 9.374068 3.453709 -18.945320
v 9.420307 3.439720 -18.899807
v 11.374068 2.848619 -18.945320
v 11.327829 2.862608 -18.899807
v 9.374068 2.848619 -18.945320
v 9.420307 2.862608 -18.899807
v 11.374068 3.453709 -18.899807
v 9.374068 3.453709 -18.899807
v 9.374068 2.848619 -18.899807
v 11.374068 2.848619 -18.899807
v 11.327829 3.439720 -18.517296
v 9.420307 3.439720 -18.517296
v 9.420307 2.862608 -18.517296
v 11.327829 2.862608 -18.517296
v 9.374372 3.453709 -18.945320
v 9.328133 3.439720 -18.899807
v 7.374372 3.453709 -18.945320
v 7.420611 3.439719 -18.899807
v 9.374372 2.848619 -18.945320
v 9.328133 2.862608 -18.899807
v 7.374372 2.848619 -18.945320
v 7.420611 2.862608 -18.899807
v 9.374372 3.453709 -18.899807
v 7.374372 3.453709 -18.899807
v 7.374372 2.848619 -18.899807
v 9.374372 2.848619 -18.899807
v 9.328133 3.439720 -18.517296
v 7.420611 3.439719 -18.517296
v 7.420611 2.862608 -18.517296
v 9.328133 2.862608 -18.517296
v 7.381452 3.453709 -18.945320
v 7.335212 3.439719 -18.899807
v 5.381452 3.453709 -18.945320
v 5.427691 3.439719 -18.899807
v 7.381452 2.848619 -18.945320
v 7.335212 2.862608 -18.899807
v 5.381452 2.848618 -18.945320
v 5.427691 2.862608 -18.899807
v 7.381452 3.453709 -18.899807
v 5.381452 3.453709 -18.899807
v 5.381452 2.848618 -18.899807
v 7.381452 2.848619 -18.899807
v 7.335212 3.439719 -18.517296
v 5.427691 3.439719 -18.517296
v 5.427691 2.862608 -18.517296
v 7.335212 2.862608 -18.517296
v 5.381755 3.453709 -18.945320
v 5.335516 3.439719 -18.899807
v 3.381755 3.453709 -18.945320
v 3.427994 3.439719 -18.899807
v 5.381755 2.848618 -18.945320
v 5.335516 2.862608 -18.899807
v 3.381755 2.848618 -18.945320
v 3.427994 2.862608 -18.899807
v 5.381755 3.453709 -18.899807
v 3.381755 3.453709 -18.899807
v 3.381755 2.848618 -18.899807
v 5.381755 2.848618 -18.899807
v 5.335516 3.439719 -18.517296
v 3.427994 3.439719 -18.517296
v 3.427994 2.862608 -18.517296
v 5.335516 2.862608 -18.517296
v 3.378554 1.054651 -18.959620
v 3.332315 1.040662 -18.914106
v 1.378554 1.054651 -18.959620
v 1.424793 1.040662 -18.914106
v 3.378554 0.449561 -18.959620
v 3.332315 0.463550 -18.914106
v 1.378555 0.449561 -18.959620
v 1.424793 0.463550 -18.914106
v 3.378554 1.054651 -18.914106
v 1.378554 1.054651 -18.914106
v 1.378555 0.449561 -18.914106
v 3.378554 0.449561 -18.914106
v 3.332315 1.040662 -18.531595
v 1.424793 1.040662 -18.531595
v 1.424793 0.463550 -18.531595
v 3.332315 0.463550 -18.531595
v 3.386103 1.652428 -18.945320
v 3.339864 1.638439 -18.899807
v 1.386103 1.652428 -18.945320
v 1.432342 1.638439 -18.899807
v 3.386103 1.047338 -18.945320
v 3.339864 1.061327 -18.899807
v 1.386103 1.047338 -18.945320
v 1.432342 1.061327 -18.899807
v 3.386103 1.652428 -18.899807
v 1.386103 1.652428 -18.899807
v 1.386103 1.047338 -18.899807
v 3.386103 1.047338 -18.899807
v 3.339864 1.638439 -18.517296
v 1.432342 1.638439 -18.517296
v 1.432342 1.061327 -18.517296
v 3.339864 1.061327 -18.517296
v 3.378554 2.250829 -18.959620
v 3.332315 2.236840 -18.914106
v 1.378554 2.250829 -18.959620
v 1.424793 2.236840 -18.914106
v 3.378554 1.645739 -18.959620
v 3.332315 1.659728 -18.914106
v 1.378554 1.645739 -18.959620
v 1.424793 1.659728 -18.914106
v 3.378554 2.250829 -18.914106
v 1.378554 2.250829 -18.914106
v 1.378554 1.645739 -18.914106
v 3.378554 1.645739 -18.914106
v 3.332315 2.236840 -18.531595
v 1.424793 2.236840 -18.531595
v 1.424793 1.659728 -18.531595
v 3.332315 1.659728 -18.531595
v 3.386103 2.848606 -18.945320
v 3.339864 2.834617 -18.899807
v 1.386103 2.848606 -18.945320
v 1.432342 2.834617 -18.899807
v 3.386103 2.243515 -18.945320
v 3.339864 2.257505 -18.899807
v 1.386103 2.243515 -18.945320
v 1.432342 2.257505 -18.899807
v 3.386103 2.848606 -18.899807
v 1.386103 2.848606 -18.899807
v 1.386103 2.243515 -18.899807
v 3.386103 2.243515 -18.899807
v 3.339864 2.834617 -18.517296
v 1.432342 2.834617 -18.517296
v 1.432342 2.257505 -18.517296
v 3.339864 2.257505 -18.517296
v 3.386103 3.453709 -18.945320
v 3.339864 3.439719 -18.899807
v 1.386103 3.453708 -18.945320
v 1.432342 3.439719 -18.899807
v 3.386103 2.848618 -18.945320
v 3.339864 2.862607 -18.899807
v 1.386103 2.848618 -18.945320
v 1.432342 2.862607 -18.899807
v 3.386103 3.453709 -18.899807
v 1.386103 3.453708 -18.899807
v 1.386103 2.848618 -18.899807
v 3.386103 2.848618 -18.899807
v 3.339864 3.439719 -18.517296
v 1.432342 3.439719 -18.517296
v 1.432342 2.862607 -18.517296
v 3.339864 2.862607 -18.517296
v 11.374068 5.853515 -18.945320
v 11.327829 5.839525 -18.899807
v 9.374068 5.853515 -18.945320
v 9.420307 5.839525 -18.899807
v 11.374068 5.248424 -18.945320
v 11.327829 5.262413 -18.899807
v 9.374068 5.248424 -18.945320
v 9.420307 5.262413 -18.899807
v 11.374068 5.853515 -18.899807
v 9.374068 5.853515 -18.899807
v 9.374068 5.248424 -18.899807
v 11.374068 5.248424 -18.899807
v 11.327829 5.839525 -18.517296
v 9.420307 5.839525 -18.517296
v 9.420307 5.262413 -18.517296
v 11.327829 5.262413 -18.517296
v 11.366520 4.059560 -18.959620
v 11.320280 4.045570 -18.914108
v 9.366520 4.059559 -18.959620
v 9.412759 4.045570 -18.914108
v 11.366520 3.454469 -18.959620
v 11.320280 3.468459 -18.914106
v 9.366520 3.454469 -18.959620
v 9.412759 3.468459 -18.914106
v 11.366520 4.059560 -18.914108
v 9.366520 4.059559 -18.914108
v 9.366520 3.454469 -18.914106
v 11.366520 3.454469 -18.914106
v 11.320280 4.045570 -18.531595
v 9.412759 4.045570 -18.531595
v 9.412759 3.468459 -18.531595
v 11.320280 3.468459 -18.531595
v 9.366823 4.059559 -18.959620
v 9.320584 4.045570 -18.914108
v 7.366823 4.059559 -18.959620
v 7.413063 4.045570 -18.914106
v 9.366823 3.454469 -18.959620
v 9.320584 3.468459 -18.914106
v 7.366823 3.454469 -18.959620
v 7.413063 3.468458 -18.914106
v 9.366823 4.059559 -18.914108
v 7.366823 4.059559 -18.914106
v 7.366823 3.454469 -18.914106
v 9.366823 3.454469 -18.914106
v 9.320584 4.045570 -18.531595
v 7.413063 4.045570 -18.531595
v 7.413063 3.468458 -18.531595
v 9.320584 3.468459 -18.531595
v 11.374068 4.657336 -18.945320
v 11.327829 4.643347 -18.899807
v 9.374068 4.657336 -18.945320
v 9.420307 4.643347 -18.899807
v 11.374068 4.052246 -18.945320
v 11.327829 4.066236 -18.899807
v 9.374068 4.052246 -18.945320
v 9.420307 4.066235 -18.899807
v 11.374068 4.657336 -18.899807
v 9.374068 4.657336 -18.899807
v 9.374068 4.052246 -18.899807
v 11.374068 4.052246 -18.899807
v 11.327829 4.643347 -18.517296
v 9.420307 4.643347 -18.517296
v 9.420307 4.066235 -18.517296
v 11.327829 4.066236 -18.517296
v 9.374372 4.657336 -18.945320
v 9.328133 4.643347 -18.899807
v 7.374372 4.657336 -18.945320
v 7.420611 4.643347 -18.899807
v 9.374372 4.052246 -18.945320
v 9.328133 4.066235 -18.899807
v 7.374372 4.052246 -18.945320
v 7.420611 4.066235 -18.899807
v 9.374372 4.657336 -18.899807
v 7.374372 4.657336 -18.899807
v 7.374372 4.052246 -18.899807
v 9.374372 4.052246 -18.899807
v 9.328133 4.643347 -18.517296
v 7.420611 4.643347 -18.517296
v 7.420611 4.066235 -18.517296
v 9.328133 4.066235 -18.517296
v 7.373902 4.059559 -18.959620
v 7.327663 4.045570 -18.914106
v 5.373902 4.059559 -18.959620
v 5.420141 4.045570 -18.914106
v 7.373902 3.454469 -18.959620
v 7.327663 3.468458 -18.914106
v 5.373902 3.454469 -18.959620
v 5.420141 3.468458 -18.914106
v 7.373902 4.059559 -18.914106
v 5.373902 4.059559 -18.914106
v 5.373902 3.454469 -18.914106
v 7.373902 3.454469 -18.914106
v 7.327663 4.045570 -18.531595
v 5.420141 4.045570 -18.531595
v 5.420141 3.468458 -18.531595
v 7.327663 3.468458 -18.531595
v 5.374207 4.059559 -18.959620
v 5.327968 4.045570 -18.914106
v 3.374207 4.059559 -18.959620
v 3.420445 4.045570 -18.914106
v 5.374207 3.454469 -18.959620
v 5.327968 3.468458 -18.914106
v 3.374207 3.454469 -18.959620
v 3.420445 3.468458 -18.914106
v 5.374207 4.059559 -18.914106
v 3.374207 4.059559 -18.914106
v 3.374207 3.454469 -18.914106
v 5.374207 3.454469 -18.914106
v 5.327968 4.045570 -18.531595
v 3.420445 4.045570 -18.531595
v 3.420445 3.468458 -18.531595
v 5.327968 3.468458 -18.531595
v 7.381452 4.657336 -18.945320
v 7.335212 4.643347 -18.899807
v 5.381452 4.657336 -18.945320
v 5.427691 4.643347 -18.899807
v 7.381452 4.052246 -18.945320
v 7.335212 4.066235 -18.899807
v 5.381452 4.052246 -18.945320
v 5.427691 4.066235 -18.899807
v 7.381452 4.657336 -18.899807
v 5.381452 4.657336 -18.899807
v 5.381452 4.052246 -18.899807
v 7.381452 4.052246 -18.899807
v 7.335212 4.643347 -18.517296
v 5.427691 4.643347 -18.517296
v 5.427691 4.066235 -18.517296
v 7.335212 4.066235 -18.517296
v 5.381755 4.657336 -18.945320
v 5.335516 4.643347 -18.899807
v 3.381755 4.657336 -18.945320
v 3.427994 4.643346 -18.899807
v 5.381755 4.052246 -18.945320
v 5.335516 4.066235 -18.899807
v 3.381755 4.052245 -18.945320
v 3.427994 4.066235 -18.899807
v 5.381755 4.657336 -18.899807
v 3.381755 4.657336 -18.899807
v 3.381755 4.052245 -18.899807
v 5.381755 4.052246 -18.899807
v 5.335516 4.643347 -18.517296
v 3.427994 4.643346 -18.517296
v 3.427994 4.066235 -18.517296
v 5.335516 4.066235 -18.517296
v 11.366520 5.255737 -18.959621
v 11.320280 5.241748 -18.914108
v 9.366520 5.255737 -18.959621
v 9.412759 5.241748 -18.914108
v 11.366520 4.650647 -18.959621
v 11.320280 4.664637 -18.914108
v 9.366520 4.650647 -18.959620
v 9.412759 4.664637 -18.914108
v 11.366520 5.255737 -18.914108
v 9.366520 5.255737 -18.914108
v 9.366520 4.650647 -18.914108
v 11.366520 4.650647 -18.914108
v 11.320280 5.241748 -18.531597
v 9.412759 5.241748 -18.531597
v 9.412759 4.664637 -18.531595
v 11.320280 4.664637 -18.531595
v 9.366823 5.255737 -18.959621
v 9.320584 5.241748 -18.914108
v 7.366823 5.255737 -18.959621
v 7.413063 5.241748 -18.914108
v 9.366823 4.650647 -18.959620
v 9.320584 4.664637 -18.914108
v 7.366823 4.650647 -18.959620
v 7.413063 4.664637 -18.914108
v 9.366823 5.255737 -18.914108
v 7.366823 5.255737 -18.914108
v 7.366823 4.650647 -18.914108
v 9.366823 4.650647 -18.914108
v 9.320584 5.241748 -18.531597
v 7.413063 5.241748 -18.531595
v 7.413063 4.664637 -18.531595
v 9.320584 4.664637 -18.531595
v 9.374372 5.853515 -18.945320
v 9.328133 5.839525 -18.899807
v 7.374372 5.853514 -18.945320
v 7.420611 5.839525 -18.899807
v 9.374372 5.248424 -18.945320
v 9.328133 5.262413 -18.899807
v 7.374372 5.248424 -18.945320
v 7.420611 5.262413 -18.899807
v 9.374372 5.853515 -18.899807
v 7.374372 5.853514 -18.899807
v 7.374372 5.248424 -18.899807
v 9.374372 5.248424 -18.899807
v 9.328133 5.839525 -18.517296
v 7.420611 5.839525 -18.517296
v 7.420611 5.262413 -18.517296
v 9.328133 5.262413 -18.517296
v 7.373902 5.255737 -18.959621
v 7.327663 5.241748 -18.914108
v 5.373902 5.255737 -18.959620
v 5.420141 5.241748 -18.914108
v 7.373902 4.650647 -18.959620
v 7.327663 4.664637 -18.914108
v 5.373902 4.650647 -18.959620
v 5.420141 4.664637 -18.914106
v 7.373902 5.255737 -18.914108
v 5.373902 5.255737 -18.914108
v 5.373902 4.650647 -18.914106
v 7.373902 4.650647 -18.914108
v 7.327663 5.241748 -18.531595
v 5.420141 5.241748 -18.531595
v 5.420141 4.664637 -18.531595
v 7.327663 4.664637 -18.531595
v 5.374207 5.255737 -18.959620
v 5.327968 5.241748 -18.914108
v 3.374207 5.255737 -18.959620
v 3.420445 5.241747 -18.914106
v 5.374207 4.650647 -18.959620
v 5.327968 4.664637 -18.914106
v 3.374207 4.650647 -18.959620
v 3.420445 4.664636 -18.914106
v 5.374207 5.255737 -18.914108
v 3.374207 5.255737 -18.914106
v 3.374207 4.650647 -18.914106
v 5.374207 4.650647 -18.914106
v 5.327968 5.241748 -18.531595
v 3.420445 5.241747 -18.531595
v 3.420445 4.664636 -18.531595
v 5.327968 4.664637 -18.531595
v 7.381452 5.853514 -18.945320
v 7.335212 5.839525 -18.899807
v 5.381452 5.853514 -18.945320
v 5.427691 5.839524 -18.899807
v 7.381452 5.248424 -18.945320
v 7.335212 5.262413 -18.899807
v 5.381452 5.248424 -18.945320
v 5.427691 5.262413 -18.899807
v 7.381452 5.853514 -18.899807
v 5.381452 5.853514 -18.899807
v 5.381452 5.248424 -18.899807
v 7.381452 5.248424 -18.899807
v 7.335212 5.839525 -18.517296
v 5.427691 5.839524 -18.517296
v 5.427691 5.262413 -18.517296
v 7.335212 5.262413 -18.517296
v 5.381755 5.853514 -18.945320
v 5.335516 5.839524 -18.899807
v 3.381755 5.853514 -18.945320
v 3.427994 5.839524 -18.899807
v 5.381755 5.248424 -18.945320
v 5.335516 5.262413 -18.899807
v 3.381755 5.248423 -18.945320
v 3.427994 5.262413 -18.899807
v 5.381755 5.853514 -18.899807
v 3.381755 5.853514 -18.899807
v 3.381755 5.248423 -18.899807
v 5.381755 5.248424 -18.899807
v 5.335516 5.839524 -18.517296
v 3.427994 5.839524 -18.517296
v 3.427994 5.262413 -18.517296
v 5.335516 5.262413 -18.517296
v 11.374068 6.458617 -18.945320
v 11.327829 6.444627 -18.899807
v 9.374068 6.458617 -18.945320
v 9.420307 6.444627 -18.899807
v 11.374068 5.853526 -18.945320
v 11.327829 5.867516 -18.899807
v 9.374068 5.853526 -18.945320
v 9.420307 5.867516 -18.899807
v 11.374068 6.458617 -18.899807
v 9.374068 6.458617 -18.899807
v 9.374068 5.853526 -18.899807
v 11.374068 5.853526 -18.899807
v 11.327829 6.444627 -18.517296
v 9.420307 6.444627 -18.517296
v 9.420307 5.867516 -18.517296
v 11.327829 5.867516 -18.517296
v 9.374372 6.458617 -18.945320
v 9.328133 6.444627 -18.899807
v 7.374372 6.458617 -18.945320
v 7.420611 6.444627 -18.899807
v 9.374372 5.853526 -18.945320
v 9.328133 5.867516 -18.899807
v 7.374372 5.853526 -18.945320
v 7.420611 5.867516 -18.899807
v 9.374372 6.458617 -18.899807
v 7.374372 6.458617 -18.899807
v 7.374372 5.853526 -18.899807
v 9.374372 5.853526 -18.899807
v 9.328133 6.444627 -18.517296
v 7.420611 6.444627 -18.517296
v 7.420611 5.867516 -18.517296
v 9.328133 5.867516 -18.517296
v 7.381452 6.458617 -18.945320
v 7.335212 6.444627 -18.899807
v 5.381452 6.458616 -18.945320
v 5.427691 6.444627 -18.899807
v 7.381452 5.853526 -18.945320
v 7.335212 5.867516 -18.899807
v 5.381452 5.853526 -18.945320
v 5.427691 5.867516 -18.899807
v 7.381452 6.458617 -18.899807
v 5.381452 6.458616 -18.899807
v 5.381452 5.853526 -18.899807
v 7.381452 5.853526 -18.899807
v 7.335212 6.444627 -18.517296
v 5.427691 6.444627 -18.517296
v 5.427691 5.867516 -18.517296
v 7.335212 5.867516 -18.517296
v 5.381755 6.458616 -18.945320
v 5.335516 6.444627 -18.899807
v 3.381755 6.458616 -18.945320
v 3.427994 6.444627 -18.899807
v 5.381755 5.853526 -18.945320
v 5.335516 5.867516 -18.899807
v 3.381755 5.853526 -18.945320
v 3.427994 5.867516 -18.899807
v 5.381755 6.458616 -18.899807
v 3.381755 6.458616 -18.899807
v 3.381755 5.853526 -18.899807
v 5.381755 5.853526 -18.899807
v 5.335516 6.444627 -18.517296
v 3.427994 6.444627 -18.517296
v 3.427994 5.867516 -18.517296
v 5.335516 5.867516 -18.517296
v 3.378554 4.059559 -18.959620
v 3.332315 4.045570 -18.914106
v 1.378554 4.059559 -18.959620
v 1.424793 4.045569 -18.914106
v 3.378554 3.454469 -18.959620
v 3.332315 3.468458 -18.914106
v 1.378554 3.454468 -18.959620
v 1.424793 3.468458 -18.914106
v 3.378554 4.059559 -18.914106
v 1.378554 4.059559 -18.914106
v 1.378554 3.454468 -18.914106
v 3.378554 3.454469 -18.914106
v 3.332315 4.045570 -18.531595
v 1.424793 4.045569 -18.531595
v 1.424793 3.468458 -18.531595
v 3.332315 3.468458 -18.531595
v 3.386103 4.657336 -18.945320
v 3.339864 4.643346 -18.899807
v 1.386103 4.657336 -18.945320
v 1.432341 4.643346 -18.899807
v 3.386103 4.052245 -18.945320
v 3.339864 4.066235 -18.899807
v 1.386103 4.052245 -18.945320
v 1.432342 4.066235 -18.899807
v 3.386103 4.657336 -18.899807
v 1.386103 4.657336 -18.899807
v 1.386103 4.052245 -18.899807
v 3.386103 4.052245 -18.899807
v 3.339864 4.643346 -18.517296
v 1.432341 4.643346 -18.517296
v 1.432342 4.066235 -18.517296
v 3.339864 4.066235 -18.517296
v 3.378554 5.255737 -18.959620
v 3.332315 5.241747 -18.914106
v 1.378554 5.255737 -18.959620
v 1.424793 5.241747 -18.914106
v 3.378554 4.650647 -18.959620
v 3.332315 4.664636 -18.914106
v 1.378554 4.650647 -18.959620
v 1.424793 4.664636 -18.914106
v 3.378554 5.255737 -18.914106
v 1.378554 5.255737 -18.914106
v 1.378554 4.650647 -18.914106
v 3.378554 4.650647 -18.914106
v 3.332315 5.241747 -18.531595
v 1.424793 5.241747 -18.531595
v 1.424793 4.664636 -18.531595
v 3.332315 4.664636 -18.531595
v 3.386102 5.853514 -18.945320
v 3.339864 5.839524 -18.899807
v 1.386102 5.853514 -18.945320
v 1.432341 5.839524 -18.899807
v 3.386102 5.248423 -18.945320
v 3.339864 5.262413 -18.899807
v 1.386103 5.248423 -18.945320
v 1.432341 5.262413 -18.899807
v 3.386102 5.853514 -18.899807
v 1.386102 5.853514 -18.899807
v 1.386103 5.248423 -18.899807
v 3.386102 5.248423 -18.899807
v 3.339864 5.839524 -18.517296
v 1.432341 5.839524 -18.517296
v 1.432341 5.262413 -18.517296
v 3.339864 5.262413 -18.517296
v 3.386102 6.458616 -18.945320
v 3.339864 6.444627 -18.899807
v 1.386102 6.458616 -18.945320
v 1.432341 6.444626 -18.899807
v 3.386102 5.853526 -18.945320
v 3.339864 5.867516 -18.899807
v 1.386102 5.853526 -18.945320
v 1.432341 5.867515 -18.899807
v 3.386102 6.458616 -18.899807
v 1.386102 6.458616 -18.899807
v 1.386102 5.853526 -18.899807
v 3.386102 5.853526 -18.899807
v 3.339864 6.444627 -18.517296
v 1.432341 6.444626 -18.517296
v 1.432341 5.867515 -18.517296
v 3.339864 5.867516 -18.517296
v 1.370740 5.853514 -18.945320
v 1.324501 5.839524 -18.899807
v -0.629260 5.853514 -18.945320
v -0.583021 5.839524 -18.899807
v 1.370740 5.248423 -18.945320
v 1.324501 5.262413 -18.899807
v -0.629260 5.248423 -18.945320
v -0.583021 5.262413 -18.899807
v 1.370740 5.853514 -18.899807
v -0.629260 5.853514 -18.899807
v -0.629260 5.248423 -18.899807
v 1.370740 5.248423 -18.899807
v 1.324501 5.839524 -18.517296
v -0.583021 5.839524 -18.517296
v -0.583021 5.262413 -18.517296
v 1.324501 5.262413 -18.517296
v 1.363191 4.059559 -18.959620
v 1.316952 4.045569 -18.914106
v -0.636809 4.059559 -18.959620
v -0.590569 4.045569 -18.914106
v 1.363191 3.454468 -18.959620
v 1.316952 3.468458 -18.914106
v -0.636809 3.454468 -18.959620
v -0.590569 3.468458 -18.914106
v 1.363191 4.059559 -18.914106
v -0.636809 4.059559 -18.914106
v -0.636809 3.454468 -18.914106
v 1.363191 3.454468 -18.914106
v 1.316952 4.045569 -18.531595
v -0.590569 4.045569 -18.531595
v -0.590569 3.468458 -18.531595
v 1.316952 3.468458 -18.531595
v -0.636505 4.059559 -18.959620
v -0.682744 4.045569 -18.914106
v -2.636505 4.059558 -18.959620
v -2.590266 4.045569 -18.914106
v -0.636505 3.454468 -18.959620
v -0.682744 3.468458 -18.914106
v -2.636505 3.454468 -18.959620
v -2.590266 3.468458 -18.914106
v -0.636505 4.059559 -18.914106
v -2.636505 4.059558 -18.914106
v -2.636505 3.454468 -18.914106
v -0.636505 3.454468 -18.914106
v -0.682744 4.045569 -18.531595
v -2.590266 4.045569 -18.531595
v -2.590266 3.468458 -18.531595
v -0.682744 3.468458 -18.531595
v 1.370740 4.657336 -18.945320
v 1.324501 4.643346 -18.899807
v -0.629260 4.657336 -18.945320
v -0.583021 4.643346 -18.899807
v 1.370740 4.052245 -18.945320
v 1.324501 4.066235 -18.899807
v -0.629260 4.052245 -18.945320
v -0.583021 4.066235 -18.899807
v 1.370740 4.657336 -18.899807
v -0.629260 4.657336 -18.899807
v -0.629260 4.052245 -18.899807
v 1.370740 4.052245 -18.899807
v 1.324501 4.643346 -18.517296
v -0.583021 4.643346 -18.517296
v -0.583021 4.066235 -18.517296
v 1.324501 4.066235 -18.517296
v -0.628956 4.657336 -18.945320
v -0.675195 4.643346 -18.899807
v -2.628956 4.657335 -18.945320
v -2.582717 4.643346 -18.899807
v -0.628956 4.052245 -18.945320
v -0.675195 4.066235 -18.899807
v -2.628956 4.052245 -18.945320
v -2.582717 4.066234 -18.899807
v -0.628956 4.657336 -18.899807
v -2.628956 4.657335 -18.899807
v -2.628956 4.052245 -18.899807
v -0.628956 4.052245 -18.899807
v -0.675195 4.643346 -18.517296
v -2.582717 4.643346 -18.517296
v -2.582717 4.066234 -18.517296
v -0.675195 4.066235 -18.517296
v -2.629426 4.059558 -18.959620
v -2.675665 4.045569 -18.914106
v -4.629426 4.059558 -18.959620
v -4.583187 4.045569 -18.914106
v -2.629426 3.454468 -18.959620
v -2.675665 3.468458 -18.914106
v -4.629426 3.454468 -18.959620
v -4.583187 3.468457 -18.914106
v -2.629426 4.059558 -18.914106
v -4.629426 4.059558 -18.914106
v -4.629426 3.454468 -18.914106
v -2.629426 3.454468 -18.914106
v -2.675665 4.045569 -18.531595
v -4.583187 4.045569 -18.531595
v -4.583187 3.468457 -18.531595
v -2.675665 3.468458 -18.531595
v -4.629122 4.059558 -18.959620
v -4.675361 4.045569 -18.914106
v -6.629121 4.059558 -18.959620
v -6.582883 4.045569 -18.914106
v -4.629122 3.454468 -18.959620
v -4.675361 3.468457 -18.914106
v -6.629121 3.454468 -18.959620
v -6.582883 3.468457 -18.914106
v -4.629122 4.059558 -18.914106
v -6.629121 4.059558 -18.914106
v -6.629121 3.454468 -18.914106
v -4.629122 3.454468 -18.914106
v -4.675361 4.045569 -18.531595
v -6.582883 4.045569 -18.531595
v -6.582883 3.468457 -18.531595
v -4.675361 3.468457 -18.531595
v -2.621877 4.657335 -18.945320
v -2.668117 4.643346 -18.899807
v -4.621877 4.657335 -18.945320
v -4.575638 4.643346 -18.899807
v -2.621877 4.052245 -18.945320
v -2.668117 4.066234 -18.899807
v -4.621877 4.052245 -18.945320
v -4.575638 4.066234 -18.899807
v -2.621877 4.657335 -18.899807
v -4.621877 4.657335 -18.899807
v -4.621877 4.052245 -18.899807
v -2.621877 4.052245 -18.899807
v -2.668117 4.643346 -18.517296
v -4.575638 4.643346 -18.517296
v -4.575638 4.066234 -18.517296
v -2.668117 4.066234 -18.517296
v -4.621573 4.657335 -18.945320
v -4.667811 4.643346 -18.899807
v -6.621573 4.657335 -18.945320
v -6.575334 4.643346 -18.899807
v -4.621573 4.052245 -18.945320
v -4.667811 4.066234 -18.899807
v -6.621573 4.052245 -18.945320
v -6.575334 4.066234 -18.899807
v -4.621573 4.657335 -18.899807
v -6.621573 4.657335 -18.899807
v -6.621573 4.052245 -18.899807
v -4.621573 4.052245 -18.899807
v -4.667811 4.643346 -18.517296
v -6.575334 4.643346 -18.517296
v -6.575334 4.066234 -18.517296
v -4.667811 4.066234 -18.517296
v 1.363191 5.255737 -18.959620
v 1.316952 5.241747 -18.914106
v -0.636810 5.255737 -18.959620
v -0.590570 5.241747 -18.914106
v 1.363191 4.650647 -18.959620
v 1.316952 4.664636 -18.914106
v -0.636809 4.650647 -18.959620
v -0.590570 4.664636 -18.914106
v 1.363191 5.255737 -18.914106
v -0.636810 5.255737 -18.914106
v -0.636809 4.650647 -18.914106
v 1.363191 4.650647 -18.914106
v 1.316952 5.241747 -18.531595
v -0.590570 5.241747 -18.531595
v -0.590570 4.664636 -18.531595
v 1.316952 4.664636 -18.531595
v -0.636505 5.255737 -18.959620
v -0.682744 5.241747 -18.914106
v -2.636505 5.255736 -18.959620
v -2.590266 5.241747 -18.914106
v -0.636505 4.650647 -18.959620
v -0.682744 4.664636 -18.914106
v -2.636505 4.650646 -18.959620
v -2.590266 4.664636 -18.914106
v -0.636505 5.255737 -18.914106
v -2.636505 5.255736 -18.914106
v -2.636505 4.650646 -18.914106
v -0.636505 4.650647 -18.914106
v -0.682744 5.241747 -18.531595
v -2.590266 5.241747 -18.531595
v -2.590266 4.664636 -18.531595
v -0.682744 4.664636 -18.531595
v -0.628956 5.853514 -18.945320
v -0.675195 5.839524 -18.899807
v -2.628956 5.853514 -18.945320
v -2.582717 5.839524 -18.899807
v -0.628956 5.248423 -18.945320
v -0.675195 5.262413 -18.899807
v -2.628956 5.248423 -18.945320
v -2.582717 5.262412 -18.899807
v -0.628956 5.853514 -18.899807
v -2.628956 5.853514 -18.899807
v -2.628956 5.248423 -18.899807
v -0.628956 5.248423 -18.899807
v -0.675195 5.839524 -18.517296
v -2.582717 5.839524 -18.517296
v -2.582717 5.262412 -18.517296
v -0.675195 5.262413 -18.517296
v -2.629426 5.255736 -18.959620
v -2.675665 5.241747 -18.914106
v -4.629426 5.255736 -18.959620
v -4.583187 5.241747 -18.914106
v -2.629426 4.650646 -18.959620
v -2.675665 4.664636 -18.914106
v -4.629426 4.650646 -18.959620
v -4.583187 4.664636 -18.914106
v -2.629426 5.255736 -18.914106
v -4.629426 5.255736 -18.914106
v -4.629426 4.650646 -18.914106
v -2.629426 4.650646 -18.914106
v -2.675665 5.241747 -18.531595
v -4.583187 5.241747 -18.531595
v -4.583187 4.664636 -18.531595
v -2.675665 4.664636 -18.531595
v -4.629122 5.255736 -18.959620
v -4.675361 5.241747 -18.914106
v -6.629121 5.255736 -18.959620
v -6.582883 5.241747 -18.914106
v -4.629122 4.650646 -18.959620
v -4.675361 4.664636 -18.914106
v -6.629121 4.650646 -18.959620
v -6.582883 4.664636 -18.914106
v -4.629122 5.255736 -18.914106
v -6.629121 5.255736 -18.914106
v -6.629121 4.650646 -18.914106
v -4.629122 4.650646 -18.914106
v -4.675361 5.241747 -18.531595
v -6.582883 5.241747 -18.531595
v -6.582883 4.664636 -18.531595
v -4.675361 4.664636 -18.531595
v -2.621877 5.853514 -18.945320
v -2.668117 5.839524 -18.899807
v -4.621877 5.853513 -18.945320
v -4.575638 5.839524 -18.899807
v -2.621877 5.248423 -18.945320
v -2.668117 5.262412 -18.899807
v -4.621877 5.248423 -18.945320
v -4.575638 5.262412 -18.899807
v -2.621877 5.853514 -18.899807
v -4.621877 5.853513 -18.899807
v -4.621877 5.248423 -18.899807
v -2.621877 5.248423 -18.899807
v -2.668117 5.839524 -18.517296
v -4.575638 5.839524 -18.517296
v -4.575638 5.262412 -18.517296
v -2.668117 5.262412 -18.517296
v -4.621573 5.853513 -18.945320
v -4.667811 5.839524 -18.899807
v -6.621573 5.853513 -18.945320
v -6.575334 5.839523 -18.899807
v -4.621573 5.248423 -18.945320
v -4.667811 5.262412 -18.899807
v -6.621573 5.248423 -18.945320
v -6.575334 5.262412 -18.899807
v -4.621573 5.853513 -18.899807
v -6.621573 5.853513 -18.899807
v -6.621573 5.248423 -18.899807
v -4.621573 5.248423 -18.899807
v -4.667811 5.839524 -18.517296
v -6.575334 5.839523 -18.517296
v -6.575334 5.262412 -18.517296
v -4.667811 5.262412 -18.517296
v 1.370740 6.458616 -18.945320
v 1.324501 6.444626 -18.899807
v -0.629260 6.458616 -18.945320
v -0.583021 6.444626 -18.899807
v 1.370740 5.853526 -18.945320
v 1.324501 5.867515 -18.899807
v -0.629260 5.853525 -18.945320
v -0.583021 5.867515 -18.899807
v 1.370740 6.458616 -18.899807
v -0.629260 6.458616 -18.899807
v -0.629260 5.853525 -18.899807
v 1.370740 5.853526 -18.899807
v 1.324501 6.444626 -18.517296
v -0.583021 6.444626 -18.517296
v -0.583021 5.867515 -18.517296
v 1.324501 5.867515 -18.517296
v -0.628956 6.458616 -18.945320
v -0.675195 6.444626 -18.899807
v -2.628956 6.458616 -18.945320
v -2.582717 6.444626 -18.899807
v -0.628956 5.853525 -18.945320
v -0.675195 5.867515 -18.899807
v -2.628956 5.853525 -18.945320
v -2.582717 5.867515 -18.899807
v -0.628956 6.458616 -18.899807
v -2.628956 6.458616 -18.899807
v -2.628956 5.853525 -18.899807
v -0.628956 5.853525 -18.899807
v -0.675195 6.444626 -18.517296
v -2.582717 6.444626 -18.517296
v -2.582717 5.867515 -18.517296
v -0.675195 5.867515 -18.517296
v -2.621877 6.458616 -18.945320
v -2.668117 6.444626 -18.899807
v -4.621877 6.458616 -18.945320
v -4.575638 6.444626 -18.899807
v -2.621877 5.853525 -18.945320
v -2.668117 5.867515 -18.899807
v -4.621877 5.853525 -18.945320
v -4.575638 5.867515 -18.899807
v -2.621877 6.458616 -18.899807
v -4.621877 6.458616 -18.899807
v -4.621877 5.853525 -18.899807
v -2.621877 5.853525 -18.899807
v -2.668117 6.444626 -18.517296
v -4.575638 6.444626 -18.517296
v -4.575638 5.867515 -18.517296
v -2.668117 5.867515 -18.517296
v -4.621573 6.458616 -18.945320
v -4.667811 6.444626 -18.899807
v -6.621573 6.458615 -18.945320
v -6.575334 6.444626 -18.899807
v -4.621573 5.853525 -18.945320
v -4.667811 5.867515 -18.899807
v -6.621573 5.853525 -18.945320
v -6.575334 5.867515 -18.899807
v -4.621573 6.458616 -18.899807
v -6.621573 6.458615 -18.899807
v -6.621573 5.853525 -18.899807
v -4.621573 5.853525 -18.899807
v -4.667811 6.444626 -18.517296
v -6.575334 6.444626 -18.517296
v -6.575334 5.867515 -18.517296
v -4.667811 5.867515 -18.517296
v -6.624774 4.059558 -18.959620
v -6.671014 4.045569 -18.914106
v -8.624774 4.059558 -18.959620
v -8.578534 4.045569 -18.914106
v -6.624774 3.454468 -18.959620
v -6.671014 3.468457 -18.914106
v -8.624774 3.454468 -18.959620
v -8.578534 3.468457 -18.914106
v -6.624774 4.059558 -18.914106
v -8.624774 4.059558 -18.914106
v -8.624774 3.454468 -18.914106
v -6.624774 3.454468 -18.914106
v -6.671014 4.045569 -18.531595
v -8.578534 4.045569 -18.531595
v -8.578534 3.468457 -18.531595
v -6.671014 3.468457 -18.531595
v -6.617227 4.657335 -18.945320
v -6.663465 4.643346 -18.899807
v -8.617227 4.657335 -18.945320
v -8.570987 4.643346 -18.899807
v -6.617227 4.052245 -18.945320
v -6.663465 4.066234 -18.899807
v -8.617227 4.052244 -18.945320
v -8.570987 4.066234 -18.899807
v -6.617227 4.657335 -18.899807
v -8.617227 4.657335 -18.899807
v -8.617227 4.052244 -18.899807
v -6.617227 4.052245 -18.899807
v -6.663465 4.643346 -18.517296
v -8.570987 4.643346 -18.517296
v -8.570987 4.066234 -18.517296
v -6.663465 4.066234 -18.517296
v -6.624774 5.255736 -18.959620
v -6.671014 5.241747 -18.914106
v -8.624774 5.255736 -18.959620
v -8.578534 5.241747 -18.914106
v -6.624774 4.650646 -18.959620
v -6.671014 4.664636 -18.914106
v -8.624774 4.650646 -18.959620
v -8.578534 4.664636 -18.914106
v -6.624774 5.255736 -18.914106
v -8.624774 5.255736 -18.914106
v -8.624774 4.650646 -18.914106
v -6.624774 4.650646 -18.914106
v -6.671014 5.241747 -18.531595
v -8.578534 5.241747 -18.531595
v -8.578534 4.664636 -18.531595
v -6.671014 4.664636 -18.531595
v -6.617227 5.853513 -18.945320
v -6.663465 5.839523 -18.899807
v -8.617227 5.853513 -18.945320
v -8.570987 5.839523 -18.899807
v -6.617227 5.248423 -18.945320
v -6.663465 5.262412 -18.899807
v -8.617227 5.248423 -18.945320
v -8.570987 5.262412 -18.899807
v -6.617227 5.853513 -18.899807
v -8.617227 5.853513 -18.899807
v -8.617227 5.248423 -18.899807
v -6.617227 5.248423 -18.899807
v -6.663465 5.839523 -18.517296
v -8.570987 5.839523 -18.517296
v -8.570987 5.262412 -18.517296
v -6.663465 5.262412 -18.517296
v -6.617227 6.458615 -18.945320
v -6.663465 6.444626 -18.899807
v -8.617227 6.458615 -18.945320
v -8.570987 6.444626 -18.899807
v -6.617227 5.853525 -18.945320
v -6.663465 5.867515 -18.899807
v -8.617227 5.853525 -18.945320
v -8.570987 5.867515 -18.899807
v -6.617227 6.458615 -18.899807
v -8.617227 6.458615 -18.899807
v -8.617227 5.853525 -18.899807
v -6.617227 5.853525 -18.899807
v -6.663465 6.444626 -18.517296
v -8.570987 6.444626 -18.517296
v -8.570987 5.867515 -18.517296
v -6.663465 5.867515 -18.517296
v 1.370740 2.848606 -18.945320
v 1.324501 2.834617 -18.899807
v -0.629260 2.848606 -18.945320
v -0.583021 2.834617 -18.899807
v 1.370740 2.243515 -18.945320
v 1.324501 2.257505 -18.899807
v -0.629260 2.243515 -18.945320
v -0.583021 2.257505 -18.899807
v 1.370740 2.848606 -18.899807
v -0.629260 2.848606 -18.899807
v -0.629260 2.243515 -18.899807
v 1.370740 2.243515 -18.899807
v 1.324501 2.834617 -18.517296
v -0.583021 2.834617 -18.517296
v -0.583021 2.257505 -18.517296
v 1.324501 2.257505 -18.517296
v 1.363191 1.054651 -18.959620
v 1.316952 1.040662 -18.914106
v -0.636809 1.054651 -18.959620
v -0.590569 1.040662 -18.914106
v 1.363191 0.449561 -18.959620
v 1.316952 0.463550 -18.914106
v -0.636809 0.449560 -18.959620
v -0.590569 0.463550 -18.914106
v 1.363191 1.054651 -18.914106
v -0.636809 1.054651 -18.914106
v -0.636809 0.449560 -18.914106
v 1.363191 0.449561 -18.914106
v 1.316952 1.040662 -18.531595
v -0.590569 1.040662 -18.531595
v -0.590569 0.463550 -18.531595
v 1.316952 0.463550 -18.531595
v -0.636505 1.054651 -18.959620
v -0.682744 1.040662 -18.914106
v -2.636505 1.054651 -18.959620
v -2.590266 1.040662 -18.914106
v -0.636505 0.449560 -18.959620
v -0.682744 0.463550 -18.914106
v -2.636505 0.449560 -18.959620
v -2.590266 0.463550 -18.914106
v -0.636505 1.054651 -18.914106
v -2.636505 1.054651 -18.914106
v -2.636505 0.449560 -18.914106
v -0.636505 0.449560 -18.914106
v -0.682744 1.040662 -18.531595
v -2.590266 1.040662 -18.531595
v -2.590266 0.463550 -18.531595
v -0.682744 0.463550 -18.531595
v 1.370740 1.652428 -18.945320
v 1.324501 1.638439 -18.899807
v -0.629260 1.652428 -18.945320
v -0.583021 1.638439 -18.899807
v 1.370740 1.047338 -18.945320
v 1.324501 1.061327 -18.899807
v -0.629260 1.047337 -18.945320
v -0.583021 1.061327 -18.899807
v 1.370740 1.652428 -18.899807
v -0.629260 1.652428 -18.899807
v -0.629260 1.047337 -18.899807
v 1.370740 1.047338 -18.899807
v 1.324501 1.638439 -18.517296
v -0.583021 1.638439 -18.517296
v -0.583021 1.061327 -18.517296
v 1.324501 1.061327 -18.517296
v -0.628956 1.652428 -18.945320
v -0.675195 1.638439 -18.899807
v -2.628956 1.652427 -18.945320
v -2.582717 1.638438 -18.899807
v -0.628956 1.047337 -18.945320
v -0.675195 1.061327 -18.899807
v -2.628956 1.047337 -18.945320
v -2.582717 1.061327 -18.899807
v -0.628956 1.652428 -18.899807
v -2.628956 1.652427 -18.899807
v -2.628956 1.047337 -18.899807
v -0.628956 1.047337 -18.899807
v -0.675195 1.638439 -18.517296
v -2.582717 1.638438 -18.517296
v -2.582717 1.061327 -18.517296
v -0.675195 1.061327 -18.517296
v -2.629426 1.054651 -18.959620
v -2.675665 1.040662 -18.914106
v -4.629426 1.054651 -18.959620
v -4.583187 1.040661 -18.914106
v -2.629426 0.449560 -18.959620
v -2.675665 0.463550 -18.914106
v -4.629426 0.449560 -18.959620
v -4.583187 0.463550 -18.914106
v -2.629426 1.054651 -18.914106
v -4.629426 1.054651 -18.914106
v -4.629426 0.449560 -18.914106
v -2.629426 0.449560 -18.914106
v -2.675665 1.040662 -18.531595
v -4.583187 1.040661 -18.531595
v -4.583187 0.463550 -18.531595
v -2.675665 0.463550 -18.531595
v -4.629122 1.054651 -18.959620
v -4.675361 1.040661 -18.914106
v -6.629121 1.054651 -18.959620
v -6.582883 1.040661 -18.914106
v -4.629122 0.449560 -18.959620
v -4.675361 0.463550 -18.914106
v -6.629121 0.449560 -18.959620
v -6.582883 0.463549 -18.914106
v -4.629122 1.054651 -18.914106
v -6.629121 1.054651 -18.914106
v -6.629121 0.449560 -18.914106
v -4.629122 0.449560 -18.914106
v -4.675361 1.040661 -18.531595
v -6.582883 1.040661 -18.531595
v -6.582883 0.463549 -18.531595
v -4.675361 0.463550 -18.531595
v -2.621876 1.652427 -18.945320
v -2.668117 1.638438 -18.899807
v -4.621877 1.652427 -18.945320
v -4.575638 1.638438 -18.899807
v -2.621876 1.047337 -18.945320
v -2.668117 1.061327 -18.899807
v -4.621877 1.047337 -18.945320
v -4.575638 1.061327 -18.899807
v -2.621876 1.652427 -18.899807
v -4.621877 1.652427 -18.899807
v -4.621877 1.047337 -18.899807
v -2.621876 1.047337 -18.899807
v -2.668117 1.638438 -18.517296
v -4.575638 1.638438 -18.517296
v -4.575638 1.061327 -18.517294
v -2.668117 1.061327 -18.517296
v -4.621573 1.652427 -18.945320
v -4.667811 1.638438 -18.899807
v -6.621573 1.652427 -18.945320
v -6.575334 1.638438 -18.899807
v -4.621573 1.047337 -18.945320
v -4.667811 1.061327 -18.899807
v -6.621573 1.047337 -18.945318
v -6.575334 1.061326 -18.899807
v -4.621573 1.652427 -18.899807
v -6.621573 1.652427 -18.899807
v -6.621573 1.047337 -18.899807
v -4.621573 1.047337 -18.899807
v -4.667811 1.638438 -18.517296
v -6.575334 1.638438 -18.517294
v -6.575334 1.061326 -18.517294
v -4.667811 1.061327 -18.517294
v 1.363191 2.250829 -18.959620
v 1.316952 2.236840 -18.914106
v -0.636809 2.250829 -18.959620
v -0.590569 2.236840 -18.914106
v 1.363191 1.645739 -18.959620
v 1.316952 1.659728 -18.914106
v -0.636809 1.645738 -18.959620
v -0.590569 1.659727 -18.914106
v 1.363191 2.250829 -18.914106
v -0.636809 2.250829 -18.914106
v -0.636809 1.645738 -18.914106
v 1.363191 1.645739 -18.914106
v 1.316952 2.236840 -18.531595
v -0.590569 2.236840 -18.531595
v -0.590569 1.659727 -18.531595
v 1.316952 1.659728 -18.531595
v -0.636505 2.250829 -18.959620
v -0.682744 2.236840 -18.914106
v -2.636505 2.250829 -18.959620
v -2.590266 2.236839 -18.914106
v -0.636505 1.645738 -18.959620
v -0.682744 1.659727 -18.914106
v -2.636505 1.645738 -18.959620
v -2.590266 1.659727 -18.914106
v -0.636505 2.250829 -18.914106
v -2.636505 2.250829 -18.914106
v -2.636505 1.645738 -18.914106
v -0.636505 1.645738 -18.914106
v -0.682744 2.236840 -18.531595
v -2.590266 2.236839 -18.531595
v -2.590266 1.659727 -18.531595
v -0.682744 1.659727 -18.531595
v -0.628956 2.848606 -18.945320
v -0.675195 2.834616 -18.899807
v -2.628956 2.848606 -18.945320
v -2.582717 2.834616 -18.899807
v -0.628956 2.243515 -18.945320
v -0.675195 2.257505 -18.899807
v -2.628956 2.243515 -18.945320
v -2.582717 2.257504 -18.899807
v -0.628956 2.848606 -18.899807
v -2.628956 2.848606 -18.899807
v -2.628956 2.243515 -18.899807
v -0.628956 2.243515 -18.899807
v -0.675195 2.834616 -18.517296
v -2.582717 2.834616 -18.517296
v -2.582717 2.257504 -18.517296
v -0.675195 2.257505 -18.517296
v -2.629426 2.250829 -18.959620
v -2.675665 2.236839 -18.914106
v -4.629426 2.250829 -18.959620
v -4.583187 2.236839 -18.914106
v -2.629426 1.645738 -18.959620
v -2.675665 1.659727 -18.914106
v -4.629426 1.645738 -18.959620
v -4.583187 1.659727 -18.914106
v -2.629426 2.250829 -18.914106
v -4.629426 2.250829 -18.914106
v -4.629426 1.645738 -18.914106
v -2.629426 1.645738 -18.914106
v -2.675665 2.236839 -18.531595
v -4.583187 2.236839 -18.531595
v -4.583187 1.659727 -18.531595
v -2.675665 1.659727 -18.531595
v -4.629122 2.250829 -18.959620
v -4.675361 2.236839 -18.914106
v -6.629121 2.250829 -18.959620
v -6.582883 2.236839 -18.914106
v -4.629122 1.645738 -18.959620
v -4.675361 1.659727 -18.914106
v -6.629121 1.645738 -18.959620
v -6.582883 1.659727 -18.914106
v -4.629122 2.250829 -18.914106
v -6.629121 2.250829 -18.914106
v -6.629121 1.645738 -18.914106
v -4.629122 1.645738 -18.914106
v -4.675361 2.236839 -18.531595
v -6.582883 2.236839 -18.531595
v -6.582883 1.659727 -18.531595
v -4.675361 1.659727 -18.531595
v -2.621877 2.848606 -18.945320
v -2.668117 2.834616 -18.899807
v -4.621877 2.848606 -18.945320
v -4.575638 2.834616 -18.899807
v -2.621877 2.243515 -18.945320
v -2.668117 2.257504 -18.899807
v -4.621877 2.243515 -18.945320
v -4.575638 2.257504 -18.899807
v -2.621877 2.848606 -18.899807
v -4.621877 2.848606 -18.899807
v -4.621877 2.243515 -18.899807
v -2.621877 2.243515 -18.899807
v -2.668117 2.834616 -18.517296
v -4.575638 2.834616 -18.517296
v -4.575638 2.257504 -18.517296
v -2.668117 2.257504 -18.517296
v -4.621573 2.848606 -18.945320
v -4.667811 2.834616 -18.899807
v -6.621573 2.848606 -18.945320
v -6.575334 2.834616 -18.899807
v -4.621573 2.243515 -18.945320
v -4.667811 2.257504 -18.899807
v -6.621573 2.243515 -18.945320
v -6.575334 2.257504 -18.899807
v -4.621573 2.848606 -18.899807
v -6.621573 2.848606 -18.899807
v -6.621573 2.243515 -18.899807
v -4.621573 2.243515 -18.899807
v -4.667811 2.834616 -18.517296
v -6.575334 2.834616 -18.517296
v -6.575334 2.257504 -18.517296
v -4.667811 2.257504 -18.517296
v 1.370740 3.453708 -18.945320
v 1.324501 3.439719 -18.899807
v -0.629260 3.453708 -18.945320
v -0.583021 3.439719 -18.899807
v 1.370740 2.848618 -18.945320
v 1.324501 2.862607 -18.899807
v -0.629260 2.848618 -18.945320
v -0.583021 2.862607 -18.899807
v 1.370740 3.453708 -18.899807
v -0.629260 3.453708 -18.899807
v -0.629260 2.848618 -18.899807
v 1.370740 2.848618 -18.899807
v 1.324501 3.439719 -18.517296
v -0.583021 3.439719 -18.517296
v -0.583021 2.862607 -18.517296
v 1.324501 2.862607 -18.517296
v -0.628956 3.453708 -18.945320
v -0.675195 3.439719 -18.899807
v -2.628956 3.453708 -18.945320
v -2.582717 3.439719 -18.899807
v -0.628956 2.848618 -18.945320
v -0.675195 2.862607 -18.899807
v -2.628956 2.848618 -18.945320
v -2.582717 2.862607 -18.899807
v -0.628956 3.453708 -18.899807
v -2.628956 3.453708 -18.899807
v -2.628956 2.848618 -18.899807
v -0.628956 2.848618 -18.899807
v -0.675195 3.439719 -18.517296
v -2.582717 3.439719 -18.517296
v -2.582717 2.862607 -18.517296
v -0.675195 2.862607 -18.517296
v -2.621877 3.453708 -18.945320
v -2.668117 3.439719 -18.899807
v -4.621877 3.453708 -18.945320
v -4.575638 3.439718 -18.899807
v -2.621877 2.848618 -18.945320
v -2.668117 2.862607 -18.899807
v -4.621877 2.848618 -18.945320
v -4.575638 2.862607 -18.899807
v -2.621877 3.453708 -18.899807
v -4.621877 3.453708 -18.899807
v -4.621877 2.848618 -18.899807
v -2.621877 2.848618 -18.899807
v -2.668117 3.439719 -18.517296
v -4.575638 3.439718 -18.517296
v -4.575638 2.862607 -18.517296
v -2.668117 2.862607 -18.517296
v -4.621573 3.453708 -18.945320
v -4.667811 3.439718 -18.899807
v -6.621573 3.453708 -18.945320
v -6.575334 3.439718 -18.899807
v -4.621573 2.848618 -18.945320
v -4.667811 2.862607 -18.899807
v -6.621573 2.848618 -18.945320
v -6.575334 2.862607 -18.899807
v -4.621573 3.453708 -18.899807
v -6.621573 3.453708 -18.899807
v -6.621573 2.848618 -18.899807
v -4.621573 2.848618 -18.899807
v -4.667811 3.439718 -18.517296
v -6.575334 3.439718 -18.517296
v -6.575334 2.862607 -18.517296
v -4.667811 2.862607 -18.517296
v -6.624774 1.054651 -18.959620
v -6.671014 1.040661 -18.914106
v -8.624774 1.054651 -18.959620
v -8.578534 1.040661 -18.914106
v -6.624774 0.449560 -18.959620
v -6.671014 0.463549 -18.914106
v -8.624774 0.449560 -18.959620
v -8.578534 0.463549 -18.914106
v -6.624774 1.054651 -18.914106
v -8.624774 1.054651 -18.914106
v -8.624774 0.449560 -18.914106
v -6.624774 0.449560 -18.914106
v -6.671014 1.040661 -18.531595
v -8.578534 1.040661 -18.531595
v -8.578534 0.463549 -18.531595
v -6.671014 0.463549 -18.531595
v -6.617227 1.652427 -18.945320
v -6.663465 1.638438 -18.899807
v -8.617227 1.652427 -18.945318
v -8.570987 1.638438 -18.899807
v -6.617227 1.047337 -18.945318
v -6.663465 1.061326 -18.899807
v -8.617227 1.047337 -18.945318
v -8.570987 1.061326 -18.899807
v -6.617227 1.652427 -18.899807
v -8.617227 1.652427 -18.899807
v -8.617227 1.047337 -18.899807
v -6.617227 1.047337 -18.899807
v -6.663465 1.638438 -18.517294
v -8.570987 1.638438 -18.517294
v -8.570987 1.061326 -18.517294
v -6.663465 1.061326 -18.517294
v -6.624774 2.250829 -18.959620
v -6.671014 2.236839 -18.914106
v -8.624774 2.250829 -18.959620
v -8.578534 2.236839 -18.914106
v -6.624774 1.645738 -18.959620
v -6.671014 1.659727 -18.914106
v -8.624774 1.645738 -18.959620
v -8.578534 1.659727 -18.914106
v -6.624774 2.250829 -18.914106
v -8.624774 2.250829 -18.914106
v -8.624774 1.645738 -18.914106
v -6.624774 1.645738 -18.914106
v -6.671014 2.236839 -18.531595
v -8.578534 2.236839 -18.531595
v -8.578534 1.659727 -18.531595
v -6.671014 1.659727 -18.531595
v -6.617227 2.848606 -18.945320
v -6.663465 2.834616 -18.899807
v -8.617227 2.848605 -18.945320
v -8.570987 2.834616 -18.899807
v -6.617227 2.243515 -18.945320
v -6.663465 2.257504 -18.899807
v -8.617227 2.243515 -18.945320
v -8.570987 2.257504 -18.899807
v -6.617227 2.848606 -18.899807
v -8.617227 2.848605 -18.899807
v -8.617227 2.243515 -18.899807
v -6.617227 2.243515 -18.899807
v -6.663465 2.834616 -18.517296
v -8.570987 2.834616 -18.517296
v -8.570987 2.257504 -18.517294
v -6.663465 2.257504 -18.517296
v -6.617227 3.453708 -18.945320
v -6.663465 3.439718 -18.899807
v -8.617227 3.453708 -18.945320
v -8.570987 3.439718 -18.899807
v -6.617227 2.848618 -18.945320
v -6.663465 2.862607 -18.899807
v -8.617227 2.848617 -18.945320
v -8.570987 2.862607 -18.899807
v -6.617227 3.453708 -18.899807
v -8.617227 3.453708 -18.899807
v -8.617227 2.848617 -18.899807
v -6.617227 2.848618 -18.899807
v -6.663465 3.439718 -18.517296
v -8.570987 3.439718 -18.517296
v -8.570987 2.862607 -18.517296
v -6.663465 2.862607 -18.517296
vn -0.0000 1.0000 -0.0000
vn -1.0000 -0.0000 -0.0000
vn -0.0000 -1.0000 -0.0000
vn 1.0000 -0.0000 -0.0000
vn -0.0000 -0.0000 -1.0000
vn -0.0000 -0.0000 1.0000
vt 0.375000 0.000000
vt 0.625000 0.000000
vt 0.625000 0.250000
vt 0.375000 0.250000
vt 0.625000 0.500000
vt 0.375000 0.500000
vt 0.625000 0.750000
vt 0.375000 0.750000
vt 0.625000 1.000000
vt 0.375000 1.000000
vt 0.125000 0.500000
vt 0.125000 0.750000
vt 0.630780 0.744220
vt 0.630780 0.505780
vt 0.869220 0.744220
vt 0.869220 0.505780
vt 0.875000 0.500000
vt 0.875000 0.750000
s 0
f 4801/55/19 4803/58/19 4810/57/19 4809/56/19
f 4803/58/20 4807/60/20 4811/59/20 4810/57/20
f 4807/60/21 4805/62/21 4812/61/21 4811/59/21
f 4805/62/22 4801/64/22 4809/63/22 4812/61/22
f 4803/65/23 4801/66/23 4805/62/23 4807/60/23
f 4806/67/21 4816/67/21 4815/68/21 4808/68/21
f 4802/69/24 4809/72/24 4810/71/24 4804/70/24
f 4804/70/24 4810/71/24 4811/59/24 4808/68/24
f 4808/68/24 4811/59/24 4812/61/24 4806/67/24
f 4806/67/24 4812/61/24 4809/72/24 4802/69/24
f 4815/68/24 4816/67/24 4813/69/24 4814/70/24
f 4804/70/19 4814/70/19 4813/69/19 4802/69/19
f 4802/69/22 4813/69/22 4816/67/22 4806/67/22
f 4808/68/20 4815/68/20 4814/70/20 4804/70/20
f 4817/55/19 4819/58/19 4826/57/19 4825/56/19
f 4819/58/20 4823/60/20 4827/59/20 4826/57/20
f 4823/60/21 4821/62/21 4828/61/21 4827/59/21
f 4821/62/22 4817/64/22 4825/63/22 4828/61/22
f 4819/65/23 4817/66/23 4821/62/23 4823/60/23
f 4822/67/21 4832/67/21 4831/68/21 4824/68/21
f 4818/69/24 4825/72/24 4826/71/24 4820/70/24
f 4820/70/24 4826/71/24 4827/59/24 4824/68/24
f 4824/68/24 4827/59/24 4828/61/24 4822/67/24
f 4822/67/24 4828/61/24 4825/72/24 4818/69/24
f 4831/68/24 4832/67/24 4829/69/24 4830/70/24
f 4820/70/19 4830/70/19 4829/69/19 4818/69/19
f 4818/69/22 4829/69/22 4832/67/22 4822/67/22
f 4824/68/20 4831/68/20 4830/70/20 4820/70/20
f 4833/55/19 4835/58/19 4842/57/19 4841/56/19
f 4835/58/20 4839/60/20 4843/59/20 4842/57/20
f 4839/60/21 4837/62/21 4844/61/21 4843/59/21
f 4837/62/22 4833/64/22 4841/63/22 4844/61/22
f 4835/65/23 4833/66/23 4837/62/23 4839/60/23
f 4838/67/21 4848/67/21 4847/68/21 4840/68/21
f 4834/69/24 4841/72/24 4842/71/24 4836/70/24
f 4836/70/24 4842/71/24 4843/59/24 4840/68/24
f 4840/68/24 4843/59/24 4844/61/24 4838/67/24
f 4838/67/24 4844/61/24 4841/72/24 4834/69/24
f 4847/68/24 4848/67/24 4845/69/24 4846/70/24
f 4836/70/19 4846/70/19 4845/69/19 4834/69/19
f 4834/69/22 4845/69/22 4848/67/22 4838/67/22
f 4840/68/20 4847/68/20 4846/70/20 4836/70/20
f 4849/55/19 4851/58/19 4858/57/19 4857/56/19
f 4851/58/20 4855/60/20 4859/59/20 4858/57/20
f 4855/60/21 4853/62/21 4860/61/21 4859/59/21
f 4853/62/22 4849/64/22 4857/63/22 4860/61/22
f 4851/65/23 4849/66/23 4853/62/23 4855/60/23
f 4854/67/21 4864/67/21 4863/68/21 4856/68/21
f 4850/69/24 4857/72/24 4858/71/24 4852/70/24
f 4852/70/24 4858/71/24 4859/59/24 4856/68/24
f 4856/68/24 4859/59/24 4860/61/24 4854/67/24
f 4854/67/24 4860/61/24 4857/72/24 4850/69/24
f 4863/68/24 4864/67/24 4861/69/24 4862/70/24
f 4852/70/19 4862/70/19 4861/69/19 4850/69/19
f 4850/69/22 4861/69/22 4864/67/22 4854/67/22
f 4856/68/20 4863/68/20 4862/70/20 4852/70/20
f 4865/55/19 4867/58/19 4874/57/19 4873/56/19
f 4867/58/20 4871/60/20 4875/59/20 4874/57/20
f 4871/60/21 4869/62/21 4876/61/21 4875/59/21
f 4869/62/22 4865/64/22 4873/63/22 4876/61/22
f 4867/65/23 4865/66/23 4869/62/23 4871/60/23
f 4870/67/21 4880/67/21 4879/68/21 4872/68/21
f 4866/69/24 4873/72/24 4874/71/24 4868/70/24
f 4868/70/24 4874/71/24 4875/59/24 4872/68/24
f 4872/68/24 4875/59/24 4876/61/24 4870/67/24
f 4870/67/24 4876/61/24 4873/72/24 4866/69/24
f 4879/68/24 4880/67/24 4877/69/24 4878/70/24
f 4868/70/19 4878/70/19 4877/69/19 4866/69/19
f 4866/69/22 4877/69/22 4880/67/22 4870/67/22
f 4872/68/20 4879/68/20 4878/70/20 4868/70/20
f 4881/55/19 4883/58/19 4890/57/19 4889/56/19
f 4883/58/20 4887/60/20 4891/59/20 4890/57/20
f 4887/60/21 4885/62/21 4892/61/21 4891/59/21
f 4885/62/22 4881/64/22 4889/63/22 4892/61/22
f 4883/65/23 4881/66/23 4885/62/23 4887/60/23
f 4886/67/21 4896/67/21 4895/68/21 4888/68/21
f 4882/69/24 4889/72/24 4890/71/24 4884/70/24
f 4884/70/24 4890/71/24 4891/59/24 4888/68/24
f 4888/68/24 4891/59/24 4892/61/24 4886/67/24
f 4886/67/24 4892/61/24 4889/72/24 4882/69/24
f 4895/68/24 4896/67/24 4893/69/24 4894/70/24
f 4884/70/19 4894/70/19 4893/69/19 4882/69/19
f 4882/69/22 4893/69/22 4896/67/22 4886/67/22
f 4888/68/20 4895/68/20 4894/70/20 4884/70/20
f 4897/55/19 4899/58/19 4906/57/19 4905/56/19
f 4899/58/20 4903/60/20 4907/59/20 4906/57/20
f 4903/60/21 4901/62/21 4908/61/21 4907/59/21
f 4901/62/22 4897/64/22 4905/63/22 4908/61/22
f 4899/65/23 4897/66/23 4901/62/23 4903/60/23
f 4902/67/21 4912/67/21 4911/68/21 4904/68/21
f 4898/69/24 4905/72/24 4906/71/24 4900/70/24
f 4900/70/24 4906/71/24 4907/59/24 4904/68/24
f 4904/68/24 4907/59/24 4908/61/24 4902/67/24
f 4902/67/24 4908/61/24 4905/72/24 4898/69/24
f 4911/68/24 4912/67/24 4909/69/24 4910/70/24
f 4900/70/19 4910/70/19 4909/69/19 4898/69/19
f 4898/69/22 4909/69/22 4912/67/22 4902/67/22
f 4904/68/20 4911/68/20 4910/70/20 4900/70/20
f 4913/55/19 4915/58/19 4922/57/19 4921/56/19
f 4915/58/20 4919/60/20 4923/59/20 4922/57/20
f 4919/60/21 4917/62/21 4924/61/21 4923/59/21
f 4917/62/22 4913/64/22 4921/63/22 4924/61/22
f 4915/65/23 4913/66/23 4917/62/23 4919/60/23
f 4918/67/21 4928/67/21 4927/68/21 4920/68/21
f 4914/69/24 4921/72/24 4922/71/24 4916/70/24
f 4916/70/24 4922/71/24 4923/59/24 4920/68/24
f 4920/68/24 4923/59/24 4924/61/24 4918/67/24
f 4918/67/24 4924/61/24 4921/72/24 4914/69/24
f 4927/68/24 4928/67/24 4925/69/24 4926/70/24
f 4916/70/19 4926/70/19 4925/69/19 4914/69/19
f 4914/69/22 4925/69/22 4928/67/22 4918/67/22
f 4920/68/20 4927/68/20 4926/70/20 4916/70/20
f 4929/55/19 4931/58/19 4938/57/19 4937/56/19
f 4931/58/20 4935/60/20 4939/59/20 4938/57/20
f 4935/60/21 4933/62/21 4940/61/21 4939/59/21
f 4933/62/22 4929/64/22 4937/63/22 4940/61/22
f 4931/65/23 4929/66/23 4933/62/23 4935/60/23
f 4934/67/21 4944/67/21 4943/68/21 4936/68/21
f 4930/69/24 4937/72/24 4938/71/24 4932/70/24
f 4932/70/24 4938/71/24 4939/59/24 4936/68/24
f 4936/68/24 4939/59/24 4940/61/24 4934/67/24
f 4934/67/24 4940/61/24 4937/72/24 4930/69/24
f 4943/68/24 4944/67/24 4941/69/24 4942/70/24
f 4932/70/19 4942/70/19 4941/69/19 4930/69/19
f 4930/69/22 4941/69/22 4944/67/22 4934/67/22
f 4936/68/20 4943/68/20 4942/70/20 4932/70/20
f 4945/55/19 4947/58/19 4954/57/19 4953/56/19
f 4947/58/20 4951/60/20 4955/59/20 4954/57/20
f 4951/60/21 4949/62/21 4956/61/21 4955/59/21
f 4949/62/22 4945/64/22 4953/63/22 4956/61/22
f 4947/65/23 4945/66/23 4949/62/23 4951/60/23
f 4950/67/21 4960/67/21 4959/68/21 4952/68/21
f 4946/69/24 4953/72/24 4954/71/24 4948/70/24
f 4948/70/24 4954/71/24 4955/59/24 4952/68/24
f 4952/68/24 4955/59/24 4956/61/24 4950/67/24
f 4950/67/24 4956/61/24 4953/72/24 4946/69/24
f 4959/68/24 4960/67/24 4957/69/24 4958/70/24
f 4948/70/19 4958/70/19 4957/69/19 4946/69/19
f 4946/69/22 4957/69/22 4960/67/22 4950/67/22
f 4952/68/20 4959/68/20 4958/70/20 4948/70/20
f 4961/55/19 4963/58/19 4970/57/19 4969/56/19
f 4963/58/20 4967/60/20 4971/59/20 4970/57/20
f 4967/60/21 4965/62/21 4972/61/21 4971/59/21
f 4965/62/22 4961/64/22 4969/63/22 4972/61/22
f 4963/65/23 4961/66/23 4965/62/23 4967/60/23
f 4966/67/21 4976/67/21 4975/68/21 4968/68/21
f 4962/69/24 4969/72/24 4970/71/24 4964/70/24
f 4964/70/24 4970/71/24 4971/59/24 4968/68/24
f 4968/68/24 4971/59/24 4972/61/24 4966/67/24
f 4966/67/24 4972/61/24 4969/72/24 4962/69/24
f 4975/68/24 4976/67/24 4973/69/24 4974/70/24
f 4964/70/19 4974/70/19 4973/69/19 4962/69/19
f 4962/69/22 4973/69/22 4976/67/22 4966/67/22
f 4968/68/20 4975/68/20 4974/70/20 4964/70/20
f 4977/55/19 4979/58/19 4986/57/19 4985/56/19
f 4979/58/20 4983/60/20 4987/59/20 4986/57/20
f 4983/60/21 4981/62/21 4988/61/21 4987/59/21
f 4981/62/22 4977/64/22 4985/63/22 4988/61/22
f 4979/65/23 4977/66/23 4981/62/23 4983/60/23
f 4982/67/21 4992/67/21 4991/68/21 4984/68/21
f 4978/69/24 4985/72/24 4986/71/24 4980/70/24
f 4980/70/24 4986/71/24 4987/59/24 4984/68/24
f 4984/68/24 4987/59/24 4988/61/24 4982/67/24
f 4982/67/24 4988/61/24 4985/72/24 4978/69/24
f 4991/68/24 4992/67/24 4989/69/24 4990/70/24
f 4980/70/19 4990/70/19 4989/69/19 4978/69/19
f 4978/69/22 4989/69/22 4992/67/22 4982/67/22
f 4984/68/20 4991/68/20 4990/70/20 4980/70/20
f 4993/55/19 4995/58/19 5002/57/19 5001/56/19
f 4995/58/20 4999/60/20 5003/59/20 5002/57/20
f 4999/60/21 4997/62/21 5004/61/21 5003/59/21
f 4997/62/22 4993/64/22 5001/63/22 5004/61/22
f 4995/65/23 4993/66/23 4997/62/23 4999/60/23
f 4998/67/21 5008/67/21 5007/68/21 5000/68/21
f 4994/69/24 5001/72/24 5002/71/24 4996/70/24
f 4996/70/24 5002/71/24 5003/59/24 5000/68/24
f 5000/68/24 5003/59/24 5004/61/24 4998/67/24
f 4998/67/24 5004/61/24 5001/72/24 4994/69/24
f 5007/68/24 5008/67/24 5005/69/24 5006/70/24
f 4996/70/19 5006/70/19 5005/69/19 4994/69/19
f 4994/69/22 5005/69/22 5008/67/22 4998/67/22
f 5000/68/20 5007/68/20 5006/70/20 4996/70/20
f 5009/55/19 5011/58/19 5018/57/19 5017/56/19
f 5011/58/20 5015/60/20 5019/59/20 5018/57/20
f 5015/60/21 5013/62/21 5020/61/21 5019/59/21
f 5013/62/22 5009/64/22 5017/63/22 5020/61/22
f 5011/65/23 5009/66/23 5013/62/23 5015/60/23
f 5014/67/21 5024/67/21 5023/68/21 5016/68/21
f 5010/69/24 5017/72/24 5018/71/24 5012/70/24
f 5012/70/24 5018/71/24 5019/59/24 5016/68/24
f 5016/68/24 5019/59/24 5020/61/24 5014/67/24
f 5014/67/24 5020/61/24 5017/72/24 5010/69/24
f 5023/68/24 5024/67/24 5021/69/24 5022/70/24
f 5012/70/19 5022/70/19 5021/69/19 5010/69/19
f 5010/69/22 5021/69/22 5024/67/22 5014/67/22
f 5016/68/20 5023/68/20 5022/70/20 5012/70/20
f 5025/55/19 5027/58/19 5034/57/19 5033/56/19
f 5027/58/20 5031/60/20 5035/59/20 5034/57/20
f 5031/60/21 5029/62/21 5036/61/21 5035/59/21
f 5029/62/22 5025/64/22 5033/63/22 5036/61/22
f 5027/65/23 5025/66/23 5029/62/23 5031/60/23
f 5030/67/21 5040/67/21 5039/68/21 5032/68/21
f 5026/69/24 5033/72/24 5034/71/24 5028/70/24
f 5028/70/24 5034/71/24 5035/59/24 5032/68/24
f 5032/68/24 5035/59/24 5036/61/24 5030/67/24
f 5030/67/24 5036/61/24 5033/72/24 5026/69/24
f 5039/68/24 5040/67/24 5037/69/24 5038/70/24
f 5028/70/19 5038/70/19 5037/69/19 5026/69/19
f 5026/69/22 5037/69/22 5040/67/22 5030/67/22
f 5032/68/20 5039/68/20 5038/70/20 5028/70/20
f 5041/55/19 5043/58/19 5050/57/19 5049/56/19
f 5043/58/20 5047/60/20 5051/59/20 5050/57/20
f 5047/60/21 5045/62/21 5052/61/21 5051/59/21
f 5045/62/22 5041/64/22 5049/63/22 5052/61/22
f 5043/65/23 5041/66/23 5045/62/23 5047/60/23
f 5046/67/21 5056/67/21 5055/68/21 5048/68/21
f 5042/69/24 5049/72/24 5050/71/24 5044/70/24
f 5044/70/24 5050/71/24 5051/59/24 5048/68/24
f 5048/68/24 5051/59/24 5052/61/24 5046/67/24
f 5046/67/24 5052/61/24 5049/72/24 5042/69/24
f 5055/68/24 5056/67/24 5053/69/24 5054/70/24
f 5044/70/19 5054/70/19 5053/69/19 5042/69/19
f 5042/69/22 5053/69/22 5056/67/22 5046/67/22
f 5048/68/20 5055/68/20 5054/70/20 5044/70/20
f 5057/55/19 5059/58/19 5066/57/19 5065/56/19
f 5059/58/20 5063/60/20 5067/59/20 5066/57/20
f 5063/60/21 5061/62/21 5068/61/21 5067/59/21
f 5061/62/22 5057/64/22 5065/63/22 5068/61/22
f 5059/65/23 5057/66/23 5061/62/23 5063/60/23
f 5062/67/21 5072/67/21 5071/68/21 5064/68/21
f 5058/69/24 5065/72/24 5066/71/24 5060/70/24
f 5060/70/24 5066/71/24 5067/59/24 5064/68/24
f 5064/68/24 5067/59/24 5068/61/24 5062/67/24
f 5062/67/24 5068/61/24 5065/72/24 5058/69/24
f 5071/68/24 5072/67/24 5069/69/24 5070/70/24
f 5060/70/19 5070/70/19 5069/69/19 5058/69/19
f 5058/69/22 5069/69/22 5072/67/22 5062/67/22
f 5064/68/20 5071/68/20 5070/70/20 5060/70/20
f 5073/55/19 5075/58/19 5082/57/19 5081/56/19
f 5075/58/20 5079/60/20 5083/59/20 5082/57/20
f 5079/60/21 5077/62/21 5084/61/21 5083/59/21
f 5077/62/22 5073/64/22 5081/63/22 5084/61/22
f 5075/65/23 5073/66/23 5077/62/23 5079/60/23
f 5078/67/21 5088/67/21 5087/68/21 5080/68/21
f 5074/69/24 5081/72/24 5082/71/24 5076/70/24
f 5076/70/24 5082/71/24 5083/59/24 5080/68/24
f 5080/68/24 5083/59/24 5084/61/24 5078/67/24
f 5078/67/24 5084/61/24 5081/72/24 5074/69/24
f 5087/68/24 5088/67/24 5085/69/24 5086/70/24
f 5076/70/19 5086/70/19 5085/69/19 5074/69/19
f 5074/69/22 5085/69/22 5088/67/22 5078/67/22
f 5080/68/20 5087/68/20 5086/70/20 5076/70/20
f 5089/55/19 5091/58/19 5098/57/19 5097/56/19
f 5091/58/20 5095/60/20 5099/59/20 5098/57/20
f 5095/60/21 5093/62/21 5100/61/21 5099/59/21
f 5093/62/22 5089/64/22 5097/63/22 5100/61/22
f 5091/65/23 5089/66/23 5093/62/23 5095/60/23
f 5094/67/21 5104/67/21 5103/68/21 5096/68/21
f 5090/69/24 5097/72/24 5098/71/24 5092/70/24
f 5092/70/24 5098/71/24 5099/59/24 5096/68/24
f 5096/68/24 5099/59/24 5100/61/24 5094/67/24
f 5094/67/24 5100/61/24 5097/72/24 5090/69/24
f 5103/68/24 5104/67/24 5101/69/24 5102/70/24
f 5092/70/19 5102/70/19 5101/69/19 5090/69/19
f 5090/69/22 5101/69/22 5104/67/22 5094/67/22
f 5096/68/20 5103/68/20 5102/70/20 5092/70/20
f 5105/55/19 5107/58/19 5114/57/19 5113/56/19
f 5107/58/20 5111/60/20 5115/59/20 5114/57/20
f 5111/60/21 5109/62/21 5116/61/21 5115/59/21
f 5109/62/22 5105/64/22 5113/63/22 5116/61/22
f 5107/65/23 5105/66/23 5109/62/23 5111/60/23
f 5110/67/21 5120/67/21 5119/68/21 5112/68/21
f 5106/69/24 5113/72/24 5114/71/24 5108/70/24
f 5108/70/24 5114/71/24 5115/59/24 5112/68/24
f 5112/68/24 5115/59/24 5116/61/24 5110/67/24
f 5110/67/24 5116/61/24 5113/72/24 5106/69/24
f 5119/68/24 5120/67/24 5117/69/24 5118/70/24
f 5108/70/19 5118/70/19 5117/69/19 5106/69/19
f 5106/69/22 5117/69/22 5120/67/22 5110/67/22
f 5112/68/20 5119/68/20 5118/70/20 5108/70/20
f 5121/55/19 5123/58/19 5130/57/19 5129/56/19
f 5123/58/20 5127/60/20 5131/59/20 5130/57/20
f 5127/60/21 5125/62/21 5132/61/21 5131/59/21
f 5125/62/22 5121/64/22 5129/63/22 5132/61/22
f 5123/65/23 5121/66/23 5125/62/23 5127/60/23
f 5126/67/21 5136/67/21 5135/68/21 5128/68/21
f 5122/69/24 5129/72/24 5130/71/24 5124/70/24
f 5124/70/24 5130/71/24 5131/59/24 5128/68/24
f 5128/68/24 5131/59/24 5132/61/24 5126/67/24
f 5126/67/24 5132/61/24 5129/72/24 5122/69/24
f 5135/68/24 5136/67/24 5133/69/24 5134/70/24
f 5124/70/19 5134/70/19 5133/69/19 5122/69/19
f 5122/69/22 5133/69/22 5136/67/22 5126/67/22
f 5128/68/20 5135/68/20 5134/70/20 5124/70/20
f 5137/55/19 5139/58/19 5146/57/19 5145/56/19
f 5139/58/20 5143/60/20 5147/59/20 5146/57/20
f 5143/60/21 5141/62/21 5148/61/21 5147/59/21
f 5141/62/22 5137/64/22 5145/63/22 5148/61/22
f 5139/65/23 5137/66/23 5141/62/23 5143/60/23
f 5142/67/21 5152/67/21 5151/68/21 5144/68/21
f 5138/69/24 5145/72/24 5146/71/24 5140/70/24
f 5140/70/24 5146/71/24 5147/59/24 5144/68/24
f 5144/68/24 5147/59/24 5148/61/24 5142/67/24
f 5142/67/24 5148/61/24 5145/72/24 5138/69/24
f 5151/68/24 5152/67/24 5149/69/24 5150/70/24
f 5140/70/19 5150/70/19 5149/69/19 5138/69/19
f 5138/69/22 5149/69/22 5152/67/22 5142/67/22
f 5144/68/20 5151/68/20 5150/70/20 5140/70/20
f 5153/55/19 5155/58/19 5162/57/19 5161/56/19
f 5155/58/20 5159/60/20 5163/59/20 5162/57/20
f 5159/60/21 5157/62/21 5164/61/21 5163/59/21
f 5157/62/22 5153/64/22 5161/63/22 5164/61/22
f 5155/65/23 5153/66/23 5157/62/23 5159/60/23
f 5158/67/21 5168/67/21 5167/68/21 5160/68/21
f 5154/69/24 5161/72/24 5162/71/24 5156/70/24
f 5156/70/24 5162/71/24 5163/59/24 5160/68/24
f 5160/68/24 5163/59/24 5164/61/24 5158/67/24
f 5158/67/24 5164/61/24 5161/72/24 5154/69/24
f 5167/68/24 5168/67/24 5165/69/24 5166/70/24
f 5156/70/19 5166/70/19 5165/69/19 5154/69/19
f 5154/69/22 5165/69/22 5168/67/22 5158/67/22
f 5160/68/20 5167/68/20 5166/70/20 5156/70/20
f 5169/55/19 5171/58/19 5178/57/19 5177/56/19
f 5171/58/20 5175/60/20 5179/59/20 5178/57/20
f 5175/60/21 5173/62/21 5180/61/21 5179/59/21
f 5173/62/22 5169/64/22 5177/63/22 5180/61/22
f 5171/65/23 5169/66/23 5173/62/23 5175/60/23
f 5174/67/21 5184/67/21 5183/68/21 5176/68/21
f 5170/69/24 5177/72/24 5178/71/24 5172/70/24
f 5172/70/24 5178/71/24 5179/59/24 5176/68/24
f 5176/68/24 5179/59/24 5180/61/24 5174/67/24
f 5174/67/24 5180/61/24 5177/72/24 5170/69/24
f 5183/68/24 5184/67/24 5181/69/24 5182/70/24
f 5172/70/19 5182/70/19 5181/69/19 5170/69/19
f 5170/69/22 5181/69/22 5184/67/22 5174/67/22
f 5176/68/20 5183/68/20 5182/70/20 5172/70/20
f 5185/55/19 5187/58/19 5194/57/19 5193/56/19
f 5187/58/20 5191/60/20 5195/59/20 5194/57/20
f 5191/60/21 5189/62/21 5196/61/21 5195/59/21
f 5189/62/22 5185/64/22 5193/63/22 5196/61/22
f 5187/65/23 5185/66/23 5189/62/23 5191/60/23
f 5190/67/21 5200/67/21 5199/68/21 5192/68/21
f 5186/69/24 5193/72/24 5194/71/24 5188/70/24
f 5188/70/24 5194/71/24 5195/59/24 5192/68/24
f 5192/68/24 5195/59/24 5196/61/24 5190/67/24
f 5190/67/24 5196/61/24 5193/72/24 5186/69/24
f 5199/68/24 5200/67/24 5197/69/24 5198/70/24
f 5188/70/19 5198/70/19 5197/69/19 5186/69/19
f 5186/69/22 5197/69/22 5200/67/22 5190/67/22
f 5192/68/20 5199/68/20 5198/70/20 5188/70/20
f 5201/55/19 5203/58/19 5210/57/19 5209/56/19
f 5203/58/20 5207/60/20 5211/59/20 5210/57/20
f 5207/60/21 5205/62/21 5212/61/21 5211/59/21
f 5205/62/22 5201/64/22 5209/63/22 5212/61/22
f 5203/65/23 5201/66/23 5205/62/23 5207/60/23
f 5206/67/21 5216/67/21 5215/68/21 5208/68/21
f 5202/69/24 5209/72/24 5210/71/24 5204/70/24
f 5204/70/24 5210/71/24 5211/59/24 5208/68/24
f 5208/68/24 5211/59/24 5212/61/24 5206/67/24
f 5206/67/24 5212/61/24 5209/72/24 5202/69/24
f 5215/68/24 5216/67/24 5213/69/24 5214/70/24
f 5204/70/19 5214/70/19 5213/69/19 5202/69/19
f 5202/69/22 5213/69/22 5216/67/22 5206/67/22
f 5208/68/20 5215/68/20 5214/70/20 5204/70/20
f 5217/55/19 5219/58/19 5226/57/19 5225/56/19
f 5219/58/20 5223/60/20 5227/59/20 5226/57/20
f 5223/60/21 5221/62/21 5228/61/21 5227/59/21
f 5221/62/22 5217/64/22 5225/63/22 5228/61/22
f 5219/65/23 5217/66/23 5221/62/23 5223/60/23
f 5222/67/21 5232/67/21 5231/68/21 5224/68/21
f 5218/69/24 5225/72/24 5226/71/24 5220/70/24
f 5220/70/24 5226/71/24 5227/59/24 5224/68/24
f 5224/68/24 5227/59/24 5228/61/24 5222/67/24
f 5222/67/24 5228/61/24 5225/72/24 5218/69/24
f 5231/68/24 5232/67/24 5229/69/24 5230/70/24
f 5220/70/19 5230/70/19 5229/69/19 5218/69/19
f 5218/69/22 5229/69/22 5232/67/22 5222/67/22
f 5224/68/20 5231/68/20 5230/70/20 5220/70/20
f 5233/55/19 5235/58/19 5242/57/19 5241/56/19
f 5235/58/20 5239/60/20 5243/59/20 5242/57/20
f 5239/60/21 5237/62/21 5244/61/21 5243/59/21
f 5237/62/22 5233/64/22 5241/63/22 5244/61/22
f 5235/65/23 5233/66/23 5237/62/23 5239/60/23
f 5238/67/21 5248/67/21 5247/68/21 5240/68/21
f 5234/69/24 5241/72/24 5242/71/24 5236/70/24
f 5236/70/24 5242/71/24 5243/59/24 5240/68/24
f 5240/68/24 5243/59/24 5244/61/24 5238/67/24
f 5238/67/24 5244/61/24 5241/72/24 5234/69/24
f 5247/68/24 5248/67/24 5245/69/24 5246/70/24
f 5236/70/19 5246/70/19 5245/69/19 5234/69/19
f 5234/69/22 5245/69/22 5248/67/22 5238/67/22
f 5240/68/20 5247/68/20 5246/70/20 5236/70/20
f 5249/55/19 5251/58/19 5258/57/19 5257/56/19
f 5251/58/20 5255/60/20 5259/59/20 5258/57/20
f 5255/60/21 5253/62/21 5260/61/21 5259/59/21
f 5253/62/22 5249/64/22 5257/63/22 5260/61/22
f 5251/65/23 5249/66/23 5253/62/23 5255/60/23
f 5254/67/21 5264/67/21 5263/68/21 5256/68/21
f 5250/69/24 5257/72/24 5258/71/24 5252/70/24
f 5252/70/24 5258/71/24 5259/59/24 5256/68/24
f 5256/68/24 5259/59/24 5260/61/24 5254/67/24
f 5254/67/24 5260/61/24 5257/72/24 5250/69/24
f 5263/68/24 5264/67/24 5261/69/24 5262/70/24
f 5252/70/19 5262/70/19 5261/69/19 5250/69/19
f 5250/69/22 5261/69/22 5264/67/22 5254/67/22
f 5256/68/20 5263/68/20 5262/70/20 5252/70/20
f 5265/55/19 5267/58/19 5274/57/19 5273/56/19
f 5267/58/20 5271/60/20 5275/59/20 5274/57/20
f 5271/60/21 5269/62/21 5276/61/21 5275/59/21
f 5269/62/22 5265/64/22 5273/63/22 5276/61/22
f 5267/65/23 5265/66/23 5269/62/23 5271/60/23
f 5270/67/21 5280/67/21 5279/68/21 5272/68/21
f 5266/69/24 5273/72/24 5274/71/24 5268/70/24
f 5268/70/24 5274/71/24 5275/59/24 5272/68/24
f 5272/68/24 5275/59/24 5276/61/24 5270/67/24
f 5270/67/24 5276/61/24 5273/72/24 5266/69/24
f 5279/68/24 5280/67/24 5277/69/24 5278/70/24
f 5268/70/19 5278/70/19 5277/69/19 5266/69/19
f 5266/69/22 5277/69/22 5280/67/22 5270/67/22
f 5272/68/20 5279/68/20 5278/70/20 5268/70/20
f 5281/55/19 5283/58/19 5290/57/19 5289/56/19
f 5283/58/20 5287/60/20 5291/59/20 5290/57/20
f 5287/60/21 5285/62/21 5292/61/21 5291/59/21
f 5285/62/22 5281/64/22 5289/63/22 5292/61/22
f 5283/65/23 5281/66/23 5285/62/23 5287/60/23
f 5286/67/21 5296/67/21 5295/68/21 5288/68/21
f 5282/69/24 5289/72/24 5290/71/24 5284/70/24
f 5284/70/24 5290/71/24 5291/59/24 5288/68/24
f 5288/68/24 5291/59/24 5292/61/24 5286/67/24
f 5286/67/24 5292/61/24 5289/72/24 5282/69/24
f 5295/68/24 5296/67/24 5293/69/24 5294/70/24
f 5284/70/19 5294/70/19 5293/69/19 5282/69/19
f 5282/69/22 5293/69/22 5296/67/22 5286/67/22
f 5288/68/20 5295/68/20 5294/70/20 5284/70/20
f 5297/55/19 5299/58/19 5306/57/19 5305/56/19
f 5299/58/20 5303/60/20 5307/59/20 5306/57/20
f 5303/60/21 5301/62/21 5308/61/21 5307/59/21
f 5301/62/22 5297/64/22 5305/63/22 5308/61/22
f 5299/65/23 5297/66/23 5301/62/23 5303/60/23
f 5302/67/21 5312/67/21 5311/68/21 5304/68/21
f 5298/69/24 5305/72/24 5306/71/24 5300/70/24
f 5300/70/24 5306/71/24 5307/59/24 5304/68/24
f 5304/68/24 5307/59/24 5308/61/24 5302/67/24
f 5302/67/24 5308/61/24 5305/72/24 5298/69/24
f 5311/68/24 5312/67/24 5309/69/24 5310/70/24
f 5300/70/19 5310/70/19 5309/69/19 5298/69/19
f 5298/69/22 5309/69/22 5312/67/22 5302/67/22
f 5304/68/20 5311/68/20 5310/70/20 5300/70/20
f 5313/55/19 5315/58/19 5322/57/19 5321/56/19
f 5315/58/20 5319/60/20 5323/59/20 5322/57/20
f 5319/60/21 5317/62/21 5324/61/21 5323/59/21
f 5317/62/22 5313/64/22 5321/63/22 5324/61/22
f 5315/65/23 5313/66/23 5317/62/23 5319/60/23
f 5318/67/21 5328/67/21 5327/68/21 5320/68/21
f 5314/69/24 5321/72/24 5322/71/24 5316/70/24
f 5316/70/24 5322/71/24 5323/59/24 5320/68/24
f 5320/68/24 5323/59/24 5324/61/24 5318/67/24
f 5318/67/24 5324/61/24 5321/72/24 5314/69/24
f 5327/68/24 5328/67/24 5325/69/24 5326/70/24
f 5316/70/19 5326/70/19 5325/69/19 5314/69/19
f 5314/69/22 5325/69/22 5328/67/22 5318/67/22
f 5320/68/20 5327/68/20 5326/70/20 5316/70/20
f 5329/55/19 5331/58/19 5338/57/19 5337/56/19
f 5331/58/20 5335/60/20 5339/59/20 5338/57/20
f 5335/60/21 5333/62/21 5340/61/21 5339/59/21
f 5333/62/22 5329/64/22 5337/63/22 5340/61/22
f 5331/65/23 5329/66/23 5333/62/23 5335/60/23
f 5334/67/21 5344/67/21 5343/68/21 5336/68/21
f 5330/69/24 5337/72/24 5338/71/24 5332/70/24
f 5332/70/24 5338/71/24 5339/59/24 5336/68/24
f 5336/68/24 5339/59/24 5340/61/24 5334/67/24
f 5334/67/24 5340/61/24 5337/72/24 5330/69/24
f 5343/68/24 5344/67/24 5341/69/24 5342/70/24
f 5332/70/19 5342/70/19 5341/69/19 5330/69/19
f 5330/69/22 5341/69/22 5344/67/22 5334/67/22
f 5336/68/20 5343/68/20 5342/70/20 5332/70/20
f 5345/55/19 5347/58/19 5354/57/19 5353/56/19
f 5347/58/20 5351/60/20 5355/59/20 5354/57/20
f 5351/60/21 5349/62/21 5356/61/21 5355/59/21
f 5349/62/22 5345/64/22 5353/63/22 5356/61/22
f 5347/65/23 5345/66/23 5349/62/23 5351/60/23
f 5350/67/21 5360/67/21 5359/68/21 5352/68/21
f 5346/69/24 5353/72/24 5354/71/24 5348/70/24
f 5348/70/24 5354/71/24 5355/59/24 5352/68/24
f 5352/68/24 5355/59/24 5356/61/24 5350/67/24
f 5350/67/24 5356/61/24 5353/72/24 5346/69/24
f 5359/68/24 5360/67/24 5357/69/24 5358/70/24
f 5348/70/19 5358/70/19 5357/69/19 5346/69/19
f 5346/69/22 5357/69/22 5360/67/22 5350/67/22
f 5352/68/20 5359/68/20 5358/70/20 5348/70/20
f 5361/55/19 5363/58/19 5370/57/19 5369/56/19
f 5363/58/20 5367/60/20 5371/59/20 5370/57/20
f 5367/60/21 5365/62/21 5372/61/21 5371/59/21
f 5365/62/22 5361/64/22 5369/63/22 5372/61/22
f 5363/65/23 5361/66/23 5365/62/23 5367/60/23
f 5366/67/21 5376/67/21 5375/68/21 5368/68/21
f 5362/69/24 5369/72/24 5370/71/24 5364/70/24
f 5364/70/24 5370/71/24 5371/59/24 5368/68/24
f 5368/68/24 5371/59/24 5372/61/24 5366/67/24
f 5366/67/24 5372/61/24 5369/72/24 5362/69/24
f 5375/68/24 5376/67/24 5373/69/24 5374/70/24
f 5364/70/19 5374/70/19 5373/69/19 5362/69/19
f 5362/69/22 5373/69/22 5376/67/22 5366/67/22
f 5368/68/20 5375/68/20 5374/70/20 5364/70/20
f 5377/55/19 5379/58/19 5386/57/19 5385/56/19
f 5379/58/20 5383/60/20 5387/59/20 5386/57/20
f 5383/60/21 5381/62/21 5388/61/21 5387/59/21
f 5381/62/22 5377/64/22 5385/63/22 5388/61/22
f 5379/65/23 5377/66/23 5381/62/23 5383/60/23
f 5382/67/21 5392/67/21 5391/68/21 5384/68/21
f 5378/69/24 5385/72/24 5386/71/24 5380/70/24
f 5380/70/24 5386/71/24 5387/59/24 5384/68/24
f 5384/68/24 5387/59/24 5388/61/24 5382/67/24
f 5382/67/24 5388/61/24 5385/72/24 5378/69/24
f 5391/68/24 5392/67/24 5389/69/24 5390/70/24
f 5380/70/19 5390/70/19 5389/69/19 5378/69/19
f 5378/69/22 5389/69/22 5392/67/22 5382/67/22
f 5384/68/20 5391/68/20 5390/70/20 5380/70/20
f 5393/55/19 5395/58/19 5402/57/19 5401/56/19
f 5395/58/20 5399/60/20 5403/59/20 5402/57/20
f 5399/60/21 5397/62/21 5404/61/21 5403/59/21
f 5397/62/22 5393/64/22 5401/63/22 5404/61/22
f 5395/65/23 5393/66/23 5397/62/23 5399/60/23
f 5398/67/21 5408/67/21 5407/68/21 5400/68/21
f 5394/69/24 5401/72/24 5402/71/24 5396/70/24
f 5396/70/24 5402/71/24 5403/59/24 5400/68/24
f 5400/68/24 5403/59/24 5404/61/24 5398/67/24
f 5398/67/24 5404/61/24 5401/72/24 5394/69/24
f 5407/68/24 5408/67/24 5405/69/24 5406/70/24
f 5396/70/19 5406/70/19 5405/69/19 5394/69/19
f 5394/69/22 5405/69/22 5408/67/22 5398/67/22
f 5400/68/20 5407/68/20 5406/70/20 5396/70/20
f 5409/55/19 5411/58/19 5418/57/19 5417/56/19
f 5411/58/20 5415/60/20 5419/59/20 5418/57/20
f 5415/60/21 5413/62/21 5420/61/21 5419/59/21
f 5413/62/22 5409/64/22 5417/63/22 5420/61/22
f 5411/65/23 5409/66/23 5413/62/23 5415/60/23
f 5414/67/21 5424/67/21 5423/68/21 5416/68/21
f 5410/69/24 5417/72/24 5418/71/24 5412/70/24
f 5412/70/24 5418/71/24 5419/59/24 5416/68/24
f 5416/68/24 5419/59/24 5420/61/24 5414/67/24
f 5414/67/24 5420/61/24 5417/72/24 5410/69/24
f 5423/68/24 5424/67/24 5421/69/24 5422/70/24
f 5412/70/19 5422/70/19 5421/69/19 5410/69/19
f 5410/69/22 5421/69/22 5424/67/22 5414/67/22
f 5416/68/20 5423/68/20 5422/70/20 5412/70/20
f 5425/55/19 5427/58/19 5434/57/19 5433/56/19
f 5427/58/20 5431/60/20 5435/59/20 5434/57/20
f 5431/60/21 5429/62/21 5436/61/21 5435/59/21
f 5429/62/22 5425/64/22 5433/63/22 5436/61/22
f 5427/65/23 5425/66/23 5429/62/23 5431/60/23
f 5430/67/21 5440/67/21 5439/68/21 5432/68/21
f 5426/69/24 5433/72/24 5434/71/24 5428/70/24
f 5428/70/24 5434/71/24 5435/59/24 5432/68/24
f 5432/68/24 5435/59/24 5436/61/24 5430/67/24
f 5430/67/24 5436/61/24 5433/72/24 5426/69/24
f 5439/68/24 5440/67/24 5437/69/24 5438/70/24
f 5428/70/19 5438/70/19 5437/69/19 5426/69/19
f 5426/69/22 5437/69/22 5440/67/22 5430/67/22
f 5432/68/20 5439/68/20 5438/70/20 5428/70/20
f 5441/55/19 5443/58/19 5450/57/19 5449/56/19
f 5443/58/20 5447/60/20 5451/59/20 5450/57/20
f 5447/60/21 5445/62/21 5452/61/21 5451/59/21
f 5445/62/22 5441/64/22 5449/63/22 5452/61/22
f 5443/65/23 5441/66/23 5445/62/23 5447/60/23
f 5446/67/21 5456/67/21 5455/68/21 5448/68/21
f 5442/69/24 5449/72/24 5450/71/24 5444/70/24
f 5444/70/24 5450/71/24 5451/59/24 5448/68/24
f 5448/68/24 5451/59/24 5452/61/24 5446/67/24
f 5446/67/24 5452/61/24 5449/72/24 5442/69/24
f 5455/68/24 5456/67/24 5453/69/24 5454/70/24
f 5444/70/19 5454/70/19 5453/69/19 5442/69/19
f 5442/69/22 5453/69/22 5456/67/22 5446/67/22
f 5448/68/20 5455/68/20 5454/70/20 5444/70/20
f 5457/55/19 5459/58/19 5466/57/19 5465/56/19
f 5459/58/20 5463/60/20 5467/59/20 5466/57/20
f 5463/60/21 5461/62/21 5468/61/21 5467/59/21
f 5461/62/22 5457/64/22 5465/63/22 5468/61/22
f 5459/65/23 5457/66/23 5461/62/23 5463/60/23
f 5462/67/21 5472/67/21 5471/68/21 5464/68/21
f 5458/69/24 5465/72/24 5466/71/24 5460/70/24
f 5460/70/24 5466/71/24 5467/59/24 5464/68/24
f 5464/68/24 5467/59/24 5468/61/24 5462/67/24
f 5462/67/24 5468/61/24 5465/72/24 5458/69/24
f 5471/68/24 5472/67/24 5469/69/24 5470/70/24
f 5460/70/19 5470/70/19 5469/69/19 5458/69/19
f 5458/69/22 5469/69/22 5472/67/22 5462/67/22
f 5464/68/20 5471/68/20 5470/70/20 5460/70/20
f 5473/55/19 5475/58/19 5482/57/19 5481/56/19
f 5475/58/20 5479/60/20 5483/59/20 5482/57/20
f 5479/60/21 5477/62/21 5484/61/21 5483/59/21
f 5477/62/22 5473/64/22 5481/63/22 5484/61/22
f 5475/65/23 5473/66/23 5477/62/23 5479/60/23
f 5478/67/21 5488/67/21 5487/68/21 5480/68/21
f 5474/69/24 5481/72/24 5482/71/24 5476/70/24
f 5476/70/24 5482/71/24 5483/59/24 5480/68/24
f 5480/68/24 5483/59/24 5484/61/24 5478/67/24
f 5478/67/24 5484/61/24 5481/72/24 5474/69/24
f 5487/68/24 5488/67/24 5485/69/24 5486/70/24
f 5476/70/19 5486/70/19 5485/69/19 5474/69/19
f 5474/69/22 5485/69/22 5488/67/22 5478/67/22
f 5480/68/20 5487/68/20 5486/70/20 5476/70/20
f 5489/55/19 5491/58/19 5498/57/19 5497/56/19
f 5491/58/20 5495/60/20 5499/59/20 5498/57/20
f 5495/60/21 5493/62/21 5500/61/21 5499/59/21
f 5493/62/22 5489/64/22 5497/63/22 5500/61/22
f 5491/65/23 5489/66/23 5493/62/23 5495/60/23
f 5494/67/21 5504/67/21 5503/68/21 5496/68/21
f 5490/69/24 5497/72/24 5498/71/24 5492/70/24
f 5492/70/24 5498/71/24 5499/59/24 5496/68/24
f 5496/68/24 5499/59/24 5500/61/24 5494/67/24
f 5494/67/24 5500/61/24 5497/72/24 5490/69/24
f 5503/68/24 5504/67/24 5501/69/24 5502/70/24
f 5492/70/19 5502/70/19 5501/69/19 5490/69/19
f 5490/69/22 5501/69/22 5504/67/22 5494/67/22
f 5496/68/20 5503/68/20 5502/70/20 5492/70/20
f 5505/55/19 5507/58/19 5514/57/19 5513/56/19
f 5507/58/20 5511/60/20 5515/59/20 5514/57/20
f 5511/60/21 5509/62/21 5516/61/21 5515/59/21
f 5509/62/22 5505/64/22 5513/63/22 5516/61/22
f 5507/65/23 5505/66/23 5509/62/23 5511/60/23
f 5510/67/21 5520/67/21 5519/68/21 5512/68/21
f 5506/69/24 5513/72/24 5514/71/24 5508/70/24
f 5508/70/24 5514/71/24 5515/59/24 5512/68/24
f 5512/68/24 5515/59/24 5516/61/24 5510/67/24
f 5510/67/24 5516/61/24 5513/72/24 5506/69/24
f 5519/68/24 5520/67/24 5517/69/24 5518/70/24
f 5508/70/19 5518/70/19 5517/69/19 5506/69/19
f 5506/69/22 5517/69/22 5520/67/22 5510/67/22
f 5512/68/20 5519/68/20 5518/70/20 5508/70/20
f 5521/55/19 5523/58/19 5530/57/19 5529/56/19
f 5523/58/20 5527/60/20 5531/59/20 5530/57/20
f 5527/60/21 5525/62/21 5532/61/21 5531/59/21
f 5525/62/22 5521/64/22 5529/63/22 5532/61/22
f 5523/65/23 5521/66/23 5525/62/23 5527/60/23
f 5526/67/21 5536/67/21 5535/68/21 5528/68/21
f 5522/69/24 5529/72/24 5530/71/24 5524/70/24
f 5524/70/24 5530/71/24 5531/59/24 5528/68/24
f 5528/68/24 5531/59/24 5532/61/24 5526/67/24
f 5526/67/24 5532/61/24 5529/72/24 5522/69/24
f 5535/68/24 5536/67/24 5533/69/24 5534/70/24
f 5524/70/19 5534/70/19 5533/69/19 5522/69/19
f 5522/69/22 5533/69/22 5536/67/22 5526/67/22
f 5528/68/20 5535/68/20 5534/70/20 5524/70/20
f 5537/55/19 5539/58/19 5546/57/19 5545/56/19
f 5539/58/20 5543/60/20 5547/59/20 5546/57/20
f 5543/60/21 5541/62/21 5548/61/21 5547/59/21
f 5541/62/22 5537/64/22 5545/63/22 5548/61/22
f 5539/65/23 5537/66/23 5541/62/23 5543/60/23
f 5542/67/21 5552/67/21 5551/68/21 5544/68/21
f 5538/69/24 5545/72/24 5546/71/24 5540/70/24
f 5540/70/24 5546/71/24 5547/59/24 5544/68/24
f 5544/68/24 5547/59/24 5548/61/24 5542/67/24
f 5542/67/24 5548/61/24 5545/72/24 5538/69/24
f 5551/68/24 5552/67/24 5549/69/24 5550/70/24
f 5540/70/19 5550/70/19 5549/69/19 5538/69/19
f 5538/69/22 5549/69/22 5552/67/22 5542/67/22
f 5544/68/20 5551/68/20 5550/70/20 5540/70/20
f 5553/55/19 5555/58/19 5562/57/19 5561/56/19
f 5555/58/20 5559/60/20 5563/59/20 5562/57/20
f 5559/60/21 5557/62/21 5564/61/21 5563/59/21
f 5557/62/22 5553/64/22 5561/63/22 5564/61/22
f 5555/65/23 5553/66/23 5557/62/23 5559/60/23
f 5558/67/21 5568/67/21 5567/68/21 5560/68/21
f 5554/69/24 5561/72/24 5562/71/24 5556/70/24
f 5556/70/24 5562/71/24 5563/59/24 5560/68/24
f 5560/68/24 5563/59/24 5564/61/24 5558/67/24
f 5558/67/24 5564/61/24 5561/72/24 5554/69/24
f 5567/68/24 5568/67/24 5565/69/24 5566/70/24
f 5556/70/19 5566/70/19 5565/69/19 5554/69/19
f 5554/69/22 5565/69/22 5568/67/22 5558/67/22
f 5560/68/20 5567/68/20 5566/70/20 5556/70/20
f 5569/55/19 5571/58/19 5578/57/19 5577/56/19
f 5571/58/20 5575/60/20 5579/59/20 5578/57/20
f 5575/60/21 5573/62/21 5580/61/21 5579/59/21
f 5573/62/22 5569/64/22 5577/63/22 5580/61/22
f 5571/65/23 5569/66/23 5573/62/23 5575/60/23
f 5574/67/21 5584/67/21 5583/68/21 5576/68/21
f 5570/69/24 5577/72/24 5578/71/24 5572/70/24
f 5572/70/24 5578/71/24 5579/59/24 5576/68/24
f 5576/68/24 5579/59/24 5580/61/24 5574/67/24
f 5574/67/24 5580/61/24 5577/72/24 5570/69/24
f 5583/68/24 5584/67/24 5581/69/24 5582/70/24
f 5572/70/19 5582/70/19 5581/69/19 5570/69/19
f 5570/69/22 5581/69/22 5584/67/22 5574/67/22
f 5576/68/20 5583/68/20 5582/70/20 5572/70/20
f 5585/55/19 5587/58/19 5594/57/19 5593/56/19
f 5587/58/20 5591/60/20 5595/59/20 5594/57/20
f 5591/60/21 5589/62/21 5596/61/21 5595/59/21
f 5589/62/22 5585/64/22 5593/63/22 5596/61/22
f 5587/65/23 5585/66/23 5589/62/23 5591/60/23
f 5590/67/21 5600/67/21 5599/68/21 5592/68/21
f 5586/69/24 5593/72/24 5594/71/24 5588/70/24
f 5588/70/24 5594/71/24 5595/59/24 5592/68/24
f 5592/68/24 5595/59/24 5596/61/24 5590/67/24
f 5590/67/24 5596/61/24 5593/72/24 5586/69/24
f 5599/68/24 5600/67/24 5597/69/24 5598/70/24
f 5588/70/19 5598/70/19 5597/69/19 5586/69/19
f 5586/69/22 5597/69/22 5600/67/22 5590/67/22
f 5592/68/20 5599/68/20 5598/70/20 5588/70/20
f 5601/55/19 5603/58/19 5610/57/19 5609/56/19
f 5603/58/20 5607/60/20 5611/59/20 5610/57/20
f 5607/60/21 5605/62/21 5612/61/21 5611/59/21
f 5605/62/22 5601/64/22 5609/63/22 5612/61/22
f 5603/65/23 5601/66/23 5605/62/23 5607/60/23
f 5606/67/21 5616/67/21 5615/68/21 5608/68/21
f 5602/69/24 5609/72/24 5610/71/24 5604/70/24
f 5604/70/24 5610/71/24 5611/59/24 5608/68/24
f 5608/68/24 5611/59/24 5612/61/24 5606/67/24
f 5606/67/24 5612/61/24 5609/72/24 5602/69/24
f 5615/68/24 5616/67/24 5613/69/24 5614/70/24
f 5604/70/19 5614/70/19 5613/69/19 5602/69/19
f 5602/69/22 5613/69/22 5616/67/22 5606/67/22
f 5608/68/20 5615/68/20 5614/70/20 5604/70/20
f 5617/55/19 5619/58/19 5626/57/19 5625/56/19
f 5619/58/20 5623/60/20 5627/59/20 5626/57/20
f 5623/60/21 5621/62/21 5628/61/21 5627/59/21
f 5621/62/22 5617/64/22 5625/63/22 5628/61/22
f 5619/65/23 5617/66/23 5621/62/23 5623/60/23
f 5622/67/21 5632/67/21 5631/68/21 5624/68/21
f 5618/69/24 5625/72/24 5626/71/24 5620/70/24
f 5620/70/24 5626/71/24 5627/59/24 5624/68/24
f 5624/68/24 5627/59/24 5628/61/24 5622/67/24
f 5622/67/24 5628/61/24 5625/72/24 5618/69/24
f 5631/68/24 5632/67/24 5629/69/24 5630/70/24
f 5620/70/19 5630/70/19 5629/69/19 5618/69/19
f 5618/69/22 5629/69/22 5632/67/22 5622/67/22
f 5624/68/20 5631/68/20 5630/70/20 5620/70/20
f 5633/55/19 5635/58/19 5642/57/19 5641/56/19
f 5635/58/20 5639/60/20 5643/59/20 5642/57/20
f 5639/60/21 5637/62/21 5644/61/21 5643/59/21
f 5637/62/22 5633/64/22 5641/63/22 5644/61/22
f 5635/65/23 5633/66/23 5637/62/23 5639/60/23
f 5638/67/21 5648/67/21 5647/68/21 5640/68/21
f 5634/69/24 5641/72/24 5642/71/24 5636/70/24
f 5636/70/24 5642/71/24 5643/59/24 5640/68/24
f 5640/68/24 5643/59/24 5644/61/24 5638/67/24
f 5638/67/24 5644/61/24 5641/72/24 5634/69/24
f 5647/68/24 5648/67/24 5645/69/24 5646/70/24
f 5636/70/19 5646/70/19 5645/69/19 5634/69/19
f 5634/69/22 5645/69/22 5648/67/22 5638/67/22
f 5640/68/20 5647/68/20 5646/70/20 5636/70/20
f 5649/55/19 5651/58/19 5658/57/19 5657/56/19
f 5651/58/20 5655/60/20 5659/59/20 5658/57/20
f 5655/60/21 5653/62/21 5660/61/21 5659/59/21
f 5653/62/22 5649/64/22 5657/63/22 5660/61/22
f 5651/65/23 5649/66/23 5653/62/23 5655/60/23
f 5654/67/21 5664/67/21 5663/68/21 5656/68/21
f 5650/69/24 5657/72/24 5658/71/24 5652/70/24
f 5652/70/24 5658/71/24 5659/59/24 5656/68/24
f 5656/68/24 5659/59/24 5660/61/24 5654/67/24
f 5654/67/24 5660/61/24 5657/72/24 5650/69/24
f 5663/68/24 5664/67/24 5661/69/24 5662/70/24
f 5652/70/19 5662/70/19 5661/69/19 5650/69/19
f 5650/69/22 5661/69/22 5664/67/22 5654/67/22
f 5656/68/20 5663/68/20 5662/70/20 5652/70/20
f 5665/55/19 5667/58/19 5674/57/19 5673/56/19
f 5667/58/20 5671/60/20 5675/59/20 5674/57/20
f 5671/60/21 5669/62/21 5676/61/21 5675/59/21
f 5669/62/22 5665/64/22 5673/63/22 5676/61/22
f 5667/65/23 5665/66/23 5669/62/23 5671/60/23
f 5670/67/21 5680/67/21 5679/68/21 5672/68/21
f 5666/69/24 5673/72/24 5674/71/24 5668/70/24
f 5668/70/24 5674/71/24 5675/59/24 5672/68/24
f 5672/68/24 5675/59/24 5676/61/24 5670/67/24
f 5670/67/24 5676/61/24 5673/72/24 5666/69/24
f 5679/68/24 5680/67/24 5677/69/24 5678/70/24
f 5668/70/19 5678/70/19 5677/69/19 5666/69/19
f 5666/69/22 5677/69/22 5680/67/22 5670/67/22
f 5672/68/20 5679/68/20 5678/70/20 5668/70/20
f 5681/55/19 5683/58/19 5690/57/19 5689/56/19
f 5683/58/20 5687/60/20 5691/59/20 5690/57/20
f 5687/60/21 5685/62/21 5692/61/21 5691/59/21
f 5685/62/22 5681/64/22 5689/63/22 5692/61/22
f 5683/65/23 5681/66/23 5685/62/23 5687/60/23
f 5686/67/21 5696/67/21 5695/68/21 5688/68/21
f 5682/69/24 5689/72/24 5690/71/24 5684/70/24
f 5684/70/24 5690/71/24 5691/59/24 5688/68/24
f 5688/68/24 5691/59/24 5692/61/24 5686/67/24
f 5686/67/24 5692/61/24 5689/72/24 5682/69/24
f 5695/68/24 5696/67/24 5693/69/24 5694/70/24
f 5684/70/19 5694/70/19 5693/69/19 5682/69/19
f 5682/69/22 5693/69/22 5696/67/22 5686/67/22
f 5688/68/20 5695/68/20 5694/70/20 5684/70/20
f 5697/55/19 5699/58/19 5706/57/19 5705/56/19
f 5699/58/20 5703/60/20 5707/59/20 5706/57/20
f 5703/60/21 5701/62/21 5708/61/21 5707/59/21
f 5701/62/22 5697/64/22 5705/63/22 5708/61/22
f 5699/65/23 5697/66/23 5701/62/23 5703/60/23
f 5702/67/21 5712/67/21 5711/68/21 5704/68/21
f 5698/69/24 5705/72/24 5706/71/24 5700/70/24
f 5700/70/24 5706/71/24 5707/59/24 5704/68/24
f 5704/68/24 5707/59/24 5708/61/24 5702/67/24
f 5702/67/24 5708/61/24 5705/72/24 5698/69/24
f 5711/68/24 5712/67/24 5709/69/24 5710/70/24
f 5700/70/19 5710/70/19 5709/69/19 5698/69/19
f 5698/69/22 5709/69/22 5712/67/22 5702/67/22
f 5704/68/20 5711/68/20 5710/70/20 5700/70/20
f 5713/55/19 5715/58/19 5722/57/19 5721/56/19
f 5715/58/20 5719/60/20 5723/59/20 5722/57/20
f 5719/60/21 5717/62/21 5724/61/21 5723/59/21
f 5717/62/22 5713/64/22 5721/63/22 5724/61/22
f 5715/65/23 5713/66/23 5717/62/23 5719/60/23
f 5718/67/21 5728/67/21 5727/68/21 5720/68/21
f 5714/69/24 5721/72/24 5722/71/24 5716/70/24
f 5716/70/24 5722/71/24 5723/59/24 5720/68/24
f 5720/68/24 5723/59/24 5724/61/24 5718/67/24
f 5718/67/24 5724/61/24 5721/72/24 5714/69/24
f 5727/68/24 5728/67/24 5725/69/24 5726/70/24
f 5716/70/19 5726/70/19 5725/69/19 5714/69/19
f 5714/69/22 5725/69/22 5728/67/22 5718/67/22
f 5720/68/20 5727/68/20 5726/70/20 5716/70/20
f 5729/55/19 5731/58/19 5738/57/19 5737/56/19
f 5731/58/20 5735/60/20 5739/59/20 5738/57/20
f 5735/60/21 5733/62/21 5740/61/21 5739/59/21
f 5733/62/22 5729/64/22 5737/63/22 5740/61/22
f 5731/65/23 5729/66/23 5733/62/23 5735/60/23
f 5734/67/21 5744/67/21 5743/68/21 5736/68/21
f 5730/69/24 5737/72/24 5738/71/24 5732/70/24
f 5732/70/24 5738/71/24 5739/59/24 5736/68/24
f 5736/68/24 5739/59/24 5740/61/24 5734/67/24
f 5734/67/24 5740/61/24 5737/72/24 5730/69/24
f 5743/68/24 5744/67/24 5741/69/24 5742/70/24
f 5732/70/19 5742/70/19 5741/69/19 5730/69/19
f 5730/69/22 5741/69/22 5744/67/22 5734/67/22
f 5736/68/20 5743/68/20 5742/70/20 5732/70/20
f 5745/55/19 5747/58/19 5754/57/19 5753/56/19
f 5747/58/20 5751/60/20 5755/59/20 5754/57/20
f 5751/60/21 5749/62/21 5756/61/21 5755/59/21
f 5749/62/22 5745/64/22 5753/63/22 5756/61/22
f 5747/65/23 5745/66/23 5749/62/23 5751/60/23
f 5750/67/21 5760/67/21 5759/68/21 5752/68/21
f 5746/69/24 5753/72/24 5754/71/24 5748/70/24
f 5748/70/24 5754/71/24 5755/59/24 5752/68/24
f 5752/68/24 5755/59/24 5756/61/24 5750/67/24
f 5750/67/24 5756/61/24 5753/72/24 5746/69/24
f 5759/68/24 5760/67/24 5757/69/24 5758/70/24
f 5748/70/19 5758/70/19 5757/69/19 5746/69/19
f 5746/69/22 5757/69/22 5760/67/22 5750/67/22
f 5752/68/20 5759/68/20 5758/70/20 5748/70/20
f 5761/55/19 5763/58/19 5770/57/19 5769/56/19
f 5763/58/20 5767/60/20 5771/59/20 5770/57/20
f 5767/60/21 5765/62/21 5772/61/21 5771/59/21
f 5765/62/22 5761/64/22 5769/63/22 5772/61/22
f 5763/65/23 5761/66/23 5765/62/23 5767/60/23
f 5766/67/21 5776/67/21 5775/68/21 5768/68/21
f 5762/69/24 5769/72/24 5770/71/24 5764/70/24
f 5764/70/24 5770/71/24 5771/59/24 5768/68/24
f 5768/68/24 5771/59/24 5772/61/24 5766/67/24
f 5766/67/24 5772/61/24 5769/72/24 5762/69/24
f 5775/68/24 5776/67/24 5773/69/24 5774/70/24
f 5764/70/19 5774/70/19 5773/69/19 5762/69/19
f 5762/69/22 5773/69/22 5776/67/22 5766/67/22
f 5768/68/20 5775/68/20 5774/70/20 5764/70/20
f 5777/55/19 5779/58/19 5786/57/19 5785/56/19
f 5779/58/20 5783/60/20 5787/59/20 5786/57/20
f 5783/60/21 5781/62/21 5788/61/21 5787/59/21
f 5781/62/22 5777/64/22 5785/63/22 5788/61/22
f 5779/65/23 5777/66/23 5781/62/23 5783/60/23
f 5782/67/21 5792/67/21 5791/68/21 5784/68/21
f 5778/69/24 5785/72/24 5786/71/24 5780/70/24
f 5780/70/24 5786/71/24 5787/59/24 5784/68/24
f 5784/68/24 5787/59/24 5788/61/24 5782/67/24
f 5782/67/24 5788/61/24 5785/72/24 5778/69/24
f 5791/68/24 5792/67/24 5789/69/24 5790/70/24
f 5780/70/19 5790/70/19 5789/69/19 5778/69/19
f 5778/69/22 5789/69/22 5792/67/22 5782/67/22
f 5784/68/20 5791/68/20 5790/70/20 5780/70/20
f 5793/55/19 5795/58/19 5802/57/19 5801/56/19
f 5795/58/20 5799/60/20 5803/59/20 5802/57/20
f 5799/60/21 5797/62/21 5804/61/21 5803/59/21
f 5797/62/22 5793/64/22 5801/63/22 5804/61/22
f 5795/65/23 5793/66/23 5797/62/23 5799/60/23
f 5798/67/21 5808/67/21 5807/68/21 5800/68/21
f 5794/69/24 5801/72/24 5802/71/24 5796/70/24
f 5796/70/24 5802/71/24 5803/59/24 5800/68/24
f 5800/68/24 5803/59/24 5804/61/24 5798/67/24
f 5798/67/24 5804/61/24 5801/72/24 5794/69/24
f 5807/68/24 5808/67/24 5805/69/24 5806/70/24
f 5796/70/19 5806/70/19 5805/69/19 5794/69/19
f 5794/69/22 5805/69/22 5808/67/22 5798/67/22
f 5800/68/20 5807/68/20 5806/70/20 5796/70/20
f 5809/55/19 5811/58/19 5818/57/19 5817/56/19
f 5811/58/20 5815/60/20 5819/59/20 5818/57/20
f 5815/60/21 5813/62/21 5820/61/21 5819/59/21
f 5813/62/22 5809/64/22 5817/63/22 5820/61/22
f 5811/65/23 5809/66/23 5813/62/23 5815/60/23
f 5814/67/21 5824/67/21 5823/68/21 5816/68/21
f 5810/69/24 5817/72/24 5818/71/24 5812/70/24
f 5812/70/24 5818/71/24 5819/59/24 5816/68/24
f 5816/68/24 5819/59/24 5820/61/24 5814/67/24
f 5814/67/24 5820/61/24 5817/72/24 5810/69/24
f 5823/68/24 5824/67/24 5821/69/24 5822/70/24
f 5812/70/19 5822/70/19 5821/69/19 5810/69/19
f 5810/69/22 5821/69/22 5824/67/22 5814/67/22
f 5816/68/20 5823/68/20 5822/70/20 5812/70/20
f 5825/55/19 5827/58/19 5834/57/19 5833/56/19
f 5827/58/20 5831/60/20 5835/59/20 5834/57/20
f 5831/60/21 5829/62/21 5836/61/21 5835/59/21
f 5829/62/22 5825/64/22 5833/63/22 5836/61/22
f 5827/65/23 5825/66/23 5829/62/23 5831/60/23
f 5830/67/21 5840/67/21 5839/68/21 5832/68/21
f 5826/69/24 5833/72/24 5834/71/24 5828/70/24
f 5828/70/24 5834/71/24 5835/59/24 5832/68/24
f 5832/68/24 5835/59/24 5836/61/24 5830/67/24
f 5830/67/24 5836/61/24 5833/72/24 5826/69/24
f 5839/68/24 5840/67/24 5837/69/24 5838/70/24
f 5828/70/19 5838/70/19 5837/69/19 5826/69/19
f 5826/69/22 5837/69/22 5840/67/22 5830/67/22
f 5832/68/20 5839/68/20 5838/70/20 5828/70/20
f 5841/55/19 5843/58/19 5850/57/19 5849/56/19
f 5843/58/20 5847/60/20 5851/59/20 5850/57/20
f 5847/60/21 5845/62/21 5852/61/21 5851/59/21
f 5845/62/22 5841/64/22 5849/63/22 5852/61/22
f 5843/65/23 5841/66/23 5845/62/23 5847/60/23
f 5846/67/21 5856/67/21 5855/68/21 5848/68/21
f 5842/69/24 5849/72/24 5850/71/24 5844/70/24
f 5844/70/24 5850/71/24 5851/59/24 5848/68/24
f 5848/68/24 5851/59/24 5852/61/24 5846/67/24
f 5846/67/24 5852/61/24 5849/72/24 5842/69/24
f 5855/68/24 5856/67/24 5853/69/24 5854/70/24
f 5844/70/19 5854/70/19 5853/69/19 5842/69/19
f 5842/69/22 5853/69/22 5856/67/22 5846/67/22
f 5848/68/20 5855/68/20 5854/70/20 5844/70/20
f 5857/55/19 5859/58/19 5866/57/19 5865/56/19
f 5859/58/20 5863/60/20 5867/59/20 5866/57/20
f 5863/60/21 5861/62/21 5868/61/21 5867/59/21
f 5861/62/22 5857/64/22 5865/63/22 5868/61/22
f 5859/65/23 5857/66/23 5861/62/23 5863/60/23
f 5862/67/21 5872/67/21 5871/68/21 5864/68/21
f 5858/69/24 5865/72/24 5866/71/24 5860/70/24
f 5860/70/24 5866/71/24 5867/59/24 5864/68/24
f 5864/68/24 5867/59/24 5868/61/24 5862/67/24
f 5862/67/24 5868/61/24 5865/72/24 5858/69/24
f 5871/68/24 5872/67/24 5869/69/24 5870/70/24
f 5860/70/19 5870/70/19 5869/69/19 5858/69/19
f 5858/69/22 5869/69/22 5872/67/22 5862/67/22
f 5864/68/20 5871/68/20 5870/70/20 5860/70/20
f 5873/55/19 5875/58/19 5882/57/19 5881/56/19
f 5875/58/20 5879/60/20 5883/59/20 5882/57/20
f 5879/60/21 5877/62/21 5884/61/21 5883/59/21
f 5877/62/22 5873/64/22 5881/63/22 5884/61/22
f 5875/65/23 5873/66/23 5877/62/23 5879/60/23
f 5878/67/21 5888/67/21 5887/68/21 5880/68/21
f 5874/69/24 5881/72/24 5882/71/24 5876/70/24
f 5876/70/24 5882/71/24 5883/59/24 5880/68/24
f 5880/68/24 5883/59/24 5884/61/24 5878/67/24
f 5878/67/24 5884/61/24 5881/72/24 5874/69/24
f 5887/68/24 5888/67/24 5885/69/24 5886/70/24
f 5876/70/19 5886/70/19 5885/69/19 5874/69/19
f 5874/69/22 5885/69/22 5888/67/22 5878/67/22
f 5880/68/20 5887/68/20 5886/70/20 5876/70/20
f 5889/55/19 5891/58/19 5898/57/19 5897/56/19
f 5891/58/20 5895/60/20 5899/59/20 5898/57/20
f 5895/60/21 5893/62/21 5900/61/21 5899/59/21
f 5893/62/22 5889/64/22 5897/63/22 5900/61/22
f 5891/65/23 5889/66/23 5893/62/23 5895/60/23
f 5894/67/21 5904/67/21 5903/68/21 5896/68/21
f 5890/69/24 5897/72/24 5898/71/24 5892/70/24
f 5892/70/24 5898/71/24 5899/59/24 5896/68/24
f 5896/68/24 5899/59/24 5900/61/24 5894/67/24
f 5894/67/24 5900/61/24 5897/72/24 5890/69/24
f 5903/68/24 5904/67/24 5901/69/24 5902/70/24
f 5892/70/19 5902/70/19 5901/69/19 5890/69/19
f 5890/69/22 5901/69/22 5904/67/22 5894/67/22
f 5896/68/20 5903/68/20 5902/70/20 5892/70/20
f 5905/55/19 5907/58/19 5914/57/19 5913/56/19
f 5907/58/20 5911/60/20 5915/59/20 5914/57/20
f 5911/60/21 5909/62/21 5916/61/21 5915/59/21
f 5909/62/22 5905/64/22 5913/63/22 5916/61/22
f 5907/65/23 5905/66/23 5909/62/23 5911/60/23
f 5910/67/21 5920/67/21 5919/68/21 5912/68/21
f 5906/69/24 5913/72/24 5914/71/24 5908/70/24
f 5908/70/24 5914/71/24 5915/59/24 5912/68/24
f 5912/68/24 5915/59/24 5916/61/24 5910/67/24
f 5910/67/24 5916/61/24 5913/72/24 5906/69/24
f 5919/68/24 5920/67/24 5917/69/24 5918/70/24
f 5908/70/19 5918/70/19 5917/69/19 5906/69/19
f 5906/69/22 5917/69/22 5920/67/22 5910/67/22
f 5912/68/20 5919/68/20 5918/70/20 5908/70/20
f 5921/55/19 5923/58/19 5930/57/19 5929/56/19
f 5923/58/20 5927/60/20 5931/59/20 5930/57/20
f 5927/60/21 5925/62/21 5932/61/21 5931/59/21
f 5925/62/22 5921/64/22 5929/63/22 5932/61/22
f 5923/65/23 5921/66/23 5925/62/23 5927/60/23
f 5926/67/21 5936/67/21 5935/68/21 5928/68/21
f 5922/69/24 5929/72/24 5930/71/24 5924/70/24
f 5924/70/24 5930/71/24 5931/59/24 5928/68/24
f 5928/68/24 5931/59/24 5932/61/24 5926/67/24
f 5926/67/24 5932/61/24 5929/72/24 5922/69/24
f 5935/68/24 5936/67/24 5933/69/24 5934/70/24
f 5924/70/19 5934/70/19 5933/69/19 5922/69/19
f 5922/69/22 5933/69/22 5936/67/22 5926/67/22
f 5928/68/20 5935/68/20 5934/70/20 5924/70/20
f 5937/55/19 5939/58/19 5946/57/19 5945/56/19
f 5939/58/20 5943/60/20 5947/59/20 5946/57/20
f 5943/60/21 5941/62/21 5948/61/21 5947/59/21
f 5941/62/22 5937/64/22 5945/63/22 5948/61/22
f 5939/65/23 5937/66/23 5941/62/23 5943/60/23
f 5942/67/21 5952/67/21 5951/68/21 5944/68/21
f 5938/69/24 5945/72/24 5946/71/24 5940/70/24
f 5940/70/24 5946/71/24 5947/59/24 5944/68/24
f 5944/68/24 5947/59/24 5948/61/24 5942/67/24
f 5942/67/24 5948/61/24 5945/72/24 5938/69/24
f 5951/68/24 5952/67/24 5949/69/24 5950/70/24
f 5940/70/19 5950/70/19 5949/69/19 5938/69/19
f 5938/69/22 5949/69/22 5952/67/22 5942/67/22
f 5944/68/20 5951/68/20 5950/70/20 5940/70/20
f 5953/55/19 5955/58/19 5962/57/19 5961/56/19
f 5955/58/20 5959/60/20 5963/59/20 5962/57/20
f 5959/60/21 5957/62/21 5964/61/21 5963/59/21
f 5957/62/22 5953/64/22 5961/63/22 5964/61/22
f 5955/65/23 5953/66/23 5957/62/23 5959/60/23
f 5958/67/21 5968/67/21 5967/68/21 5960/68/21
f 5954/69/24 5961/72/24 5962/71/24 5956/70/24
f 5956/70/24 5962/71/24 5963/59/24 5960/68/24
f 5960/68/24 5963/59/24 5964/61/24 5958/67/24
f 5958/67/24 5964/61/24 5961/72/24 5954/69/24
f 5967/68/24 5968/67/24 5965/69/24 5966/70/24
f 5956/70/19 5966/70/19 5965/69/19 5954/69/19
f 5954/69/22 5965/69/22 5968/67/22 5958/67/22
f 5960/68/20 5967/68/20 5966/70/20 5956/70/20
f 5969/55/19 5971/58/19 5978/57/19 5977/56/19
f 5971/58/20 5975/60/20 5979/59/20 5978/57/20
f 5975/60/21 5973/62/21 5980/61/21 5979/59/21
f 5973/62/22 5969/64/22 5977/63/22 5980/61/22
f 5971/65/23 5969/66/23 5973/62/23 5975/60/23
f 5974/67/21 5984/67/21 5983/68/21 5976/68/21
f 5970/69/24 5977/72/24 5978/71/24 5972/70/24
f 5972/70/24 5978/71/24 5979/59/24 5976/68/24
f 5976/68/24 5979/59/24 5980/61/24 5974/67/24
f 5974/67/24 5980/61/24 5977/72/24 5970/69/24
f 5983/68/24 5984/67/24 5981/69/24 5982/70/24
f 5972/70/19 5982/70/19 5981/69/19 5970/69/19
f 5970/69/22 5981/69/22 5984/67/22 5974/67/22
f 5976/68/20 5983/68/20 5982/70/20 5972/70/20
f 5985/55/19 5987/58/19 5994/57/19 5993/56/19
f 5987/58/20 5991/60/20 5995/59/20 5994/57/20
f 5991/60/21 5989/62/21 5996/61/21 5995/59/21
f 5989/62/22 5985/64/22 5993/63/22 5996/61/22
f 5987/65/23 5985/66/23 5989/62/23 5991/60/23
f 5990/67/21 6000/67/21 5999/68/21 5992/68/21
f 5986/69/24 5993/72/24 5994/71/24 5988/70/24
f 5988/70/24 5994/71/24 5995/59/24 5992/68/24
f 5992/68/24 5995/59/24 5996/61/24 5990/67/24
f 5990/67/24 5996/61/24 5993/72/24 5986/69/24
f 5999/68/24 6000/67/24 5997/69/24 5998/70/24
f 5988/70/19 5998/70/19 5997/69/19 5986/69/19
f 5986/69/22 5997/69/22 6000/67/22 5990/67/22
f 5992/68/20 5999/68/20 5998/70/20 5988/70/20
f 6001/55/19 6003/58/19 6010/57/19 6009/56/19
f 6003/58/20 6007/60/20 6011/59/20 6010/57/20
f 6007/60/21 6005/62/21 6012/61/21 6011/59/21
f 6005/62/22 6001/64/22 6009/63/22 6012/61/22
f 6003/65/23 6001/66/23 6005/62/23 6007/60/23
f 6006/67/21 6016/67/21 6015/68/21 6008/68/21
f 6002/69/24 6009/72/24 6010/71/24 6004/70/24
f 6004/70/24 6010/71/24 6011/59/24 6008/68/24
f 6008/68/24 6011/59/24 6012/61/24 6006/67/24
f 6006/67/24 6012/61/24 6009/72/24 6002/69/24
f 6015/68/24 6016/67/24 6013/69/24 6014/70/24
f 6004/70/19 6014/70/19 6013/69/19 6002/69/19
f 6002/69/22 6013/69/22 6016/67/22 6006/67/22
f 6008/68/20 6015/68/20 6014/70/20 6004/70/20
f 6017/55/19 6019/58/19 6026/57/19 6025/56/19
f 6019/58/20 6023/60/20 6027/59/20 6026/57/20
f 6023/60/21 6021/62/21 6028/61/21 6027/59/21
f 6021/62/22 6017/64/22 6025/63/22 6028/61/22
f 6019/65/23 6017/66/23 6021/62/23 6023/60/23
f 6022/67/21 6032/67/21 6031/68/21 6024/68/21
f 6018/69/24 6025/72/24 6026/71/24 6020/70/24
f 6020/70/24 6026/71/24 6027/59/24 6024/68/24
f 6024/68/24 6027/59/24 6028/61/24 6022/67/24
f 6022/67/24 6028/61/24 6025/72/24 6018/69/24
f 6031/68/24 6032/67/24 6029/69/24 6030/70/24
f 6020/70/19 6030/70/19 6029/69/19 6018/69/19
f 6018/69/22 6029/69/22 6032/67/22 6022/67/22
f 6024/68/20 6031/68/20 6030/70/20 6020/70/20
f 6033/55/19 6035/58/19 6042/57/19 6041/56/19
f 6035/58/20 6039/60/20 6043/59/20 6042/57/20
f 6039/60/21 6037/62/21 6044/61/21 6043/59/21
f 6037/62/22 6033/64/22 6041/63/22 6044/61/22
f 6035/65/23 6033/66/23 6037/62/23 6039/60/23
f 6038/67/21 6048/67/21 6047/68/21 6040/68/21
f 6034/69/24 6041/72/24 6042/71/24 6036/70/24
f 6036/70/24 6042/71/24 6043/59/24 6040/68/24
f 6040/68/24 6043/59/24 6044/61/24 6038/67/24
f 6038/67/24 6044/61/24 6041/72/24 6034/69/24
f 6047/68/24 6048/67/24 6045/69/24 6046/70/24
f 6036/70/19 6046/70/19 6045/69/19 6034/69/19
f 6034/69/22 6045/69/22 6048/67/22 6038/67/22
f 6040/68/20 6047/68/20 6046/70/20 6036/70/20
f 6049/55/19 6051/58/19 6058/57/19 6057/56/19
f 6051/58/20 6055/60/20 6059/59/20 6058/57/20
f 6055/60/21 6053/62/21 6060/61/21 6059/59/21
f 6053/62/22 6049/64/22 6057/63/22 6060/61/22
f 6051/65/23 6049/66/23 6053/62/23 6055/60/23
f 6054/67/21 6064/67/21 6063/68/21 6056/68/21
f 6050/69/24 6057/72/24 6058/71/24 6052/70/24
f 6052/70/24 6058/71/24 6059/59/24 6056/68/24
f 6056/68/24 6059/59/24 6060/61/24 6054/67/24
f 6054/67/24 6060/61/24 6057/72/24 6050/69/24
f 6063/68/24 6064/67/24 6061/69/24 6062/70/24
f 6052/70/19 6062/70/19 6061/69/19 6050/69/19
f 6050/69/22 6061/69/22 6064/67/22 6054/67/22
f 6056/68/20 6063/68/20 6062/70/20 6052/70/20
f 6065/55/19 6067/58/19 6074/57/19 6073/56/19
f 6067/58/20 6071/60/20 6075/59/20 6074/57/20
f 6071/60/21 6069/62/21 6076/61/21 6075/59/21
f 6069/62/22 6065/64/22 6073/63/22 6076/61/22
f 6067/65/23 6065/66/23 6069/62/23 6071/60/23
f 6070/67/21 6080/67/21 6079/68/21 6072/68/21
f 6066/69/24 6073/72/24 6074/71/24 6068/70/24
f 6068/70/24 6074/71/24 6075/59/24 6072/68/24
f 6072/68/24 6075/59/24 6076/61/24 6070/67/24
f 6070/67/24 6076/61/24 6073/72/24 6066/69/24
f 6079/68/24 6080/67/24 6077/69/24 6078/70/24
f 6068/70/19 6078/70/19 6077/69/19 6066/69/19
f 6066/69/22 6077/69/22 6080/67/22 6070/67/22
f 6072/68/20 6079/68/20 6078/70/20 6068/70/20
f 6081/55/19 6083/58/19 6090/57/19 6089/56/19
f 6083/58/20 6087/60/20 6091/59/20 6090/57/20
f 6087/60/21 6085/62/21 6092/61/21 6091/59/21
f 6085/62/22 6081/64/22 6089/63/22 6092/61/22
f 6083/65/23 6081/66/23 6085/62/23 6087/60/23
f 6086/67/21 6096/67/21 6095/68/21 6088/68/21
f 6082/69/24 6089/72/24 6090/71/24 6084/70/24
f 6084/70/24 6090/71/24 6091/59/24 6088/68/24
f 6088/68/24 6091/59/24 6092/61/24 6086/67/24
f 6086/67/24 6092/61/24 6089/72/24 6082/69/24
f 6095/68/24 6096/67/24 6093/69/24 6094/70/24
f 6084/70/19 6094/70/19 6093/69/19 6082/69/19
f 6082/69/22 6093/69/22 6096/67/22 6086/67/22
f 6088/68/20 6095/68/20 6094/70/20 6084/70/20
f 6097/55/19 6099/58/19 6106/57/19 6105/56/19
f 6099/58/20 6103/60/20 6107/59/20 6106/57/20
f 6103/60/21 6101/62/21 6108/61/21 6107/59/21
f 6101/62/22 6097/64/22 6105/63/22 6108/61/22
f 6099/65/23 6097/66/23 6101/62/23 6103/60/23
f 6102/67/21 6112/67/21 6111/68/21 6104/68/21
f 6098/69/24 6105/72/24 6106/71/24 6100/70/24
f 6100/70/24 6106/71/24 6107/59/24 6104/68/24
f 6104/68/24 6107/59/24 6108/61/24 6102/67/24
f 6102/67/24 6108/61/24 6105/72/24 6098/69/24
f 6111/68/24 6112/67/24 6109/69/24 6110/70/24
f 6100/70/19 6110/70/19 6109/69/19 6098/69/19
f 6098/69/22 6109/69/22 6112/67/22 6102/67/22
f 6104/68/20 6111/68/20 6110/70/20 6100/70/20
f 6113/55/19 6115/58/19 6122/57/19 6121/56/19
f 6115/58/20 6119/60/20 6123/59/20 6122/57/20
f 6119/60/21 6117/62/21 6124/61/21 6123/59/21
f 6117/62/22 6113/64/22 6121/63/22 6124/61/22
f 6115/65/23 6113/66/23 6117/62/23 6119/60/23
f 6118/67/21 6128/67/21 6127/68/21 6120/68/21
f 6114/69/24 6121/72/24 6122/71/24 6116/70/24
f 6116/70/24 6122/71/24 6123/59/24 6120/68/24
f 6120/68/24 6123/59/24 6124/61/24 6118/67/24
f 6118/67/24 6124/61/24 6121/72/24 6114/69/24
f 6127/68/24 6128/67/24 6125/69/24 6126/70/24
f 6116/70/19 6126/70/19 6125/69/19 6114/69/19
f 6114/69/22 6125/69/22 6128/67/22 6118/67/22
f 6120/68/20 6127/68/20 6126/70/20 6116/70/20
f 6129/55/19 6131/58/19 6138/57/19 6137/56/19
f 6131/58/20 6135/60/20 6139/59/20 6138/57/20
f 6135/60/21 6133/62/21 6140/61/21 6139/59/21
f 6133/62/22 6129/64/22 6137/63/22 6140/61/22
f 6131/65/23 6129/66/23 6133/62/23 6135/60/23
f 6134/67/21 6144/67/21 6143/68/21 6136/68/21
f 6130/69/24 6137/72/24 6138/71/24 6132/70/24
f 6132/70/24 6138/71/24 6139/59/24 6136/68/24
f 6136/68/24 6139/59/24 6140/61/24 6134/67/24
f 6134/67/24 6140/61/24 6137/72/24 6130/69/24
f 6143/68/24 6144/67/24 6141/69/24 6142/70/24
f 6132/70/19 6142/70/19 6141/69/19 6130/69/19
f 6130/69/22 6141/69/22 6144/67/22 6134/67/22
f 6136/68/20 6143/68/20 6142/70/20 6132/70/20
f 6145/55/19 6147/58/19 6154/57/19 6153/56/19
f 6147/58/20 6151/60/20 6155/59/20 6154/57/20
f 6151/60/21 6149/62/21 6156/61/21 6155/59/21
f 6149/62/22 6145/64/22 6153/63/22 6156/61/22
f 6147/65/23 6145/66/23 6149/62/23 6151/60/23
f 6150/67/21 6160/67/21 6159/68/21 6152/68/21
f 6146/69/24 6153/72/24 6154/71/24 6148/70/24
f 6148/70/24 6154/71/24 6155/59/24 6152/68/24
f 6152/68/24 6155/59/24 6156/61/24 6150/67/24
f 6150/67/24 6156/61/24 6153/72/24 6146/69/24
f 6159/68/24 6160/67/24 6157/69/24 6158/70/24
f 6148/70/19 6158/70/19 6157/69/19 6146/69/19
f 6146/69/22 6157/69/22 6160/67/22 6150/67/22
f 6152/68/20 6159/68/20 6158/70/20 6148/70/20
f 6161/55/19 6163/58/19 6170/57/19 6169/56/19
f 6163/58/20 6167/60/20 6171/59/20 6170/57/20
f 6167/60/21 6165/62/21 6172/61/21 6171/59/21
f 6165/62/22 6161/64/22 6169/63/22 6172/61/22
f 6163/65/23 6161/66/23 6165/62/23 6167/60/23
f 6166/67/21 6176/67/21 6175/68/21 6168/68/21
f 6162/69/24 6169/72/24 6170/71/24 6164/70/24
f 6164/70/24 6170/71/24 6171/59/24 6168/68/24
f 6168/68/24 6171/59/24 6172/61/24 6166/67/24
f 6166/67/24 6172/61/24 6169/72/24 6162/69/24
f 6175/68/24 6176/67/24 6173/69/24 6174/70/24
f 6164/70/19 6174/70/19 6173/69/19 6162/69/19
f 6162/69/22 6173/69/22 6176/67/22 6166/67/22
f 6168/68/20 6175/68/20 6174/70/20 6164/70/20
f 6177/55/19 6179/58/19 6186/57/19 6185/56/19
f 6179/58/20 6183/60/20 6187/59/20 6186/57/20
f 6183/60/21 6181/62/21 6188/61/21 6187/59/21
f 6181/62/22 6177/64/22 6185/63/22 6188/61/22
f 6179/65/23 6177/66/23 6181/62/23 6183/60/23
f 6182/67/21 6192/67/21 6191/68/21 6184/68/21
f 6178/69/24 6185/72/24 6186/71/24 6180/70/24
f 6180/70/24 6186/71/24 6187/59/24 6184/68/24
f 6184/68/24 6187/59/24 6188/61/24 6182/67/24
f 6182/67/24 6188/61/24 6185/72/24 6178/69/24
f 6191/68/24 6192/67/24 6189/69/24 6190/70/24
f 6180/70/19 6190/70/19 6189/69/19 6178/69/19
f 6178/69/22 6189/69/22 6192/67/22 6182/67/22
f 6184/68/20 6191/68/20 6190/70/20 6180/70/20
f 6193/55/19 6195/58/19 6202/57/19 6201/56/19
f 6195/58/20 6199/60/20 6203/59/20 6202/57/20
f 6199/60/21 6197/62/21 6204/61/21 6203/59/21
f 6197/62/22 6193/64/22 6201/63/22 6204/61/22
f 6195/65/23 6193/66/23 6197/62/23 6199/60/23
f 6198/67/21 6208/67/21 6207/68/21 6200/68/21
f 6194/69/24 6201/72/24 6202/71/24 6196/70/24
f 6196/70/24 6202/71/24 6203/59/24 6200/68/24
f 6200/68/24 6203/59/24 6204/61/24 6198/67/24
f 6198/67/24 6204/61/24 6201/72/24 6194/69/24
f 6207/68/24 6208/67/24 6205/69/24 6206/70/24
f 6196/70/19 6206/70/19 6205/69/19 6194/69/19
f 6194/69/22 6205/69/22 6208/67/22 6198/67/22
f 6200/68/20 6207/68/20 6206/70/20 6196/70/20
f 6209/55/19 6211/58/19 6218/57/19 6217/56/19
f 6211/58/20 6215/60/20 6219/59/20 6218/57/20
f 6215/60/21 6213/62/21 6220/61/21 6219/59/21
f 6213/62/22 6209/64/22 6217/63/22 6220/61/22
f 6211/65/23 6209/66/23 6213/62/23 6215/60/23
f 6214/67/21 6224/67/21 6223/68/21 6216/68/21
f 6210/69/24 6217/72/24 6218/71/24 6212/70/24
f 6212/70/24 6218/71/24 6219/59/24 6216/68/24
f 6216/68/24 6219/59/24 6220/61/24 6214/67/24
f 6214/67/24 6220/61/24 6217/72/24 6210/69/24
f 6223/68/24 6224/67/24 6221/69/24 6222/70/24
f 6212/70/19 6222/70/19 6221/69/19 6210/69/19
f 6210/69/22 6221/69/22 6224/67/22 6214/67/22
f 6216/68/20 6223/68/20 6222/70/20 6212/70/20
f 6225/55/19 6227/58/19 6234/57/19 6233/56/19
f 6227/58/20 6231/60/20 6235/59/20 6234/57/20
f 6231/60/21 6229/62/21 6236/61/21 6235/59/21
f 6229/62/22 6225/64/22 6233/63/22 6236/61/22
f 6227/65/23 6225/66/23 6229/62/23 6231/60/23
f 6230/67/21 6240/67/21 6239/68/21 6232/68/21
f 6226/69/24 6233/72/24 6234/71/24 6228/70/24
f 6228/70/24 6234/71/24 6235/59/24 6232/68/24
f 6232/68/24 6235/59/24 6236/61/24 6230/67/24
f 6230/67/24 6236/61/24 6233/72/24 6226/69/24
f 6239/68/24 6240/67/24 6237/69/24 6238/70/24
f 6228/70/19 6238/70/19 6237/69/19 6226/69/19
f 6226/69/22 6237/69/22 6240/67/22 6230/67/22
f 6232/68/20 6239/68/20 6238/70/20 6228/70/20
f 6241/55/19 6243/58/19 6250/57/19 6249/56/19
f 6243/58/20 6247/60/20 6251/59/20 6250/57/20
f 6247/60/21 6245/62/21 6252/61/21 6251/59/21
f 6245/62/22 6241/64/22 6249/63/22 6252/61/22
f 6243/65/23 6241/66/23 6245/62/23 6247/60/23
f 6246/67/21 6256/67/21 6255/68/21 6248/68/21
f 6242/69/24 6249/72/24 6250/71/24 6244/70/24
f 6244/70/24 6250/71/24 6251/59/24 6248/68/24
f 6248/68/24 6251/59/24 6252/61/24 6246/67/24
f 6246/67/24 6252/61/24 6249/72/24 6242/69/24
f 6255/68/24 6256/67/24 6253/69/24 6254/70/24
f 6244/70/19 6254/70/19 6253/69/19 6242/69/19
f 6242/69/22 6253/69/22 6256/67/22 6246/67/22
f 6248/68/20 6255/68/20 6254/70/20 6244/70/20
f 6257/55/19 6259/58/19 6266/57/19 6265/56/19
f 6259/58/20 6263/60/20 6267/59/20 6266/57/20
f 6263/60/21 6261/62/21 6268/61/21 6267/59/21
f 6261/62/22 6257/64/22 6265/63/22 6268/61/22
f 6259/65/23 6257/66/23 6261/62/23 6263/60/23
f 6262/67/21 6272/67/21 6271/68/21 6264/68/21
f 6258/69/24 6265/72/24 6266/71/24 6260/70/24
f 6260/70/24 6266/71/24 6267/59/24 6264/68/24
f 6264/68/24 6267/59/24 6268/61/24 6262/67/24
f 6262/67/24 6268/61/24 6265/72/24 6258/69/24
f 6271/68/24 6272/67/24 6269/69/24 6270/70/24
f 6260/70/19 6270/70/19 6269/69/19 6258/69/19
f 6258/69/22 6269/69/22 6272/67/22 6262/67/22
f 6264/68/20 6271/68/20 6270/70/20 6260/70/20
f 6273/55/19 6275/58/19 6282/57/19 6281/56/19
f 6275/58/20 6279/60/20 6283/59/20 6282/57/20
f 6279/60/21 6277/62/21 6284/61/21 6283/59/21
f 6277/62/22 6273/64/22 6281/63/22 6284/61/22
f 6275/65/23 6273/66/23 6277/62/23 6279/60/23
f 6278/67/21 6288/67/21 6287/68/21 6280/68/21
f 6274/69/24 6281/72/24 6282/71/24 6276/70/24
f 6276/70/24 6282/71/24 6283/59/24 6280/68/24
f 6280/68/24 6283/59/24 6284/61/24 6278/67/24
f 6278/67/24 6284/61/24 6281/72/24 6274/69/24
f 6287/68/24 6288/67/24 6285/69/24 6286/70/24
f 6276/70/19 6286/70/19 6285/69/19 6274/69/19
f 6274/69/22 6285/69/22 6288/67/22 6278/67/22
f 6280/68/20 6287/68/20 6286/70/20 6276/70/20
f 6289/55/19 6291/58/19 6298/57/19 6297/56/19
f 6291/58/20 6295/60/20 6299/59/20 6298/57/20
f 6295/60/21 6293/62/21 6300/61/21 6299/59/21
f 6293/62/22 6289/64/22 6297/63/22 6300/61/22
f 6291/65/23 6289/66/23 6293/62/23 6295/60/23
f 6294/67/21 6304/67/21 6303/68/21 6296/68/21
f 6290/69/24 6297/72/24 6298/71/24 6292/70/24
f 6292/70/24 6298/71/24 6299/59/24 6296/68/24
f 6296/68/24 6299/59/24 6300/61/24 6294/67/24
f 6294/67/24 6300/61/24 6297/72/24 6290/69/24
f 6303/68/24 6304/67/24 6301/69/24 6302/70/24
f 6292/70/19 6302/70/19 6301/69/19 6290/69/19
f 6290/69/22 6301/69/22 6304/67/22 6294/67/22
f 6296/68/20 6303/68/20 6302/70/20 6292/70/20
f 6305/55/19 6307/58/19 6314/57/19 6313/56/19
f 6307/58/20 6311/60/20 6315/59/20 6314/57/20
f 6311/60/21 6309/62/21 6316/61/21 6315/59/21
f 6309/62/22 6305/64/22 6313/63/22 6316/61/22
f 6307/65/23 6305/66/23 6309/62/23 6311/60/23
f 6310/67/21 6320/67/21 6319/68/21 6312/68/21
f 6306/69/24 6313/72/24 6314/71/24 6308/70/24
f 6308/70/24 6314/71/24 6315/59/24 6312/68/24
f 6312/68/24 6315/59/24 6316/61/24 6310/67/24
f 6310/67/24 6316/61/24 6313/72/24 6306/69/24
f 6319/68/24 6320/67/24 6317/69/24 6318/70/24
f 6308/70/19 6318/70/19 6317/69/19 6306/69/19
f 6306/69/22 6317/69/22 6320/67/22 6310/67/22
f 6312/68/20 6319/68/20 6318/70/20 6308/70/20
f 6321/55/19 6323/58/19 6330/57/19 6329/56/19
f 6323/58/20 6327/60/20 6331/59/20 6330/57/20
f 6327/60/21 6325/62/21 6332/61/21 6331/59/21
f 6325/62/22 6321/64/22 6329/63/22 6332/61/22
f 6323/65/23 6321/66/23 6325/62/23 6327/60/23
f 6326/67/21 6336/67/21 6335/68/21 6328/68/21
f 6322/69/24 6329/72/24 6330/71/24 6324/70/24
f 6324/70/24 6330/71/24 6331/59/24 6328/68/24
f 6328/68/24 6331/59/24 6332/61/24 6326/67/24
f 6326/67/24 6332/61/24 6329/72/24 6322/69/24
f 6335/68/24 6336/67/24 6333/69/24 6334/70/24
f 6324/70/19 6334/70/19 6333/69/19 6322/69/19
f 6322/69/22 6333/69/22 6336/67/22 6326/67/22
f 6328/68/20 6335/68/20 6334/70/20 6324/70/20
f 6337/55/19 6339/58/19 6346/57/19 6345/56/19
f 6339/58/20 6343/60/20 6347/59/20 6346/57/20
f 6343/60/21 6341/62/21 6348/61/21 6347/59/21
f 6341/62/22 6337/64/22 6345/63/22 6348/61/22
f 6339/65/23 6337/66/23 6341/62/23 6343/60/23
f 6342/67/21 6352/67/21 6351/68/21 6344/68/21
f 6338/69/24 6345/72/24 6346/71/24 6340/70/24
f 6340/70/24 6346/71/24 6347/59/24 6344/68/24
f 6344/68/24 6347/59/24 6348/61/24 6342/67/24
f 6342/67/24 6348/61/24 6345/72/24 6338/69/24
f 6351/68/24 6352/67/24 6349/69/24 6350/70/24
f 6340/70/19 6350/70/19 6349/69/19 6338/69/19
f 6338/69/22 6349/69/22 6352/67/22 6342/67/22
f 6344/68/20 6351/68/20 6350/70/20 6340/70/20
f 6353/55/19 6355/58/19 6362/57/19 6361/56/19
f 6355/58/20 6359/60/20 6363/59/20 6362/57/20
f 6359/60/21 6357/62/21 6364/61/21 6363/59/21
f 6357/62/22 6353/64/22 6361/63/22 6364/61/22
f 6355/65/23 6353/66/23 6357/62/23 6359/60/23
f 6358/67/21 6368/67/21 6367/68/21 6360/68/21
f 6354/69/24 6361/72/24 6362/71/24 6356/70/24
f 6356/70/24 6362/71/24 6363/59/24 6360/68/24
f 6360/68/24 6363/59/24 6364/61/24 6358/67/24
f 6358/67/24 6364/61/24 6361/72/24 6354/69/24
f 6367/68/24 6368/67/24 6365/69/24 6366/70/24
f 6356/70/19 6366/70/19 6365/69/19 6354/69/19
f 6354/69/22 6365/69/22 6368/67/22 6358/67/22
f 6360/68/20 6367/68/20 6366/70/20 6356/70/20
f 6369/55/19 6371/58/19 6378/57/19 6377/56/19
f 6371/58/20 6375/60/20 6379/59/20 6378/57/20
f 6375/60/21 6373/62/21 6380/61/21 6379/59/21
f 6373/62/22 6369/64/22 6377/63/22 6380/61/22
f 6371/65/23 6369/66/23 6373/62/23 6375/60/23
f 6374/67/21 6384/67/21 6383/68/21 6376/68/21
f 6370/69/24 6377/72/24 6378/71/24 6372/70/24
f 6372/70/24 6378/71/24 6379/59/24 6376/68/24
f 6376/68/24 6379/59/24 6380/61/24 6374/67/24
f 6374/67/24 6380/61/24 6377/72/24 6370/69/24
f 6383/68/24 6384/67/24 6381/69/24 6382/70/24
f 6372/70/19 6382/70/19 6381/69/19 6370/69/19
f 6370/69/22 6381/69/22 6384/67/22 6374/67/22
f 6376/68/20 6383/68/20 6382/70/20 6372/70/20
f 6385/55/19 6387/58/19 6394/57/19 6393/56/19
f 6387/58/20 6391/60/20 6395/59/20 6394/57/20
f 6391/60/21 6389/62/21 6396/61/21 6395/59/21
f 6389/62/22 6385/64/22 6393/63/22 6396/61/22
f 6387/65/23 6385/66/23 6389/62/23 6391/60/23
f 6390/67/21 6400/67/21 6399/68/21 6392/68/21
f 6386/69/24 6393/72/24 6394/71/24 6388/70/24
f 6388/70/24 6394/71/24 6395/59/24 6392/68/24
f 6392/68/24 6395/59/24 6396/61/24 6390/67/24
f 6390/67/24 6396/61/24 6393/72/24 6386/69/24
f 6399/68/24 6400/67/24 6397/69/24 6398/70/24
f 6388/70/19 6398/70/19 6397/69/19 6386/69/19
f 6386/69/22 6397/69/22 6400/67/22 6390/67/22
f 6392/68/20 6399/68/20 6398/70/20 6388/70/20
